title,price,rating,reviews_count,free_delivery,deal_badge,amoled,hd_display,lcd,oled,gps,bluetooth,calling,alexa,heart_rate,spo2,sleep,blood_oxygen,sports,fitness_tracker,step_counter,waterproof,ip68,ip67,5atm,men,women,kids,short_name,price_segment,is_popular
"fire-boltt ninja call pro bluetooth calling smart watch, 1.69″ hd display,dual chip,ai voice assistant, 120+ sports modes, spo2 & heart rate monitor, fitness tracker smartwatch for men & women - black",999.0,3.9,120000.0,True,,0,1,0,0,0,1,1,0,1,1,0,0,1,1,0,0,0,0,0,1,1,0,fire-boltt ninja call pro bluetooth,Budget,0
"fire-boltt ninja call pro plus bluetooth calling smart watch, 1.83″ hd display, ai voice assistant, 120+ sports modes, ip67 waterproof, spo2 & heart rate monitor smartwatch for men & women - black",1099.0,3.9,120000.0,True,,0,1,0,0,0,1,1,0,1,1,0,0,1,0,0,1,0,1,0,1,1,0,fire-boltt ninja call pro plus,Budget,0
"fastrack limitless glide x 1.83"" smart watch with ultra uv hd display, spo2, heart rate & sleep tracking, bluetooth calling, 100+ sports modes, 5-day battery, smartwatch for men & women (black)",1299.0,4.0,3600.0,True,,0,1,0,0,0,1,1,0,1,1,1,0,1,0,0,0,0,0,0,1,1,0,"fastrack limitless glide x 1.83""",Budget,1
"fire-boltt ninja call pro plus bluetooth calling smart watch, 1.83″ hd display, ai voice assistant, 120+ sports modes, ip67 waterproof, spo2 & heart rate monitor smartwatch for men & women - blue",1099.0,3.9,120000.0,True,,0,1,0,0,0,1,1,0,1,1,0,0,1,0,0,1,0,1,0,1,1,0,fire-boltt ninja call pro plus,Budget,0
"boat wave call 3 smartwatch 1.83” hd display with animated watch faces; bt calling, functional crown, multiple sports modes, ip68, hr, spo2 monitor, smart watches for men & women (bold black)",1399.0,4.1,25600.0,True,Amazon's,0,1,0,0,0,0,1,0,0,1,0,0,1,0,0,0,1,0,0,1,1,0,boat wave call 3 smartwatch,Budget,1
"fire-boltt talk round smart watch 1.39″ tft display with bluetooth calling, dual button, voice assistance, spo₂ & heart rate monitor, 120+ sports modes, smartwatch for men & women - green",1099.0,4.0,60100.0,True,Limited time deal,0,0,0,0,0,1,1,0,1,0,0,0,1,0,0,0,0,0,0,1,1,0,fire-boltt talk round smart watch,Budget,1
"fire-boltt ninja call pro max bluetooth calling smart watch, 2.01"" hd display, 120+ sports modes, health suite, ai voice assistance, spo2 & heart rate monitor smartwatch for men & women - grey",1199.0,3.9,120000.0,True,,0,1,0,0,0,1,1,0,1,1,0,0,1,0,0,0,0,0,0,1,1,0,fire-boltt ninja call pro max,Budget,0
"fire-boltt talk round smart watch 1.39″ tft display with bluetooth calling, dual button, voice assistance, spo₂ & heart rate monitor, 120+ sports modes, metal smartwatch for men & women - gold",1099.0,4.0,60100.0,True,Limited time deal,0,0,0,0,0,1,1,0,1,0,0,0,1,0,0,0,0,0,0,1,1,0,fire-boltt talk round smart watch,Budget,1
"noise twist round dial smart watch with bluetooth calling, 1.38"" tft display, up-to 7 days battery, 100+ watch faces, ip68, heart rate monitor, sleep tracking (jet black)",1399.0,4.0,12200.0,True,,0,0,0,0,0,1,1,0,1,0,1,0,0,0,0,0,1,0,0,0,0,0,noise twist round dial smart,Budget,1
"noise pulse 2 max 1.85"" display, bluetooth calling smart watch, 10 days battery, 550 nits brightness, smart dnd, 100 sports modes, smartwatch for men and women (jet black)",1499.0,4.0,24400.0,True,,0,0,0,0,0,1,1,0,0,0,0,0,1,0,0,0,0,0,0,1,1,0,"noise pulse 2 max 1.85""",Budget,1
"fire-boltt phoenix pro round smart watch 1.39″ hd display with bluetooth calling, ai voice assistant, spo2 & heart rate monitor, 120+ sports modes, ip67 waterproof smartwatch for men & women - grey",1399.0,3.9,100000.0,True,,0,1,0,0,0,1,1,0,1,1,0,0,1,0,0,1,0,1,0,1,1,0,fire-boltt phoenix pro round smart,Budget,0
"noise twist go round dial smartwatch with bt calling, 1.39"" display, metal build, 100+ watch faces, ip68, sleep tracking, 100+ sports modes, 24/7 heart rate monitoring (jet black)",1599.0,3.7,1800.0,True,,0,0,0,0,0,0,1,0,1,0,1,0,1,0,0,0,1,0,0,0,0,0,noise twist go round dial,Budget,0
"fire-boltt rise smart watch 1.85″ with bluetooth calling, ai voice assistant, rotating crown, spo2 & heart rate monitor, 123 sports modes, ip67 waterproof metal smartwatch for men & women - black",1299.0,4.0,40800.0,True,,0,0,0,0,0,1,1,0,1,1,0,0,1,0,0,1,0,1,0,1,1,0,fire-boltt rise smart watch 1.85″,Budget,1
"boat wave call 3 smartwatch 1.83” hd display with animated watch faces; bt calling, functional crown, multiple sports modes, ip68, hr, spo2 monitor, smart watches for men & women (timber brown)",1399.0,4.1,25600.0,True,,0,1,0,0,0,0,1,0,0,1,0,0,1,0,0,0,1,0,0,1,1,0,boat wave call 3 smartwatch,Budget,1
"fire-boltt ninja call pro bluetooth calling smart watch, 1.69″ hd display, dual chip,ai voice assistant, 120+ sports modes, spo2 & heart rate monitor, fitness tracker smartwatch for men & women - pink",999.0,3.9,120000.0,True,,0,1,0,0,0,1,1,0,1,1,0,0,1,1,0,0,0,0,0,1,1,0,fire-boltt ninja call pro bluetooth,Budget,0
"noise pulse 2 max 1.85"" display, bluetooth calling smart watch, 10 days battery, 550 nits brightness, smart dnd, 100 sports modes, smartwatch for men and women (deep wine)",1499.0,4.0,24400.0,True,,0,0,0,0,0,1,1,0,0,0,0,0,1,0,0,0,0,0,0,1,1,0,"noise pulse 2 max 1.85""",Budget,1
"noise pulse 2 max 1.85"" display, bluetooth calling smart watch, 10 days battery, 550 nits brightness, smart dnd, 100 sports modes, smartwatch for men and women (midnight blue)",1499.0,4.0,24400.0,True,,0,0,0,0,0,1,1,0,0,0,0,0,1,0,0,0,0,0,0,1,1,0,"noise pulse 2 max 1.85""",Budget,1
"fastrack limitless fs2+ smart watch, 2.01"" ultravu display, functional crown, singlesync bt calling, 110+ sports modes, 200+ smartwatch faces, upto 7 day battery, ai voice assistant (teal)",1599.0,4.0,1300.0,True,,0,0,0,0,0,0,1,0,0,0,0,0,1,0,0,0,0,0,0,0,0,0,"fastrack limitless fs2+ smart watch,",Budget,1
"noise twist go round dial smartwatch with bt calling, 1.39"" display, metal build, 100+ watch faces, ip68, sleep tracking, 100+ sports modes, 24/7 heart rate monitoring (rose pink)",1599.0,4.0,1300.0,True,,0,0,0,0,0,0,1,0,1,0,1,0,1,0,0,0,1,0,0,0,0,0,noise twist go round dial,Budget,1
"goboult drift+ smart watch 1.85''hd screen, bluetooth calling, ip68, 500 nits brightness,150+ watchfaces, ai voice assistant, spo2 monitoring, 100+ sports smartwatch (black coffee)",1199.0,4.0,717.0,True,,0,0,0,0,0,1,1,0,0,1,0,0,1,0,0,0,1,0,0,0,0,0,goboult drift+ smart watch 1.85''hd,Budget,0
"fire-boltt talk round smart watch 1.39″ tft display with bluetooth calling, dual button, voice assistance, spo₂ & heart rate monitor, 120+ sports modes, smartwatch for men & women - black",1099.0,4.0,60100.0,True,,0,0,0,0,0,1,1,0,1,0,0,0,1,0,0,0,0,0,0,1,1,0,fire-boltt talk round smart watch,Budget,1
"fastrack limitless glide x 1.83"" smart watch with ultra uv hd display, spo2, heart rate & sleep tracking, bluetooth calling, 100+ sports modes, 5-day battery, smartwatch for men & women (blue)",1299.0,3.9,337.0,True,,0,1,0,0,0,1,1,0,1,1,1,0,1,0,0,0,0,0,0,1,1,0,"fastrack limitless glide x 1.83""",Budget,0
"fire-boltt talk round smart watch 1.39″ tft display with bluetooth calling, dual button, voice assistance, spo₂ & heart rate monitor, 120+ sports modes, smartwatch for men & women - beige",1099.0,4.0,60100.0,True,Limited time deal,0,0,0,0,0,1,1,0,1,0,0,0,1,0,0,0,0,0,0,1,1,0,fire-boltt talk round smart watch,Budget,1
"amazfit gtr 3 pro (smartchoice) 46mm smart watch with bt phone calls, bp monitoring, 1.45”amoled display, 24/7 hr tracking, alexa, gps, wifi, 12-day battery life,150 sports modes(infinite black)",9999.0,3.9,1600.0,True,,1,0,0,1,1,0,0,1,0,0,0,0,1,0,0,0,0,0,0,0,0,0,amazfit gtr 3 pro (smartchoice),Premium,0
"fastrack new limitless x2 smart watch, 1.91"" ultravu with rotating crown, 60 hz refresh rate, advanced chipset, singlesync bt calling, 100+ sports mode & smartwatch faces, ip68, (black)",1699.0,4.0,2400.0,True,,0,0,0,0,0,0,1,0,0,0,0,0,1,0,0,0,1,0,0,0,0,0,fastrack new limitless x2 smart,Budget,1
"fastrack astor fr2 pro 1.43"" amoled stainless steel smart watch with spo2, heart rate, bt calling, adaptive aod, functional crown, ai voice assistant – smartwatch for stylish professionals (black)",3499.0,4.2,1100.0,True,,1,0,0,1,0,0,1,0,1,1,0,0,0,0,0,0,0,0,0,0,0,0,"fastrack astor fr2 pro 1.43""",Mid-Range,1
"oneplus watch 2 with wear os 4,snapdragon w5 chipset,upto 100hrs battery life,1.43’’ amoled display, stainless steel & sapphire crystal build,dual frequency gps, 5 atm, ip68 & bt calling (black steel)",14499.0,4.4,738.0,True,,1,0,0,1,1,0,1,0,0,0,0,0,0,0,0,0,1,0,0,0,0,0,oneplus watch 2 with wear,Premium,0
"noise colorfit pulse 3 with 1.96"" biggest display bluetooth calling smart watch, premium build, auto sport detection & 170+ watch faces smartwatch for men & women - midnight black",1499.0,3.9,5100.0,True,,0,0,0,0,0,1,1,0,0,0,0,0,0,0,0,0,0,0,0,1,1,0,noise colorfit pulse 3 with,Budget,0
"titan celestor 1.43"" amoled smart watch with built-in gps, advanced health intelligence, ai voice assistant, aluminium case, 100+ sports modes, water resistance – smartwatch for men & women (blue)",9995.0,4.0,411.0,True,,1,0,0,1,1,0,0,0,0,0,0,0,1,0,0,0,0,0,0,1,1,0,"titan celestor 1.43"" amoled smart",Premium,0
"fastrack limitless fs2 pro 1.96"" amoled smart watch with bt calling, ai voice assistant, 100+ sports modes, 5-day battery, fast charge, health tracking, – smartwatch for men& women (black)(38086pp01k)",2995.0,3.9,1500.0,True,,1,0,0,1,0,0,1,0,0,0,0,0,1,0,0,0,0,0,0,1,1,0,"fastrack limitless fs2 pro 1.96""",Budget,0
"redmi watch 5 lite, 1.96"" amoled, advanced in-built gps, 5 atm, 18 day battery, bluetooth calling with ai noise reduction, always on display, black",3499.0,4.1,1500.0,True,,1,0,0,1,1,1,1,0,0,0,0,0,0,0,0,0,0,0,0,0,0,0,"redmi watch 5 lite, 1.96""",Mid-Range,1
"fire-boltt ninja phantom smart watch 1.83” display, transparent clear body design, bluetooth calling, 120+ sports modes, voice assistant, ai outfit watch face smartwatch for men & women shadow black",999.0,4.0,1500.0,True,,0,0,0,0,0,1,1,0,0,0,0,0,1,0,0,0,0,0,0,1,1,0,fire-boltt ninja phantom smart watch,Budget,1
"noisefit halo 1.43"" amoled display, bluetooth calling round dial smart watch, premium metallic build, always on display, smart gesture control, 100 sports modes (jet black)",2999.0,3.9,2300.0,True,,1,0,0,1,0,1,1,0,0,0,0,0,1,0,0,0,0,0,0,0,0,0,"noisefit halo 1.43"" amoled display,",Budget,0
"boat wave sigma 3 curv smartwatch with 2.01” (5.33 cm) immersive curved display, metallic finish, functional crown, bt calling, sleep, stress, heart rate & spo2 monitoring, sos, ip68(timber brown)",1499.0,5.0,3.0,True,,0,0,0,0,0,0,1,0,1,1,1,0,0,0,0,0,1,0,0,0,0,0,boat wave sigma 3 curv,Budget,0
"noise pulse go buzz smart watch with advanced bluetooth calling, 1.69"" tft display, spo2, 100 sports mode with auto detection, upto 7 days battery (2 days with heavy calling) - midnight blue",1499.0,4.0,24100.0,True,,0,0,0,0,0,1,1,0,0,1,0,0,1,0,0,0,0,0,0,0,0,0,noise pulse go buzz smart,Budget,1
"redmi watch 5 lite, 1.96"" amoled, advanced in-built gps, 5 atm, 18 day battery, bluetooth calling with ai noise reduction, always on display, light gold",3499.0,4.1,1500.0,True,,1,0,0,1,1,1,1,0,0,0,0,0,0,0,0,0,0,0,0,0,0,0,"redmi watch 5 lite, 1.96""",Mid-Range,1
"noise vortex plus 1.46 amoled display, aod, bt calling, sleek metal finish, 7 days battery life, all new os with 100+ watch faces & health suite (jet black)",2199.0,4.0,56200.0,True,,1,0,0,1,0,0,1,0,0,0,0,0,0,0,0,0,0,0,0,0,0,0,noise vortex plus 1.46 amoled,Budget,1
"boat lunar discovery w/ 1.39"" (3.5 cm) hd display, turn-by-turn navigation, diy watch face studio, bluetooth calling, emergency sos, qr tray, smart watch for men & women(active black)",1499.0,3.8,5600.0,True,,0,1,0,0,0,1,1,0,0,0,0,0,0,0,0,0,0,0,0,1,1,0,"boat lunar discovery w/ 1.39""",Budget,0
"fire-boltt ninja call pro max ultra bluetooth calling smart watch, 2.01”hd display, ai outfit watch face, 2 looks in 1 watch, extra straps at ₹99, 120+ sports modes, smartwatch for men & women (black)",1099.0,3.3,829.0,True,,0,1,0,0,0,1,1,0,0,0,0,0,1,0,0,0,0,0,0,1,1,0,fire-boltt ninja call pro max,Budget,0
"oneplus watch 2r with wear os 4 by google,snapdragon w5 chipset,upto 100hrs battery life,1.43’’ amoled display,100+ sports mode,dual frequency gps,5 atm,ip68 & bt calling [forest green]",13499.0,4.3,659.0,True,,1,0,0,1,1,0,1,0,0,0,0,0,1,0,0,0,1,0,0,0,0,0,oneplus watch 2r with wear,Premium,0
"fire-boltt axiom round smart watch 1.43″ super amoled display with always‑on mode, bluetooth calling, rotating crown, spo₂ & heart rate monitor, ip67 waterproof silicone smartwatch for men - black",1999.0,4.0,3400.0,True,Limited time deal,1,0,0,1,0,1,1,0,1,0,0,0,0,0,0,1,0,1,0,1,0,0,fire-boltt axiom round smart watch,Budget,1
"fire-boltt talk round bluetooth calling smart watch, 1.39”tft display, ai outfit watch face, 2 looks in 1 watch, extra straps at ₹99, 120+ sports modes, smartwatch for men & women (black)",1299.0,4.0,60100.0,True,,0,0,0,0,0,1,1,0,0,0,0,0,1,0,0,0,0,0,0,1,1,0,fire-boltt talk round bluetooth calling,Budget,1
"nervfit blaze smartwatch 1.4"" led display, bluetooth calling, ip67 waterproof, heart rate & spo2 monitor, sleep & stress tracking, 7-day battery, fitness & sports modes (vibrant gold)",2149.0,3.3,60.0,True,,0,0,0,0,0,1,1,0,1,1,1,0,1,0,0,1,0,1,0,0,0,0,"nervfit blaze smartwatch 1.4"" led",Budget,0
"boat wave call smart watch for men & women, bluetooth calling, 1.69"" (4.2 cm) display w/ 550 nits, 150+ watch faces, multi-sport modes,hr,spo2, ip68 (bold black)",1349.0,3.9,28400.0,True,,0,0,0,0,0,1,1,0,0,1,0,0,0,0,0,0,1,0,0,1,1,0,boat wave call smart watch,Budget,0
"fire-boltt phoenix round smart watch 1.38″ hd display with bluetooth calling, spo2 & heart rate monitor, 120+ sports modes, ip67 waterproof, fitness tracker smartwatch for men & women - black",1199.0,3.9,100000.0,True,Limited time deal,0,1,0,0,0,1,1,0,1,1,0,0,1,1,0,1,0,1,0,1,1,0,fire-boltt phoenix round smart watch,Budget,0
"boat ultima ember smartwatch with 1.96” amoled display, aod, personalized fitness nudges, functional crown,100+ sports modes, create your own watchface, smartwatch for man and woman (royal berry)",2199.0,4.0,2300.0,True,,1,0,0,1,0,0,0,0,0,0,0,0,1,0,0,0,0,0,0,0,0,0,boat ultima ember smartwatch with,Budget,1
"noise newly launched vortex plus 1.46” amoled display, aod, bt calling, sleek metal finish, 7 days battery life, all new os with 100+ watch faces & health suite (space blue)",2199.0,4.0,56200.0,True,,1,0,0,1,0,0,1,0,0,0,0,0,0,0,0,0,0,0,0,0,0,0,noise newly launched vortex plus,Budget,1
"amazfit active max(smartchoice) smart watch 1.5"" amoled display,25-day battery,offline maps,gps,4gb storage,170+sport modes,5 atm,heart rate & sleep fitness tracker, android & iphone,black",15999.0,4.5,319.0,True,,1,0,0,1,1,0,0,0,1,0,1,0,0,1,0,0,0,0,0,0,0,0,amazfit active max(smartchoice) smart watch,Premium,0
"fastrack jupiter r3 with 1.38"" ultra uv round display with singlesync bt calling, heart rate, spo2 & sleep tracking,ip68,nitro fast charging,upto 5 days battery- smart watch for man and woman - black",1799.0,5.0,1.0,True,,0,0,0,0,0,0,1,0,1,1,1,0,0,0,0,0,1,0,0,0,0,0,"fastrack jupiter r3 with 1.38""",Budget,0
"noise diva smartwatch with diamond cut dial, glossy metallic finish, amoled display, mesh metal and leather strap options, 100+ watch faces, female cycle tracker smart watch for women (rose pink)",2999.0,4.2,4300.0,True,,1,0,0,1,0,0,0,0,0,0,0,0,0,0,0,0,0,0,0,1,1,0,noise diva smartwatch with diamond,Budget,1
"boat chrome horizon, premium metal body, video watch faces, 1.51”(3.83cm) amoled round display, hrv & vo2 max, auto-activity detection, asap charge, hrv smartwatch for men & women (steel black)",3599.0,4.0,444.0,True,,1,0,0,1,0,0,0,0,0,0,0,0,0,0,0,0,0,0,0,1,1,0,"boat chrome horizon, premium metal",Mid-Range,0
"fire-boltt phoenix ultra smart watch 1.39"" hd display, bluetooth calling, ai voice assistant, 120 sports modes, ip67 waterproof, spo2 monitor smart watch for man & woman - gold",1299.0,3.9,100000.0,True,Limited time deal,0,1,0,0,0,1,1,0,0,1,0,0,1,0,0,1,0,1,0,0,0,0,fire-boltt phoenix ultra smart watch,Budget,0
"fire-boltt ninja call pro max bluetooth calling smart watch, 2.01"" hd display, 120+ sports modes, health suite, ai voice assistance, spo2 & heart rate monitor smartwatch for men & women - black",1199.0,3.9,120000.0,True,,0,1,0,0,0,1,1,0,1,1,0,0,1,0,0,0,0,0,0,1,1,0,fire-boltt ninja call pro max,Budget,0
"boat chrome horizon, premium metal body, video watch faces, 1.51”(3.83cm) amoled round display, hrv & vo2 max, auto-activity detection, asap charge, hrv smartwatch for men & women (coco brown)",3599.0,4.0,444.0,True,,1,0,0,1,0,0,0,0,0,0,0,0,0,0,0,0,0,0,0,1,1,0,"boat chrome horizon, premium metal",Mid-Range,0
"amazfit active 3 premium(smartchoice)gps running smart watch, 1.32""amoled sapphire display,12-day battery,4gb storage,offline maps, 170+workout modes, 5 atm,fitness tracker, android & ios, apex silver",15999.0,4.7,47.0,True,Limited time deal,1,0,0,1,1,0,0,0,0,0,0,0,0,1,0,0,0,0,0,0,0,0,amazfit active 3 premium(smartchoice)gps running,Premium,0
"fire-boltt ninja phantom smart watch 1.83” display, transparent clear body design, bluetooth calling, 120+ sports modes, voice assistant, ai outfit watch face smartwatch for men & women stealth navy",999.0,4.0,1500.0,True,,0,0,0,0,0,1,1,0,0,0,0,0,1,0,0,0,0,0,0,1,1,0,fire-boltt ninja phantom smart watch,Budget,1
"noise newly launched quad call 1.81"" display, bluetooth calling smart watch, ai voice assistance, 160+hrs battery life, metallic build, in-built games, 100 sports modes, 100+ watch faces (jet black)",1399.0,4.0,10300.0,True,,0,0,0,0,0,1,1,0,0,0,0,0,1,0,0,0,0,0,0,0,0,0,noise newly launched quad call,Budget,1
"fire-boltt axiom round smart watch 1.43″ super amoled display with always‑on mode, bluetooth calling, rotating crown, spo₂ & heart rate monitor, ip67 waterproof silicone smartwatch for men - white",1999.0,4.0,3400.0,True,,1,0,0,1,0,1,1,0,1,0,0,0,0,0,0,1,0,1,0,1,0,0,fire-boltt axiom round smart watch,Budget,1
"boat wave call 3 smartwatch 1.83” hd display with animated watch faces; bt calling, functional crown, multiple sports modes, ip68, hr, spo2 monitor, smart watches for men & women (spring blossom)",1399.0,4.1,25600.0,True,,0,1,0,0,0,0,1,0,0,1,0,0,1,0,0,0,1,0,0,1,1,0,boat wave call 3 smartwatch,Budget,1
"fire-boltt legacy luxury round smart watch 1.43″ super amoled,bluetooth calling,wireless charging,voice assistant,spo₂ & heart rate monitor,110+ sports modes, metal smart watch for men & women - black",1899.0,3.8,2200.0,True,,1,0,0,1,0,1,1,0,1,0,0,0,1,0,0,0,0,0,0,1,1,0,fire-boltt legacy luxury round smart,Budget,0
"boat wave call 3 smartwatch 1.83” hd display with animated watch faces; bt calling, functional crown, multiple sports modes, ip68, hr, spo2 monitor, smart watches for men & women (metallic black)",1599.0,4.1,25600.0,True,,0,1,0,0,0,0,1,0,0,1,0,0,1,0,0,0,1,0,0,1,1,0,boat wave call 3 smartwatch,Budget,1
fastrack limitless glide advanced ultravu hd display|bt calling|ats chipset|100+ sports modes & watchfaces|calculator|voice assistant|in-built games|24 * 7 health suite|ip68 smartwatch,1299.0,4.0,3600.0,True,,0,1,0,0,0,0,1,0,0,0,0,0,1,0,0,0,1,0,0,0,0,0,fastrack limitless glide advanced ultravu,Budget,1
"fastrack astor fr2 pro 1.43"" amoled stainless steel smart watch with spo2, heart rate, bt calling, adaptive aod, functional crown, ai voice assistant – smartwatch for stylish professionals (gun grey)",3499.0,4.2,1100.0,True,,1,0,0,1,0,0,1,0,1,1,0,0,0,0,0,0,0,0,0,0,0,0,"fastrack astor fr2 pro 1.43""",Mid-Range,1
"noise ultra 3 luminary with india's 1st ever personalised notification alerts (lumilert), 1.96"" amoled display, premium metallic dial, send upto 5 emojis (lumiping), health suite (silver grey)",2799.0,3.8,747.0,True,,1,0,0,1,0,0,0,0,0,0,0,0,0,0,0,0,0,0,0,0,0,0,noise ultra 3 luminary with,Budget,0
"fire-boltt rise smart watch 1.85″ with bluetooth calling, ai voice assistant, rotating crown, spo2 & heart rate monitor, 123 sports modes, ip67 waterproof metal smartwatch for men & women - silver",1299.0,4.0,40800.0,True,,0,0,0,0,0,1,1,0,1,1,0,0,1,0,0,1,0,1,0,1,1,0,fire-boltt rise smart watch 1.85″,Budget,1
"noise junior explorer 2 smart watch for kids with 4g sim compatible, 2-way video & voice calling, geofencing, real time location monitoring via google maps, ip68, sos emergency alerts (power pixel)",5999.0,4.3,138.0,True,,0,0,0,0,0,0,1,0,0,0,0,0,0,0,0,0,1,0,0,0,0,1,noise junior explorer 2 smart,Mid-Range,0
"fire-boltt rise force smart watch 1.85” display, nylon–fluoroelastomer hybrid strap, rotating crown, bluetooth calling, dual button control, metal body smartwatch for men and women midnight black",999.0,4.0,1200.0,True,,0,0,0,0,0,1,1,0,0,0,0,0,0,0,0,0,0,0,0,1,1,0,fire-boltt rise force smart watch,Budget,1
"goboult mirage smart watch 1.39''hd screen, bluetooth calling, ip67, zinc alloy frame, 500 nits brightness, ai voice assistant, spo2 monitoring, 120+ sports mode (coal black)",1799.0,3.9,54.0,True,,0,0,0,0,0,1,1,0,0,1,0,0,1,0,0,0,0,1,0,0,0,0,goboult mirage smart watch 1.39''hd,Budget,0
"nervfit phoenix smartwatch 1.85"" truecolor+led display, bluetooth calling, ip67 waterproof, fitness & health tracker with heart rate, spo2, stress & sleep monitoring (cloud grey silicone)",1989.0,5.0,3.0,True,,0,0,0,0,0,1,1,0,1,1,1,0,0,0,0,1,0,1,0,0,0,0,"nervfit phoenix smartwatch 1.85"" truecolor+led",Budget,0
"goboult rover pro smart watch 1.43'' amoled, free straps, bluetooth calling, ip68, zinc alloy frame, 1000 nits brightness, ai voice assistant, spo2, 120+ sports mode smartwatch (metal black)",1999.0,3.6,26.0,True,,1,0,0,1,0,1,1,0,0,1,0,0,1,0,0,0,1,0,0,0,0,0,goboult rover pro smart watch,Budget,0
"punnkfunnk evo vista smartwatch, 1.3” hd display bluetooth calling metal smartwatch, fitness & sleep tracker, 100+ sports modes, ip67 waterproof compatible with android & ios(silver)",1399.0,3.4,238.0,True,,0,1,0,0,0,1,1,0,0,0,1,0,1,0,0,1,0,1,0,0,0,0,"punnkfunnk evo vista smartwatch, 1.3”",Budget,0
"noise diva smartwatch with diamond cut dial, glossy metallic finish, amoled display, mesh metal and leather strap options, 100+ watch faces, female cycle tracker smart watch for women (gold link)",3499.0,4.2,4300.0,True,,1,0,0,1,0,0,0,0,0,0,0,0,0,0,0,0,0,0,0,1,1,0,noise diva smartwatch with diamond,Mid-Range,1
"fastrack volt s1 smart watch for man and women latest with 1.83"" display, silicone strap, bt calling, 100+ sports modes, heart rate, spo2, ip68, ideal smartwatch for boys and girls (teal)",1599.0,4.1,249.0,True,,0,0,0,0,0,0,1,0,1,1,0,0,1,0,0,0,1,0,0,1,1,0,fastrack volt s1 smart watch,Budget,0
"gamesir h18 pro smartwatch with long battery life, 2.01"" high-resolution screen, bluetooth calling, ip68 waterproof, tft display, luxury design for men & women (grey)",939.0,3.9,116.0,True,Limited time deal,0,0,0,0,0,1,1,0,0,0,0,0,0,0,0,1,1,0,0,1,1,0,gamesir h18 pro smartwatch with,Budget,0
"goboult pyro smartwatch 1.43''amoled screen, bt calling 5.3,600nits brightness, ip68,150+watchfaces,120+sports modes, ai voice assistant, spo2 monitoring (platinum gold)",2499.0,4.1,11.0,True,,1,0,0,1,0,0,1,0,0,1,0,0,1,0,0,0,1,0,0,0,0,0,"goboult pyro smartwatch 1.43''amoled screen,",Budget,0
"redmi watch 5 active, 2"" display, metal body, 18 day battery, bluetooth calling, advanced ai noise cancellation, alexa, matte silver (m2351w1)",1999.0,4.1,1000.0,True,,0,0,0,0,0,1,1,1,0,0,0,0,0,0,0,0,0,0,0,0,0,0,"redmi watch 5 active, 2""",Budget,0
"titan crest 1.43” amoled smart watch with bt calling, ai morning briefs, functional crown, health tracking, aluminium body, 100+ sports modes, smartwatch for men and women - black silicone strap",4999.0,4.0,726.0,True,,1,0,0,1,0,0,1,0,0,0,0,0,1,0,0,0,0,0,0,1,1,0,titan crest 1.43” amoled smart,Mid-Range,0
"goboult drift+ smart watch 1.85''hd screen, bluetooth calling, ip68, 500 nits brightness,150+ watchfaces, ai voice assistant, spo2 monitoring, 100+ sports mode smartwatch (jet black)",1199.0,4.0,717.0,True,,0,0,0,0,0,1,1,0,0,1,0,0,1,0,0,0,1,0,0,0,0,0,goboult drift+ smart watch 1.85''hd,Budget,0
"boat storm infinity w/15 days extensive battery life, only charge twice a month, huge 550mah battery, fast charge, 1.83”(4.65cm) display, fitness tracker, smart watch for men & women (active black)",1499.0,4.0,873.0,True,,0,0,0,0,0,0,0,0,0,0,0,0,0,1,0,0,0,0,0,1,1,0,boat storm infinity w/15 days,Budget,0
"boat lunar oasis w/tbt navigation, qr tray, watch face studio, bluetooth calling, emergency sos 1.43"" (3.6 cm) amoled display fitness smart watch for men & women(olive green)",3499.0,3.7,963.0,True,,1,0,0,1,0,1,1,0,0,0,0,0,0,0,0,0,0,0,0,1,1,0,"boat lunar oasis w/tbt navigation,",Mid-Range,0
"titan aira 1.70"" amoled metal case square display smart watch with silicone strap stress monitoring, 1000 nits, functional crown, ai enabled, ip68 water resistant upto 7 days battery life- pink",6999.0,4.3,56.0,True,,1,0,0,1,0,0,0,0,0,0,0,0,0,0,0,0,1,0,0,0,0,0,"titan aira 1.70"" amoled metal",Mid-Range,0
"fire-boltt ninja call pro plus bluetooth calling smart watch, 1.83″ hd display, ai voice assistant, 120+ sports modes, ip67 waterproof, spo2 & heart rate monitor smartwatch for men & women - grey",1099.0,3.9,120000.0,True,,0,1,0,0,0,1,1,0,1,1,0,0,1,0,0,1,0,1,0,1,1,0,fire-boltt ninja call pro plus,Budget,0
"fire-boltt phoenix pro round smart watch 1.39″ hd display with bluetooth calling, ai voice assistant, spo2 & heart rate monitor, 120+ sports modes, ip67 waterproof smartwatch for men & women - blue",1099.0,3.7,6200.0,True,Limited time deal,0,1,0,0,0,1,1,0,1,1,0,0,1,0,0,1,0,1,0,1,1,0,fire-boltt phoenix pro round smart,Budget,0
"amazfit bip 6 smart watch 46mm, 14 day battery, 1.97"" amoled display, gps & free maps, ai, bluetooth call & text, health, fitness & sleep tracker, 140+ workout modes, 5 atm water-resistance, black",7999.0,4.2,4700.0,True,,1,0,0,1,1,1,0,0,0,0,1,0,0,0,0,0,0,0,0,0,0,0,amazfit bip 6 smart watch,Premium,1
"fire-boltt brillia smart watch 2.02” super amoled display, bluetooth calling, spo2, heart rate monitor, 120+ sports modes, fitness tracker, voice assistant, smart watch for man & women",1699.0,4.0,23100.0,True,Limited time deal,1,0,0,1,0,1,1,0,1,1,0,0,1,1,0,0,0,0,0,1,1,0,fire-boltt brillia smart watch 2.02”,Budget,1
"boat wave call 2 plus smart watch w/bilingual support (hindi/english), 1.96”(4.97 cm) hd display, bt calling, 100+sports modes, animated watch faces, voice assistant(active black)",1449.0,4.0,830.0,True,,0,1,0,0,0,0,1,0,0,0,0,0,1,0,0,0,0,0,0,0,0,0,boat wave call 2 plus,Budget,0
"fire-boltt phoenix air smart watch 1.26” round display, rotating button, wireless charging, ultra lightweight metal body, bluetooth calling, smartwatch with silicone & mesh steel straps cloud white",1099.0,4.1,1700.0,True,Limited time deal,0,0,0,0,0,1,1,0,0,0,0,0,0,0,0,0,0,0,0,0,0,0,fire-boltt phoenix air smart watch,Budget,1
"boat lunar discovery neo, 1.39"" (3.5 cm) round hd display, premium metallic finish, animated watchfaces, 100+ sports mode, bluetooth calling, smart watch for men & women (active black)",1399.0,4.0,21200.0,True,,0,1,0,0,0,1,1,0,0,0,0,0,1,0,0,0,0,0,0,1,1,0,"boat lunar discovery neo, 1.39""",Budget,1
"fire-boltt talk round smart watch 1.39″ tft display with bluetooth calling, dual button, voice assistance, spo₂ & heart rate monitor, 120+ sports modes, smartwatch for men & women - grey",1099.0,4.0,60100.0,True,Limited time deal,0,0,0,0,0,1,1,0,1,0,0,0,1,0,0,0,0,0,0,1,1,0,fire-boltt talk round smart watch,Budget,1
"boat storm call 3 w/tbt navigation, daily activity tracker, diy watch face studio,700+ active modes, 1.83"" (4.6 cm) hd display fitness smart watch for men & women(active black)",1399.0,4.1,34800.0,True,,0,1,0,0,0,0,0,0,0,0,0,0,0,0,0,0,0,0,0,1,1,0,boat storm call 3 w/tbt,Budget,1
"noise origin smart watch smoothest ui experience (new nebula ui) & en 1 processor, 1.46"" apexvision amoled display, stainless steel, contour-cut design, fitness age, fast charging (jet black)",2499.0,4.1,7600.0,True,,1,0,0,1,0,0,0,0,0,0,0,0,0,0,0,0,0,0,0,0,0,0,noise origin smart watch smoothest,Budget,1
"fire-boltt ninja call pro bluetooth calling smart watch, 1.69″ hd display, dual chip,ai voice assistant, 120+ sports modes, spo2 & heart rate monitor, fitness tracker smartwatch for men & women - blue",999.0,3.9,120000.0,True,,0,1,0,0,0,1,1,0,1,1,0,0,1,1,0,0,0,0,0,1,1,0,fire-boltt ninja call pro bluetooth,Budget,0
"noisefit halo 1.43"" amoled display, bluetooth calling round dial smart watch, premium metallic build, always on display, smart gesture control, 100 sports modes (vintage brown)",2999.0,4.0,5100.0,True,,1,0,0,1,0,1,1,0,0,0,0,0,1,0,0,0,0,0,0,0,0,0,"noisefit halo 1.43"" amoled display,",Budget,1
"fastrack limitless glide x 1.83"" smart watch with ultra uv hd display, spo2, heart rate & sleep tracking, bluetooth calling, 100+ sports modes, 5-day battery, smartwatch for men & women (wine red)",1299.0,4.0,3600.0,True,,0,1,0,0,0,1,1,0,1,1,1,0,1,0,0,0,0,0,0,1,1,0,"fastrack limitless glide x 1.83""",Budget,1
"fire-boltt rise round smart watch 1.85″ hd display with bluetooth calling, rotating crown, ai voice assistant, spo2 & heart rate monitor, 120+ sports modes, ip67 waterproof metal smartwatch - gold",1299.0,4.0,40800.0,True,,0,1,0,0,0,1,1,0,1,1,0,0,1,0,0,1,0,1,0,0,0,0,fire-boltt rise round smart watch,Budget,1
"sekyo s1 kids smartwatch for boys & girls, calling smart watch for kids with location tracker, camera, sos & safe zone alert, remote monitoring, voice chat, app control, 4g/5g sim support -blue",2849.0,3.4,1100.0,True,,0,0,0,0,0,0,1,0,0,0,0,0,0,0,0,0,0,0,0,0,0,1,sekyo s1 kids smartwatch for,Budget,0
"fire-boltt talk round smart watch 1.39″ tft display with bluetooth calling, dual button, voice assistance, spo₂ & heart rate monitor, 120+ sports modes, metal smartwatch for men & women - silver",1299.0,4.0,60100.0,True,,0,0,0,0,0,1,1,0,1,0,0,0,1,0,0,0,0,0,0,1,1,0,fire-boltt talk round smart watch,Budget,1
"noise colorfit ultra 3 bluetooth calling smart watch with biggest 1.96"" amoled display, premium metallic build, functional crown, gesture control with metallic strap (jet black: elite edition)",2599.0,4.1,7600.0,True,,1,0,0,1,0,1,1,0,0,0,0,0,0,0,0,0,0,0,0,0,0,0,noise colorfit ultra 3 bluetooth,Budget,1
"fire-boltt assault rugged smartwatch – 1.5"" hd display, bluetooth calling, 600mah battery, compass, heart rate & spo2 monitoring, 7-10 days battery life, heavy metal sports design",1030.0,3.0,69.0,True,,0,1,0,0,0,1,1,0,1,1,0,0,1,0,0,0,0,0,0,0,0,0,fire-boltt assault rugged smartwatch –,Budget,0
"noise endeavour pro outdoor rugged military smart watch, titanium alloy bezel, dual-band gps, 164ft water resistance, 28 days battery on standby, ai companion, for ios & android (carbon black)",9999.0,4.0,2500.0,True,,0,0,0,0,1,0,0,0,0,0,0,0,0,0,0,0,0,0,0,0,0,0,noise endeavour pro outdoor rugged,Premium,1
"amazfit pop 3s smart watch with 1.96"" amoled display, bt calling, spo2, 12-day battery life, 304 stainless steel, ai voice assistance, 100 sports modes, 24h hr monitor, music control (metallic sliver)",3999.0,3.8,583.0,True,,1,0,0,1,0,0,1,0,0,1,0,0,1,0,0,0,0,0,0,0,0,0,amazfit pop 3s smart watch,Mid-Range,0
"noise endeavour 2 (smartchoice) rugged smart watch – 1.46″ amoled display, built-in gps, abc sensors, up to 7-day battery, 5atm water resistance, ai, strava integration, for ios & android (jet black)",5499.0,3.4,64.0,True,,1,0,0,1,1,0,0,0,0,0,0,0,0,0,0,0,0,0,1,0,0,0,noise endeavour 2 (smartchoice) rugged,Mid-Range,0
"fire-boltt phoenix pro round smart watch 1.39″ hd display with bluetooth calling, ai voice assistant, spo2 & heart rate monitor, 120+ sports modes, ip67 waterproof smartwatch for men & women - brown",999.0,3.7,6200.0,True,,0,1,0,0,0,1,1,0,1,1,0,0,1,0,0,1,0,1,0,1,1,0,fire-boltt phoenix pro round smart,Budget,0
"noise icon arc 2.01"" immersive curved display smartwatch, 10-day battery, 1atm water resistant, functional crown, 100+ sports modes, health suite™, voice assistant, built-in games (nickel brown)",1299.0,4.0,1100.0,True,,0,0,0,0,0,0,0,0,0,0,0,0,1,0,0,0,0,0,0,0,0,0,"noise icon arc 2.01"" immersive",Budget,1
"fastrack radiant fx3 smart watch, 3.63 cm amoled display, functional crown, aod & dnd mode, singlesync bt calling, ai voice assistant, women's health tracking, 100+ sports & smartwatch faces (sliver)",4995.0,3.8,922.0,True,,1,0,0,1,0,0,1,0,0,0,0,0,1,0,0,0,0,0,0,1,1,0,"fastrack radiant fx3 smart watch,",Mid-Range,0
"pebble gravity 1.43” amoled smartwatch with always-on display | bluetooth calling, qr payment, compass | 700 nits brightness | health & fitness tracking | feather touch ui, premium design - black",3499.0,3.6,91.0,True,Limited time deal,1,0,0,1,0,1,1,0,0,0,0,0,0,0,0,0,0,0,0,1,0,0,pebble gravity 1.43” amoled smartwatch,Mid-Range,0
"noise twist go round dial smartwatch with bt calling, 1.39"" display, metal build, 100+ watch faces, ip68, sleep tracking, 100+ sports modes, 24/7 heart rate monitoring (gold link)",1899.0,4.0,2800.0,True,,0,0,0,0,0,0,1,0,1,0,1,0,1,0,0,0,1,0,0,0,0,0,noise twist go round dial,Budget,1
"redmi watch 5 active, 2"" display, metal body, 18 day battery, bluetooth calling, advanced ai noise cancellation, alexa, matte silver",1999.0,4.2,302.0,True,,0,0,0,0,0,1,1,1,0,0,0,0,0,0,0,0,0,0,0,0,0,0,"redmi watch 5 active, 2""",Budget,0
"noise pro 6 max smart watch:intelligent with noise ai, endless ai watch faces, ai companion, 1.96” amoled, stainless steel build, built-in gps, 5 atm, en2 processor, for ios & android(chrome black)",7999.0,4.0,24100.0,True,,1,0,0,1,1,0,0,0,0,0,0,0,0,0,0,0,0,0,0,0,0,0,noise pro 6 max smart,Premium,1
"goboult dire smartwatch 1.38'' 2.5d curved hd display, 500 nits brightness, ip67, 250+ watchfaces, 120+ sports modes, ai voice assistant, spo2 monitoring (denim blue)",1299.0,5.0,1.0,True,,0,1,0,0,0,0,0,0,0,1,0,0,1,0,0,0,0,1,0,0,0,0,goboult dire smartwatch 1.38'' 2.5d,Budget,0
"fire‑boltt phoenix pro round smart watch 1.39″ display with bluetooth calling, ai voice assistant,spo2 & heart rate monitor, 120+ sports modes,ip67 waterproof metal smart watch for men & women - black",1299.0,3.7,6200.0,True,Limited time deal,0,0,0,0,0,1,1,0,1,1,0,0,1,0,0,1,0,1,0,1,1,0,fire‑boltt phoenix pro round smart,Budget,0
"hammer ultra classic 2.01"" always on display, bluetooth calling smart watch, wireless charging, 1 extra starp, raise to wake, in-built games, brightness adjustment, bp, spo2, hr monitoring",1399.0,3.2,66.0,True,,0,0,0,0,0,1,1,0,0,1,0,0,0,0,0,0,0,0,0,1,0,0,"hammer ultra classic 2.01"" always",Budget,0
"fastrack volt s1 smart watch for man and women latest with 1.83"" display, silicone strap, bt calling, 100+ sports modes, heart rate, spo2, ip68, ideal smartwatch for boys and girls (blue)",1599.0,4.1,249.0,True,,0,0,0,0,0,0,1,0,1,1,0,0,1,0,0,0,1,0,0,1,1,0,fastrack volt s1 smart watch,Budget,0
pebble hive octa display smartwatch | bt calling | functional rotating crown | multi sports modes | sleep monitoring | health suite | customizable watch faces | in-built games & world clock - black,1699.0,3.7,390.0,True,Limited time deal,0,0,0,0,0,0,1,0,0,0,1,0,1,0,0,0,0,0,0,0,0,0,pebble hive octa display smartwatch,Budget,0
"fire-boltt ninja blaze smart watch, stainless steel strap & steel body, 1.83” display bluetooth calling built-in mic & speaker, 120+ sports modes, smartwatch for man and woman onyx black",1299.0,4.0,1500.0,True,Limited time deal,0,0,0,0,0,1,1,0,0,0,0,0,1,0,0,0,0,0,0,0,0,0,"fire-boltt ninja blaze smart watch,",Budget,1
"fire-boltt ninja phantom smart watch 1.83” display, transparent clear body design, bluetooth calling, 120+ sports modes, voice assistant, ai outfit watch face smartwatch for men & women stealth white",999.0,4.0,1500.0,True,,0,0,0,0,0,1,1,0,0,0,0,0,1,0,0,0,0,0,0,1,1,0,fire-boltt ninja phantom smart watch,Budget,1
"goboult newly launched tuff hawk smart watch 1.39'' hd display, bt calling, working crown, 150+watchfaces, 450 nits brightness, ai voice assistant, spo2 monitoring (saffron)",1499.0,2.0,1.0,True,,0,1,0,0,0,0,1,0,0,1,0,0,0,0,0,0,0,0,0,0,0,0,goboult newly launched tuff hawk,Budget,0
"gamesir nexoro 2.01” smartwatch for men & women bluetooth call, heart rate, spo2, sleep & 100+ sports modes, ip68 waterproof, compatible with android & iphone (metal black)",999.0,3.7,161.0,True,Limited time deal,0,0,0,0,0,1,0,0,1,1,1,0,1,0,0,1,1,0,0,1,1,0,gamesir nexoro 2.01” smartwatch for,Budget,0
"fire‑boltt rise smart watch 1.85″ hd display with bluetooth calling, ai voice assistant, rotating crown, spo2 & heart rate monitor, 120+ sports modes,ip67 waterproof smart watch for men & women - grey",1199.0,4.0,40800.0,True,,0,1,0,0,0,1,1,0,1,1,0,0,1,0,0,1,0,1,0,1,1,0,fire‑boltt rise smart watch 1.85″,Budget,1
"boat chrome horizon, premium metal body, video watch faces, 1.51”(3.83cm) amoled round display, hrv & vo2 max, auto-activity detection, asap charge, hrv smartwatch for men & women (royal blue)",3299.0,4.0,444.0,True,,1,0,0,1,0,0,0,0,0,0,0,0,0,0,0,0,0,0,0,1,1,0,"boat chrome horizon, premium metal",Mid-Range,0
"noise biggest launch pro 5 smart watch with 1.85"" amoled display, bt calling, new diy watch faces, ultra personalization with smart dock, productivity suite, 100 sports modes and more -(sunset orange)",3499.0,3.8,2200.0,True,,1,0,0,1,0,0,1,0,0,0,0,0,1,0,0,0,0,0,0,0,0,0,noise biggest launch pro 5,Mid-Range,0
"goboult saber smart watch 1.43'' amoled display, functional rotating bezel, aod, bt calling, 200+watchfaces, 700 nits brightness, ai voice assistant, spo2 monitoring, 120+ sports mode (metal black)",2799.0,4.3,134.0,True,,1,0,0,1,0,0,1,0,0,1,0,0,1,0,0,0,0,0,0,0,0,0,goboult saber smart watch 1.43'',Budget,0
"sekyo s2 pro kids smartwatch for boys & girls, calling smart watch for kids with location tracker, camera, sos & safe zone alert, remote monitoring, family chat, app control, 4g/5g sim support -black",2990.0,3.5,1600.0,True,,0,0,0,0,0,0,1,0,0,0,0,0,0,0,0,0,0,0,0,0,0,1,sekyo s2 pro kids smartwatch,Budget,0
"fastrack limitless fs2 pro 1.96"" amoled smart watch with bt calling, ai voice assistant, 100+ sports modes, 5-day battery, fast charge, health tracking, – smartwatch for men & women (beige)",2995.0,3.9,1500.0,True,,1,0,0,1,0,0,1,0,0,0,0,0,1,0,0,0,0,0,0,1,1,0,"fastrack limitless fs2 pro 1.96""",Budget,0
"boat wave sigma 3 w/turn-by-turn navigation, 2.01"" hd display, bluetooth calling, crest+ os, qr tray, watch face studio, coins, emergency sos smart watch for men & women(active black)",1499.0,3.8,4800.0,True,,0,1,0,0,0,1,1,0,0,0,0,0,0,0,0,0,0,0,0,1,1,0,boat wave sigma 3 w/turn-by-turn,Budget,0
"fire‑boltt rise round smart watch 1.85″ hd display with bluetooth calling, rotating crown, ai voice assistant, spo2 & heart rate monitor,120+ sports modes, ip67 waterproof metal smartwatch - rose gold",1299.0,3.6,248.0,True,Limited time deal,0,1,0,0,0,1,1,0,1,1,0,0,1,0,0,1,0,1,0,0,0,0,fire‑boltt rise round smart watch,Budget,0
"fire-boltt ninja call pro max bluetooth calling smart watch, 2.01″ hd display, 120+ sports modes, health suite, ai voice assistance, spo2 & heart rate monitor smartwatch for men & women - green",1104.0,3.7,6200.0,True,,0,1,0,0,0,1,1,0,1,1,0,0,1,0,0,0,0,0,0,1,1,0,fire-boltt ninja call pro max,Budget,0
"boat wave sigma 3 curv smartwatch with 2.01” (5.33 cm) immersive curved display, metallic finish, functional crown, bt calling, sleep, stress, heart rate & spo2 monitoring, sos, ip68 (black active)",1499.0,5.0,3.0,True,,0,0,0,0,0,0,1,0,1,1,1,0,0,0,0,0,1,0,0,0,0,0,boat wave sigma 3 curv,Budget,0
"boat ultima prime smartwatch with 1.43” amoled display, aod, personalized fitness nudges, functional crown,100+ sports modes, create your own watchface, smartwatch for man and woman (steel black)",2499.0,3.9,2600.0,True,,1,0,0,1,0,0,0,0,0,0,0,0,1,0,0,0,0,0,0,0,0,0,boat ultima prime smartwatch with,Budget,0
"noise colorfit pulse 3 with 1.96"" biggest display bluetooth calling smart watch, premium build, auto sport detection & 170+ watch faces smartwatch for men & women (mocha brown)",1499.0,3.9,5100.0,True,,0,0,0,0,0,1,1,0,0,0,0,0,0,0,0,0,0,0,0,1,1,0,noise colorfit pulse 3 with,Budget,0
"noise pulse 2 pro [new launch] 1.8"" vibrant display, bluetooth calling smart watch for men & women, 7 days battery life, metallic finish, built-in games, voice assistance, health suite (elite black)",1699.0,3.9,24200.0,True,,0,0,0,0,0,1,1,0,0,0,0,0,0,0,0,0,0,0,0,1,1,0,noise pulse 2 pro [new,Budget,0
titan evolution smartwatch comes with 1.85” amoled display with 390 * 450 pixel resolution|singlesync bt calling|ai voice assistant|100+ sports modes and watchfaces|upto 7 day battery|ip68,6999.0,4.2,73.0,True,,1,0,0,1,0,0,1,0,0,0,0,0,1,0,0,0,1,0,0,0,0,0,titan evolution smartwatch comes with,Mid-Range,0
"fastrack jupitor r2 smart watch, 1.38” tft display, 240 * 240 pixel resolution, singlesync bt calling, ai voice assistant, 100+ sports modes & smartwatch faces,upto 5 day battery, ip68 (blue)",1799.0,3.8,129.0,True,,0,0,0,0,0,0,1,0,0,0,0,0,1,0,0,0,1,0,0,0,0,0,"fastrack jupitor r2 smart watch,",Budget,0
"goboult mustang racer smart watch 1.43'' amoled display, rotating bezel, bt calling, 150+watchfaces, 500 nits brightness, ai voice assistant, spo2 monitoring, 120+ sports mode (apex blue)",3999.0,4.5,153.0,True,,1,0,0,1,0,0,1,0,0,1,0,0,1,0,0,0,0,0,0,0,0,0,goboult mustang racer smart watch,Mid-Range,0
"fire‑boltt phoenix pro round smart watch 1.39″ display with bluetooth calling,ai voice assistant,spo2 & heart rate monitor, 120+ sports modes,ip67 waterproof metal smart watch for men & women - silver",1299.0,3.7,6200.0,True,,0,0,0,0,0,1,1,0,1,1,0,0,1,0,0,1,0,1,0,1,1,0,fire‑boltt phoenix pro round smart,Budget,0
"fire-boltt phoenix ultra smart watch 1.39"" hd display, bluetooth calling, ai voice assistant, 120 sports modes, ip67 waterproof, spo2 monitor smart watch for man & woman - rainbow",1299.0,3.9,100000.0,True,,0,1,0,0,0,1,1,0,0,1,0,0,1,0,0,1,0,1,0,0,0,0,fire-boltt phoenix ultra smart watch,Budget,0
"fire‑boltt ninja call pro plus bluetooth calling smart watch, 1.83″ hd display,ai voice assistant, 120+ sports modes, ip67 waterproof, spo2 & heart rate monitor smartwatch for men & women - gold black",1099.0,3.9,120000.0,True,,0,1,0,0,0,1,1,0,1,1,0,0,1,0,0,1,0,1,0,1,1,0,fire‑boltt ninja call pro plus,Budget,0
"gamesir q18 kids smart watch 1.44"" tft display 3g / 4g sim support, learning & gaming apps, gift watch, waterproof, lbs tracking/gps, 2 way calling smart watch for boys & girls (black)",1399.0,3.0,245.0,False,,0,0,0,0,1,0,1,0,0,0,0,0,0,0,0,1,0,0,0,0,0,1,gamesir q18 kids smart watch,Budget,0
"noise pulse 4 max smart watch with ai create (india's 1st ever with unlimited watch faces), ai search, 1.96"" amoled display, functional crown, premium metallic finish, health suite (rose pink)",2499.0,4.0,85100.0,True,,1,0,0,1,0,0,0,0,0,0,0,0,0,0,0,0,0,0,0,0,0,0,noise pulse 4 max smart,Budget,1
"boat storm verge, 1.72"" (4.4 cm) unisex design, auravue display with 20% higher brightness, premium metal body, 80+ sports mode, bluetooth calling, smart watch for men & women (active black)",1599.0,4.0,127.0,True,,0,0,0,0,0,1,1,0,0,0,0,0,1,0,0,0,0,0,0,1,1,0,"boat storm verge, 1.72"" (4.4",Budget,0
"fire-boltt ninja x ring smart watch 1.96"" always on display bluetooth calling, voice assistant, spo2 & heart rate, 120+ sports modes, ip67 waterproof smartwatch for men & women - wine nylon",2499.0,4.0,3100.0,True,Limited time deal,0,0,0,0,0,1,1,0,1,1,0,0,1,0,0,1,0,1,0,1,1,0,fire-boltt ninja x ring smart,Budget,1
"fire‑boltt phoenix pro round smart watch 1.39″ display with bluetooth calling, ai voice assistant, spo2 & heart rate monitor, 120+ sports modes,ip67 waterproof metal smart watch for men & women - gold",1299.0,3.7,6200.0,True,Limited time deal,0,0,0,0,0,1,1,0,1,1,0,0,1,0,0,1,0,1,0,1,1,0,fire‑boltt phoenix pro round smart,Budget,0
"titan celestor 1.43"" amoled smart watch with built-in gps, advanced health intelligence, ai voice assistant, aluminium case, 100+ sports modes, water resistance – smartwatch for men & women (black)",9995.0,4.0,411.0,True,,1,0,0,1,1,0,0,0,0,0,0,0,1,0,0,0,0,0,0,1,1,0,"titan celestor 1.43"" amoled smart",Premium,0
"noise pro 6 max smart watch:intelligent ai, endless ai watch faces, ai companion, 1.96” amoled, stainless steel build, built-in gps, 5 atm, en2 processor, for ios & android(pure titanium)",7999.0,4.0,24100.0,True,,1,0,0,1,1,0,0,0,0,0,0,0,0,0,0,0,0,0,0,0,0,0,noise pro 6 max smart,Premium,1
"fire-boltt glitz women smart watch with 1.19” amoled display, bluetooth calling, rotating crown, always on display, 1000 nits brightness, ip68 waterproof warm copper",2499.0,4.1,1100.0,True,,1,0,0,1,0,1,1,0,0,0,0,0,0,0,0,1,1,0,0,1,1,0,fire-boltt glitz women smart watch,Budget,1
"fire-boltt rise smart watch 1.85″ hd display with bluetooth calling, ai voice assistant, rotating crown, spo2 & heart rate monitor, 120+ sports modes, smart watch for men & women - cinnamon slate",1099.0,3.7,6200.0,True,Limited time deal,0,1,0,0,0,1,1,0,1,1,0,0,1,0,0,0,0,0,0,1,1,0,fire-boltt rise smart watch 1.85″,Budget,0
"fire-boltt ninja call pro max bluetooth calling smart watch, 2.01"" hd display, 120+ sports modes, health suite, ai voice assistance, spo2 & heart rate monitor smartwatch for men & women - gold black",1199.0,3.9,120000.0,True,,0,1,0,0,0,1,1,0,1,1,0,0,1,0,0,0,0,0,0,1,1,0,fire-boltt ninja call pro max,Budget,0
"fastrack volt s1 smart watch for man and women latest with 1.83"" display, silicone strap, bt calling, 100+ sports modes, heart rate, spo2, ip68, ideal smartwatch for boys and girls (black)",1599.0,4.1,249.0,True,,0,0,0,0,0,0,1,0,1,1,0,0,1,0,0,0,1,0,0,1,1,0,fastrack volt s1 smart watch,Budget,0
"noise quad call 1.81"" display, bluetooth calling smart watch, ai voice assistance, 160+hrs battery life, metallic build, in-built games, 100 sports modes, 100+ watch faces (rose pink)",1399.0,4.0,10300.0,True,,0,0,0,0,0,1,1,0,0,0,0,0,1,0,0,0,0,0,0,0,0,0,"noise quad call 1.81"" display,",Budget,1
"punnkfunnk neolux 1.96” hd display smartwatch for men & women 2025 with 110+ sports modes, heart rate, sleep monitor ip68 waterproof, answer/make calls for android & ios (black, neolux)",949.0,3.9,115.0,True,Limited time deal,0,1,0,0,0,0,0,0,1,0,1,0,1,0,0,1,1,0,0,1,1,0,punnkfunnk neolux 1.96” hd display,Budget,0
"goboult mustang muscle smart watch 2.01'' 3d curved display, convertible strap, premium metallic crown, bt calling, 600 nits brightness, ai assistant, ip68 (extra starp, black fury)",2999.0,3.6,125.0,True,,0,0,0,0,0,0,1,0,0,0,0,0,0,0,0,0,1,0,0,0,0,0,goboult mustang muscle smart watch,Budget,0
crossbeats diva 1.28” stylish smart watch for women with stone studded bezel| amoled display | female health tracker | 100+sports modes| premium metal smartwatch with wireless charging - (rose gold),3599.0,4.2,1000.0,True,Limited time deal,1,0,0,1,0,0,0,0,0,0,0,0,1,0,0,0,0,0,0,1,1,0,crossbeats diva 1.28” stylish smart,Mid-Range,0
"noise twist go smart watch 1.39"" display, trusyncᵀᴹ bt calling, glossy metal finish, 150+ watch faces, ip68, sleep tracking, 100+ sports modes, smart watch for men and women (gold wine)",1599.0,3.6,223.0,True,,0,0,0,0,0,0,1,0,0,0,1,0,1,0,0,0,1,0,0,1,1,0,noise twist go smart watch,Budget,0
"fire-boltt axiom round smart watch 1.43″ super amoled display with always‑on mode, bluetooth calling, rotating crown, spo₂ & heart rate monitor, ip67 waterproof silicone smartwatch for men - orange",1999.0,4.0,3400.0,True,,1,0,0,1,0,1,1,0,1,0,0,0,0,0,0,1,0,1,0,1,0,0,fire-boltt axiom round smart watch,Budget,1
"noise junior explorer 2 smart watch for kids with 4g sim compatible, 2-way video & voice calling, geofencing, real time location monitoring via google maps, ip68, sos emergency alerts (frost pop)",5999.0,3.8,191.0,True,,0,0,0,0,0,0,1,0,0,0,0,0,0,0,0,0,1,0,0,0,0,1,noise junior explorer 2 smart,Mid-Range,0
"sekyo s2 pro kids smartwatch for boys & girls, calling smart watch for kids with location tracker, camera, sos & safe zone alert, remote monitoring, family chat, app control, 4g/5g sim support -pink",2990.0,3.5,1600.0,True,,0,0,0,0,0,0,1,0,0,0,0,0,0,0,0,0,0,0,0,0,0,1,sekyo s2 pro kids smartwatch,Budget,0
"fastrack astor fs2 pro smart watch, 1.96” amoled display, 410 * 502 pixel resolution, singlesync bt calling, ai voice assistant, 100+ sports modes & smartwatch faces, upto 5 day battery, ip68",4399.0,4.0,421.0,True,,1,0,0,1,0,0,1,0,0,0,0,0,1,0,0,0,1,0,0,0,0,0,fastrack astor fs2 pro smart,Mid-Range,0
"boat chrome ivory smart watch for women, co-designed with giva, 1.7"" amoled display, 1000 nits brightness, premium metallic build, female wellness tracker smartwatch for women (rose gold)",4999.0,4.7,53.0,True,,1,0,0,1,0,0,0,0,0,0,0,0,0,0,0,0,0,0,0,1,1,0,boat chrome ivory smart watch,Mid-Range,0
"noise newly launched halo 2 smart watch 1st ever functional rotating dial (axe-cut bezel), 1.43"" amoled, stainless steel build, custom transition effects, bt calling, health suite (jet black)",3999.0,3.9,9300.0,True,,1,0,0,1,0,0,1,0,0,0,0,0,0,0,0,0,0,0,0,0,0,0,noise newly launched halo 2,Mid-Range,0
"noise pro 6r 1.46"" amoled smart watch, 1000 nits, powered by ai pro, built-in gps, strava integration, stainless steel dial, video watch faces, 3atm, emergency sos, tws connectivity (classic brown)",6999.0,3.9,5100.0,True,,1,0,0,1,1,0,0,0,0,0,0,0,0,0,0,0,0,0,0,0,0,0,"noise pro 6r 1.46"" amoled",Mid-Range,0
"noise pulse hyper smart watch with 21 days battery, 1.85"" display, ai watch faces, 100+ sports modes, health suite, spo2 & heart rate monitor, 1atm water resistant(space blue)",1599.0,4.0,24400.0,True,,0,0,0,0,0,0,0,0,1,1,0,0,1,0,0,0,0,0,0,0,0,0,noise pulse hyper smart watch,Budget,1
"fastrack astor fs2 pro 1.96"" super amoled smart watch, metal body with 1000 nits brightness, spo2, bp & sleep monitor, bt calling, 100+ sports modes – smartwatch for men & women (gun grey)",4399.0,4.0,421.0,True,,1,0,0,1,0,0,1,0,0,1,1,0,1,0,0,0,0,0,0,1,1,0,"fastrack astor fs2 pro 1.96""",Mid-Range,0
"goboult mustang racer smart watch 1.43'' amoled display, rotating bezel, bt calling, 150+watchfaces, 500 nits brightness, ai voice assistant, spo2 monitoring, 120+ sports mode (black blaze)",3999.0,4.5,153.0,True,,1,0,0,1,0,0,1,0,0,1,0,0,1,0,0,0,0,0,0,0,0,0,goboult mustang racer smart watch,Mid-Range,0
"fire-boltt phoenix round smart watch 1.38″ hd display with bluetooth calling, spo2 & heart rate monitor, 120+ sports modes, ip67 waterproof, fitness tracker smartwatch for men & women - pink",1199.0,3.9,100000.0,True,Limited time deal,0,1,0,0,0,1,1,0,1,1,0,0,1,1,0,1,0,1,0,1,1,0,fire-boltt phoenix round smart watch,Budget,0
"goboult dire smartwatch 1.38'' 2.5d curved hd display, 500 nits brightness, ip67, 250+ watchfaces, 120+ sports modes, ai voice assistant, spo2 monitoring (metal black)",1499.0,4.0,84.0,True,,0,1,0,0,0,0,0,0,0,1,0,0,1,0,0,0,0,1,0,0,0,0,goboult dire smartwatch 1.38'' 2.5d,Budget,0
"fastrack new limitless x2 smartwatch|1.91"" ultravu with rotating crown|60 hz refresh rate|advanced chipset|singlesync bt calling|nitrofast charge|100+ sports mode|upto 5 day battery|ip68,wine red",1699.0,4.0,2400.0,True,,0,0,0,0,0,0,1,0,0,0,0,0,1,0,0,0,1,0,0,0,0,0,"fastrack new limitless x2 smartwatch|1.91""",Budget,1
"fastrack noir pro 1.19"" super amoled metal smart watch with 1000 nits brightness, bt calling, 24/7 health suite, functional crown, zinc alloy case – smartwatch for women (rose gold) ‎(68042wm01c)",6299.0,3.6,71.0,True,,1,0,0,1,0,0,1,0,0,0,0,0,0,0,0,0,0,0,0,1,1,0,"fastrack noir pro 1.19"" super",Mid-Range,0
"fire-boltt ninja call pro max bluetooth calling smart watch, 2.01"" hd display, 120+ sports modes, health suite, ai voice assistance, spo2 & heart rate monitor smartwatch for men & women - blue",1199.0,3.9,120000.0,True,,0,1,0,0,0,1,1,0,1,1,0,0,1,0,0,0,0,0,0,1,1,0,fire-boltt ninja call pro max,Budget,0
"oneplus watch 2r with wear os 4 by google,snapdragon w5 chipset,upto 100hrs battery life,1.43’’ amoled display,100+ sports mode,dual frequency gps,5 atm,ip68 & bt calling [gunmetal gray]",13499.0,4.3,659.0,True,,1,0,0,1,1,0,1,0,0,0,0,0,1,0,0,0,1,0,0,0,0,0,oneplus watch 2r with wear,Premium,0
"fire-boltt ninja call pro plus bluetooth calling smart watch, 1.83″ display, ai voice assistant, 120+ sports modes, ip67 waterproof, spo2 & heart rate monitor smartwatch for women - cinnamon slate",1099.0,3.7,6200.0,True,Limited time deal,0,0,0,0,0,1,1,0,1,1,0,0,1,0,0,1,0,1,0,1,1,0,fire-boltt ninja call pro plus,Budget,0
"noisefit halo 1.43"" amoled display, bluetooth calling round dial smart watch, premium metallic build, always on display, smart gesture control, 100 sports modes (forest green)",2799.0,4.0,1000.0,True,,1,0,0,1,0,1,1,0,0,0,0,0,1,0,0,0,0,0,0,0,0,0,"noisefit halo 1.43"" amoled display,",Budget,0
"boat chrome iris fashion smart watch for women - elegant ultra-sleek dial, light-weight metal body, 1.32"" amoled display, 1000 nits, aod, female wellness tracking watch for woman (metal gold)",3999.0,4.7,53.0,True,,1,0,0,1,0,0,0,0,0,0,0,0,0,0,0,0,0,0,0,1,1,0,boat chrome iris fashion smart,Mid-Range,0
"noise diva (smartchoice) smartwatch for women with diamond cut dial, glossy metallic finish, amoled display, new metal straps, 100+ watch faces, female cycle tracker smart watch for women (rose gold)",3499.0,4.2,4300.0,True,,1,0,0,1,0,0,0,0,0,0,0,0,0,0,0,0,0,0,0,1,1,0,noise diva (smartchoice) smartwatch for,Mid-Range,1
"boltt obsidian 33.5mm (1.32 inch) amoled display, stainless steel design, 466 * 466 px resolution, bluetooth calling, multiple sports modes, health mode, ip67, weather updates",1250.0,3.8,347.0,True,,1,0,0,1,0,1,1,0,0,0,0,0,1,0,0,0,0,1,0,0,0,0,boltt obsidian 33.5mm (1.32 inch),Budget,0
"boat wanderer smart, kids watch, 2-way video & phone call, gps tracker, emergency sos, geo fencing, 4g sim compatible, parental controls,1.4"" display, smart watch for boys girls (sunshine yellow)",4999.0,3.3,816.0,True,,0,0,0,0,1,0,0,0,0,0,0,0,0,0,0,0,0,0,0,0,0,1,"boat wanderer smart, kids watch,",Mid-Range,0
"amazfit active 2 square (smartchoice), 2000 nits bright amoled display, built in gps, 10day battery, android & iphone, accurate readings, bt call, sleep monitor, 5atm water resistant, black leather",12999.0,4.4,1400.0,True,,1,0,0,1,1,0,0,0,0,0,1,0,0,0,0,0,0,0,1,0,0,0,"amazfit active 2 square (smartchoice),",Premium,1
"fire-boltt ninja call pro max bluetooth calling smart watch, 2.01"" hd display, 120+ sports modes, health suite, ai voice assistance, spo2 & heart rate monitor smartwatch for men & women - pink",1199.0,3.9,120000.0,True,,0,1,0,0,0,1,1,0,1,1,0,0,1,0,0,0,0,0,0,1,1,0,fire-boltt ninja call pro max,Budget,0
"noise twist round dial smart watch with bluetooth calling, 1.38"" tft display, up-to 7 days battery, 100+ watch faces, ip68, heart rate monitor, sleep tracking (midnight blue)",1399.0,4.0,1900.0,True,,0,0,0,0,0,1,1,0,1,0,1,0,0,0,0,0,1,0,0,0,0,0,noise twist round dial smart,Budget,1
"noise diva smartwatch for women with diamond cut dial, glossy metallic finish, amoled display, new metal straps, 100+ watch faces, female cycle tracker smart watch for women (metallic rose blend)",3499.0,4.2,44.0,True,,1,0,0,1,0,0,0,0,0,0,0,0,0,0,0,0,0,0,0,1,1,0,noise diva smartwatch for women,Mid-Range,0
"samsung galaxy watch6 classic (smartchoice) (silver, 47mm) | rotating bezel | lte | monitor bp and ecg | track sleep and health | upto 40hrs charge with fast charging | galaxy ecosystem | ip68",15999.0,4.3,775.0,True,,0,0,0,0,0,0,0,0,0,0,1,0,0,0,0,0,1,0,0,0,0,0,samsung galaxy watch6 classic (smartchoice),Premium,0
"fire-boltt legacy luxury round smart watch 1.43″ super amoled, bluetooth calling, wireless charging, voice assistant, spo₂ & heart rate monitor, 110+ sports modes, smart watch for men & women - black",1699.0,3.8,2200.0,True,Limited time deal,1,0,0,1,0,1,1,0,1,0,0,0,1,0,0,0,0,0,0,1,1,0,fire-boltt legacy luxury round smart,Budget,0
"gamesir h18 pro smartwatch with long battery life, 2.01"" high-resolution screen, bluetooth calling, ip68 waterproof, tft display, luxury design for men & women (pink)",939.0,3.9,116.0,True,Limited time deal,0,0,0,0,0,1,1,0,0,0,0,0,0,0,0,1,1,0,0,1,1,0,gamesir h18 pro smartwatch with,Budget,0
"punnkfunnk evo vista smartwatch, 1.3” hd display bluetooth calling metal smartwatch, fitness & sleep tracker, 100+ sports modes, ip67 waterproof compatible with android & ios(gold)",1399.0,3.4,238.0,True,,0,1,0,0,0,1,1,0,0,0,1,0,1,0,0,1,0,1,0,0,0,0,"punnkfunnk evo vista smartwatch, 1.3”",Budget,0
"gamesir q15 kids smart watch – 1.44"" tft display | 3g/4g sim support | gps tracking & two-way calling | water rasistence| learning & gaming apps smartwatch for boys & girls-(blue)",1459.0,3.1,91.0,True,Limited time deal,0,0,0,0,1,0,1,0,0,0,0,0,0,0,0,0,0,0,0,0,0,1,gamesir q15 kids smart watch,Budget,0
"noise colorfit pro 5 max 1.96"" amoled display smart watch, bt calling, post training workout analysis, vo2 max, rapid health, 5x faster data transfer - space blue",3999.0,3.7,1800.0,True,,1,0,0,1,0,0,1,0,0,0,0,0,0,0,0,0,0,0,0,0,0,0,noise colorfit pro 5 max,Mid-Range,0
"fastrack astor fs1 pro smart watch, 1.97"" amoled display, bluetooth calling, 100+ sports modes, spo2 & heart rate monitoring, women's health, ip68, up to 5 days battery, functional crown (teal)",2499.0,4.0,1400.0,True,,1,0,0,1,0,1,1,0,1,1,0,0,1,0,0,0,1,0,0,1,1,0,fastrack astor fs1 pro smart,Budget,1
"imoo kids phone watch z1 – smart watch with gps tracker, 4g video & voice calls, advanced parental controls, durable quality with ipx8 water resistance, sos, gift for kids (green)",9490.0,4.2,2400.0,True,,0,0,0,0,1,0,0,0,0,0,0,0,0,0,0,0,0,0,0,0,0,1,imoo kids phone watch z1,Premium,1
"huawei watch fit 4 smartwatch, 1.82"" large display, up to 10-day battery life, dual band gps, 100+ sports modes, fitness health tracker, emotional assistant, compatible with android ios, white",12999.0,4.3,1800.0,True,,0,0,0,0,1,0,0,0,0,0,0,0,1,0,0,0,0,0,0,0,0,0,"huawei watch fit 4 smartwatch,",Premium,1
"boat lunar embrace w/vibrant 1.51"" (3.8 cm) amoled display,premium metal design, functional crown, 100+ sports mode, animated watch faces, built-in games, smart watch for men & women(steel grey)",3499.0,4.2,393.0,True,,1,0,0,1,0,0,0,0,0,0,0,0,1,0,0,0,0,0,0,1,1,0,"boat lunar embrace w/vibrant 1.51""",Mid-Range,0
"fastrack marvellous fx2 1.54"" super amoled smart watch with spo2, sleep monitor, bt calling, metal body, voice assistant, 100+ sports modes – smartwatch for professionals (black)",6799.0,3.8,922.0,True,,1,0,0,1,0,0,1,0,0,1,1,0,1,0,0,0,0,0,0,0,0,0,"fastrack marvellous fx2 1.54"" super",Mid-Range,0
"fastrack xtreme pro smartwatch with 1.43"" amoled display with 466 * 466 pixel resolution|singlesync bt calling|ai voice assistant|100+ sports modes and watchfaces|upto 5 day battery|ip68",3299.0,4.0,31.0,True,,1,0,0,1,0,0,1,0,0,0,0,0,1,0,0,0,1,0,0,0,0,0,fastrack xtreme pro smartwatch with,Mid-Range,0
"fire-boltt rise luxe bluetooth calling smart watch, 1.85”hd display,ai outfit watch face, 2 looks in 1 watch, extra straps at ₹99, 120+ sports modes, metal smartwatch for men & women (rose gold)",1216.0,3.1,94.0,True,,0,1,0,0,0,1,1,0,0,0,0,0,1,0,0,0,0,0,0,1,1,0,fire-boltt rise luxe bluetooth calling,Budget,0
"itel unicorn max smartwatch with 1.43"" amoled display, 1000 nits brightness, ai voice assistant, bluetooth v5.3, ip68 waterproof, 200+ watch faces, 100+ sports modes (copper gold)",850.0,3.7,126.0,True,,1,0,0,1,0,1,0,0,0,0,0,0,1,0,0,1,1,0,0,0,0,0,itel unicorn max smartwatch with,Budget,0
"fastrack astor fr2 pro 1.43"" amoled stainless steel smart watch with spo2, heart rate, bt calling, adaptive aod,functional crown, ai voice assistant – smartwatch for stylish professionals (rose gold)",3407.0,4.2,1100.0,True,,1,0,0,1,0,0,1,0,1,1,0,0,0,0,0,0,0,0,0,0,0,0,"fastrack astor fr2 pro 1.43""",Mid-Range,1
"fire-boltt ninja phantom smart watch 1.83” display, transparent clear body design, bluetooth calling, 120+ sports modes, voice assistant, ai outfit watch face smartwatch for men & women black smoke",999.0,4.0,1500.0,True,,0,0,0,0,0,1,1,0,0,0,0,0,1,0,0,0,0,0,0,1,1,0,fire-boltt ninja phantom smart watch,Budget,1
"fastrack limitless glide x 1.83"" smart watch with ultra uv hd display, spo2, heart rate & sleep tracking, bluetooth calling, 100+ sports modes, 5-day battery, smartwatch for men & women (green)",1299.0,3.8,186.0,True,,0,1,0,0,0,1,1,0,1,1,1,0,1,0,0,0,0,0,0,1,1,0,"fastrack limitless glide x 1.83""",Budget,0
samsung galaxy fit3 (gray) | 4cm amoled display | 13 days battery | 100+ exercises | media control | track sleep | track your workout,3899.0,4.2,2900.0,True,,1,0,0,1,0,0,0,0,0,0,1,0,0,0,0,0,0,0,0,0,0,0,samsung galaxy fit3 (gray) |,Mid-Range,1
"boat lunar discovery neo, 1.39"" (3.5 cm) round hd display, premium metallic finish, animated watchfaces, 100+ sports mode, bluetooth calling, smart watch for men & women (ocean blue)",1399.0,4.0,21200.0,True,,0,1,0,0,0,1,1,0,0,0,0,0,1,0,0,0,0,0,0,1,1,0,"boat lunar discovery neo, 1.39""",Budget,1
"titan celestor 1.43"" amoled smart watch with built-in gps, advanced health intelligence, ai voice assistant, aluminium case, 100+ sports modes, water resistance – smartwatch for men & women (beige)",9995.0,4.0,411.0,True,,1,0,0,1,1,0,0,0,0,0,0,0,1,0,0,0,0,0,0,1,1,0,"titan celestor 1.43"" amoled smart",Premium,0
"fire-boltt phoenix air smart watch 1.26” round display, rotating button, wireless charging, ultra lightweight metal body, bluetooth calling, smartwatch with silicone & mesh steel straps mocha brown",1099.0,4.1,1700.0,True,Limited time deal,0,0,0,0,0,1,1,0,0,0,0,0,0,0,0,0,0,0,0,0,0,0,fire-boltt phoenix air smart watch,Budget,1
"fire-boltt ninja x ring smart watch with 1.96” large display, bluetooth calling, wireless charging, wireless charging",1199.0,4.1,18500.0,True,,0,0,0,0,0,1,1,0,0,0,0,0,0,0,0,0,0,0,0,0,0,0,fire-boltt ninja x ring smart,Budget,1
"noise colorfit pulse 3 with 1.96"" biggest display bluetooth calling smart watch, premium build, auto sport detection & 170+ watch faces smartwatch for men & women (deep wine)",1499.0,3.9,5100.0,True,,0,0,0,0,0,1,1,0,0,0,0,0,0,0,0,0,0,0,0,1,1,0,noise colorfit pulse 3 with,Budget,0
"noise pro 5 smart watch with 1.85"" amoled display, bt calling, new diy watch faces, ultra personalization with smart dock, productivity suite, 100 sports modes and more - (elite black)",3499.0,3.8,2200.0,True,,1,0,0,1,0,0,1,0,0,0,0,0,1,0,0,0,0,0,0,0,0,0,noise pro 5 smart watch,Mid-Range,0
"nervfit vibe smartwatch with 1.85"" truecolor+ led display | bluetooth calling | waterproof | heart rate & spo2 tracking | sleep & stress monitor | 5-day battery | sports modes (midnight black)",1649.0,4.4,101.0,True,,0,0,0,0,0,1,1,0,1,1,1,0,1,0,0,1,0,0,0,0,0,0,"nervfit vibe smartwatch with 1.85""",Budget,0
"imoo kids watch phone z7 [4g cellular + gps + health], 4g smartwatch, hd video & voice call, gps enabled with 14 days historical track, kids emotion detector, heartrate, body temp., spo2 (pink)",15490.0,4.3,247.0,True,,0,0,0,0,1,0,0,0,0,1,0,0,0,0,0,0,0,0,0,0,0,1,imoo kids watch phone z7,Premium,0
"fire‑boltt rise smart watch 1.85″ hd display with bluetooth calling, ai voice assistant, rotating crown,spo2 & heart rate monitor, 120+ sports modes,ip67 waterproof smart watch for men & women - black",1199.0,4.0,40800.0,True,,0,1,0,0,0,1,1,0,1,1,0,0,1,0,0,1,0,1,0,1,1,0,fire‑boltt rise smart watch 1.85″,Budget,1
"fire-boltt talk round smart watch 1.39″ tft display with bluetooth calling, dual button, voice assistance, spo₂ & heart rate monitor, 120+ sports modes, smartwatch for men & women - wine",1099.0,4.0,60100.0,True,,0,0,0,0,0,1,1,0,1,0,0,0,1,0,0,0,0,0,0,1,1,0,fire-boltt talk round smart watch,Budget,1
"boat chrome eon, premium metal body, 1.43” (3.63 cm) amoled round display, ai coach health insights, advanced s1 processor, auto heart rate, hrv, vo2 max, smart watch for men & women (sterling black)",3999.0,4.0,137.0,True,,1,0,0,1,0,0,0,0,1,0,0,0,0,0,0,0,0,0,0,1,1,0,"boat chrome eon, premium metal",Mid-Range,0
"fastrack vox pro smart watch with offline voice commands,to-do list, rotary crown, 1.38” tft display, bt calling, 24/7 health suite, spo2, hrm, sleep tracking, ip68 water resistant - leafy sage",2399.0,4.1,25.0,True,,0,0,0,0,0,0,1,0,0,1,1,0,0,0,0,0,1,0,0,0,0,0,fastrack vox pro smart watch,Budget,0
"noise endeavour pro outdoor rugged military smart watch, titanium alloy bezel, dual-band gps, 164ft water resistance, 28 days battery on standby, ai companion, for ios & android (driftstone beige)",9999.0,4.0,2500.0,True,,0,0,0,0,1,0,0,0,0,0,0,0,0,0,0,0,0,0,0,0,0,0,noise endeavour pro outdoor rugged,Premium,1
"goboult trail pro smartwatch 2.01''3dcurved+ amoled display,bt calling 5.3, 600nits brightness, ip68, 250+ watchfaces, 123+ sports modes, ai voice assistant, spo2 tracking (jet black)",1799.0,3.7,376.0,True,,1,0,0,1,0,0,1,0,0,1,0,0,1,0,0,0,1,0,0,0,0,0,goboult trail pro smartwatch 2.01''3dcurved+,Budget,0
"boat lunar discovery neo, 1.39"" (3.5 cm) round hd display, premium metallic finish, animated watchfaces, 100+ sports mode, bluetooth calling, smart watch for men & women (olive gold)",1199.0,4.0,21200.0,True,,0,1,0,0,0,1,1,0,0,0,0,0,1,0,0,0,0,0,0,1,1,0,"boat lunar discovery neo, 1.39""",Budget,1
"fire-boltt ninja call pro max nyluxe smart watch 2.01″ with bluetooth calling, voice assistance, spo2 & heart rate monitor, 120+ sports modes, ip67 waterproof, smart watch for men & women - grey",999.0,3.7,6200.0,True,Limited time deal,0,0,0,0,0,1,1,0,1,1,0,0,1,0,0,1,0,1,0,1,1,0,fire-boltt ninja call pro max,Budget,0
"noise twist go round dial smartwatch with bt calling, 1.39"" display, metal build, 100+ watch faces, ip68, sleep tracking, 100+ sports modes, 24/7 heart rate monitoring (elite black)",1999.0,3.9,1600.0,True,Limited time deal,0,0,0,0,0,0,1,0,1,0,1,0,1,0,0,0,1,0,0,0,0,0,noise twist go round dial,Budget,0
"goboult drift max smartwatch 2.01'' hd screen, bt calling 5.2, 350 nits brightness, ip67, 150+ watchfaces, 120+ sports modes, ai voice assistant, spo2 monitoring (silver)",1499.0,3.8,129.0,True,,0,0,0,0,0,0,1,0,0,1,0,0,1,0,0,0,0,1,0,0,0,0,goboult drift max smartwatch 2.01'',Budget,0
"fire-boltt phoenix air smart watch 1.26” round display, rotating button, wireless charging, ultra lightweight metal body, bluetooth calling, smartwatch with silicone & mesh steel straps carbon black",1099.0,4.1,1700.0,True,Limited time deal,0,0,0,0,0,1,1,0,0,0,0,0,0,0,0,0,0,0,0,0,0,0,fire-boltt phoenix air smart watch,Budget,1
"goboult newly launched rover pro 1.43'' amoled, free straps, bluetooth calling, ip68, zinc alloy frame, 1000 nits brightness, ai voice assistant, spo2, 120+ sports mode smartwatch (pure black)",1799.0,3.6,26.0,True,,1,0,0,1,0,1,1,0,0,1,0,0,1,0,0,0,1,0,0,0,0,0,goboult newly launched rover pro,Budget,0
"titan smart 3 premium smart watch|1.96"" super amoled display with 410x502 pixel resolution|singlesync bt calling|nitrofast charging|110+ sports modes|200+ watchfaces|upto 7 day battery",4999.0,3.7,507.0,True,Limited time deal,1,0,0,1,0,0,1,0,0,0,0,0,1,0,0,0,0,0,0,0,0,0,titan smart 3 premium smart,Mid-Range,0
"fire-boltt phoenix pro round smart watch 1.39″ hd display with bluetooth calling, ai voice assistant, spo2 & heart rate monitor, 120+ sports modes, ip67 waterproof smartwatch for men & women - black",1399.0,3.9,100000.0,True,,0,1,0,0,0,1,1,0,1,1,0,0,1,0,0,1,0,1,0,1,1,0,fire-boltt phoenix pro round smart,Budget,0
"fire-boltt phoenix pro round smart watch 1.39"" hd display with bluetooth calling, ai voice assistant, spo2 & heart rate monitor, 120+ sports modes, ip67 waterproof smartwatch for women - golden pink",1399.0,3.9,100000.0,True,Limited time deal,0,1,0,0,0,1,1,0,1,1,0,0,1,0,0,1,0,1,0,1,1,0,fire-boltt phoenix pro round smart,Budget,0
"titan evoke 2.0, 1.32"" amoled display smart watch with aod,1000 nits, functional crown, magnetic strap, metal body,fast charge,24/7 health suite, bt calling, spo2, hrm, ip68 smartwatch - glacier blue",8074.0,4.3,54.0,True,,1,0,0,1,0,0,1,0,0,1,0,0,0,0,0,0,1,0,0,0,0,0,"titan evoke 2.0, 1.32"" amoled",Premium,0
"titan celestor 2.0 smartwatch with 1.43"" inch amoled display, dual band gps, abc, offline maps, 5 atm, training load & readiness, running courses, offline music, titanq, hybrid strap​ - orion blue",11499.0,3.9,27.0,True,,1,0,0,1,1,0,0,0,0,0,0,0,0,0,0,0,0,0,0,0,0,0,titan celestor 2.0 smartwatch with,Premium,0
"fire-boltt talk round smart watch 1.39″ tft display with bluetooth calling, dual button, voice assistance, spo₂ & heart rate monitor, 120+ sports modes, smartwatch for men & women - blue",1099.0,4.0,60100.0,True,Limited time deal,0,0,0,0,0,1,1,0,1,0,0,0,1,0,0,0,0,0,0,1,1,0,fire-boltt talk round smart watch,Budget,1
"noise icon arc 2.01"" immersive curved display smartwatch, 10-day battery, 1atm water resistant, functional crown, 100+ sports modes, health suite™, voice assistant, built-in games (elite black)",1699.0,4.0,1100.0,True,,0,0,0,0,0,0,0,0,0,0,0,0,1,0,0,0,0,0,0,0,0,0,"noise icon arc 2.01"" immersive",Budget,1
"fire-boltt ninja phantom smart watch 1.83” display, transparent clear body design, bluetooth calling, 120+ sports modes, voice assistant, ai outfit watch face smartwatch for men & women shadow olive",999.0,4.0,1500.0,True,,0,0,0,0,0,1,1,0,0,0,0,0,1,0,0,0,0,0,0,1,1,0,fire-boltt ninja phantom smart watch,Budget,1
"noise twist go round dial smartwatch with bt calling, 1.39"" display, metal build, 100+ watch faces, ip68, sleep tracking, 100+ sports modes, 24/7 heart rate monitoring (black link)",1899.0,3.7,663.0,True,,0,0,0,0,0,0,1,0,1,0,1,0,1,0,0,0,1,0,0,0,0,0,noise twist go round dial,Budget,0
"boat ultima prime smartwatch with 1.43” amoled display, aod, personalized fitness nudges, functional crown,100+ sports modes, create your own watchface, smartwatch for man and woman (forest green)",2199.0,3.9,2600.0,True,,1,0,0,1,0,0,0,0,0,0,0,0,1,0,0,0,0,0,0,0,0,0,boat ultima prime smartwatch with,Budget,0
"noise pro 6 smart watch:intelligent ai, endless ai watch faces, ai companion, 1.85” amoled, en2 processor, nebula ui 2.0, emergency sos, compatible with ios & android(rose-gold link)",6499.0,4.0,24100.0,True,,1,0,0,1,0,0,0,0,0,0,0,0,0,0,0,0,0,0,0,0,0,0,noise pro 6 smart watch:intelligent,Mid-Range,1
"gamesir kids smartwatch for boys & girls, men & women, sim card support, location tracker/gps system, camera, video,notification, alarm, water rasistance, calling smart watch-green",1499.0,2.9,313.0,False,,0,0,0,0,1,0,1,0,0,0,0,0,0,0,0,0,0,0,0,1,1,1,gamesir kids smartwatch for boys,Budget,0
"boat storm infinity w/15 days extensive battery life, only charge twice a month, huge 550mah battery, fast charge, 1.83”(4.65cm) display, fitness tracker, smart watch for men & women (cherry blossom)",1499.0,4.0,873.0,True,,0,0,0,0,0,0,0,0,0,0,0,0,0,1,0,0,0,0,0,1,1,0,boat storm infinity w/15 days,Budget,0
"fastrack new limitless x2 smartwatch|1.91"" ultravu with rotating crown|60 hz refresh rate|advanced chipset|singlesync bt calling|nitrofast charge|100+ sports mode & faces|upto 5 day battery|ip68,teal",1699.0,4.0,2400.0,True,,0,0,0,0,0,0,1,0,0,0,0,0,1,0,0,0,1,0,0,0,0,0,"fastrack new limitless x2 smartwatch|1.91""",Budget,1
"fire-boltt ninja x ring smart watch with 1.96” large display, bluetooth calling, wireless charging, ai voice assistant, 500+ watch faces, health suite, smart watch for man & woman – black s",1199.0,4.1,18500.0,True,,0,0,0,0,0,1,1,0,0,0,0,0,0,0,0,0,0,0,0,0,0,0,fire-boltt ninja x ring smart,Budget,1
"fastrack volt s1 smart watch for man and women latest with 1.83"" display, silicone strap, bt calling, 100+ sports modes, heart rate, spo2, ip68, ideal smartwatch for boys and girls (wine red)",1599.0,4.1,249.0,True,,0,0,0,0,0,0,1,0,1,1,0,0,1,0,0,0,1,0,0,1,1,0,fastrack volt s1 smart watch,Budget,0
"noise endeavour (smartchoice) rugged design 1.46"" amoled display smart watch, bt calling, sos feature, rapid health & 100+ sports modes- (black)",3499.0,4.0,2500.0,True,,1,0,0,1,0,0,1,0,0,0,0,0,1,0,0,0,0,0,0,0,0,0,noise endeavour (smartchoice) rugged design,Mid-Range,1
"gamesir novolux hd display smartwatch for men & women answer/make calls, heart rate monitor, 113+ sports modes, step counter, ip68 waterproof, compatible with android & ios(metal grey)",999.0,3.6,110.0,True,Limited time deal,0,1,0,0,0,0,0,0,1,0,0,0,1,0,1,1,1,0,0,1,1,0,gamesir novolux hd display smartwatch,Budget,0
"titan smart pro smartwatch with amoled display,gps,temperature,stress & sleep monitor,multisport tracker,spo2,women health monitor,5 atm water resistance & upto 14 days battery life-90149ap04(red)",11995.0,3.4,252.0,True,,1,0,0,1,1,0,0,0,0,1,1,0,0,0,0,0,0,0,0,1,1,0,titan smart pro smartwatch with,Premium,0
"fire-boltt ninja call pro max ultra bluetooth calling smart watch, 2.01"" hd display, 120+ sports modes, health suite, ai voice assistance, spo2 smartwatch for men & women - silver link",999.0,3.9,120000.0,True,Limited time deal,0,1,0,0,0,1,1,0,0,1,0,0,1,0,0,0,0,0,0,1,1,0,fire-boltt ninja call pro max,Budget,0
"amazfit active 2 premium (smartchoice) 44mm smart watch, sapphire glass display, free silicon strap, built in gps, 10day battery, 5atm, ios & android, 2000 nits, 160+ sports mode, black leather",11999.0,4.4,1400.0,True,,0,0,0,0,1,0,0,0,0,0,0,0,1,0,0,0,0,0,1,0,0,0,amazfit active 2 premium (smartchoice),Premium,1
"huawei watch gt 5 46mm smartwatch, up to 14 days battery life, ios & android compatible,built in maps, pro-level sports call&message reply, free freebuds 5i (black, 46mm)",14999.0,4.5,1100.0,True,,0,0,0,0,0,0,0,0,0,0,0,0,1,0,0,0,0,0,0,0,0,0,huawei watch gt 5 46mm,Premium,1
punnkfunnk h9 1.96” hd display smartwatch for men & women | bluetooth calling | heart rate | spo2 | sleep monitor | 100+ sports modes | ip67 waterproof fitness watch for android & ios - (white),949.0,3.7,227.0,True,,0,1,0,0,0,1,1,0,1,1,1,0,1,0,0,1,0,1,0,1,1,0,punnkfunnk h9 1.96” hd display,Budget,0
"noise vortex plus 1.46” amoled display, aod, bt calling, sleek metal finish with mesh strap, 7 days battery life, all new os with 100+ watch faces & health suite (gold link)",2999.0,4.0,56200.0,True,,1,0,0,1,0,0,1,0,0,0,0,0,0,0,0,0,0,0,0,0,0,0,noise vortex plus 1.46” amoled,Budget,1
"noise halo plus 1.46"" super amoled display elite smart watch, bluetooth calling, stainless steel build, always on display, upto 7 days battery (elite black)",2999.0,4.1,7600.0,True,,1,0,0,1,0,1,1,0,0,0,0,0,0,0,0,0,0,0,0,0,0,0,"noise halo plus 1.46"" super",Budget,1
"fastrack jupitor r2 smart watch, 1.38” tft display, 240 * 240 pixel resolution, singlesync bt calling, ai voice assistant, 100+ sports modes & smartwatch faces,upto 5 day battery, ip68 (beige)",1799.0,3.8,129.0,True,,0,0,0,0,0,0,1,0,0,0,0,0,1,0,0,0,1,0,0,0,0,0,"fastrack jupitor r2 smart watch,",Budget,0
samsung galaxy fit3 (pink gold) | 4cm amoled display | 13 days battery | 100+ exercises | media control | track sleep | track your workout,4699.0,4.2,2900.0,True,,1,0,0,1,0,0,0,0,0,0,1,0,0,0,0,0,0,0,0,0,0,0,samsung galaxy fit3 (pink gold),Mid-Range,1
"noise twist round dial smart watch with bluetooth calling, 1.38"" tft display, up-to 7 days battery, 100+ watch faces, ip68, heart rate monitor, sleep tracking (rose pink)",1599.0,4.1,2200.0,True,,0,0,0,0,0,1,1,0,1,0,1,0,0,0,0,0,1,0,0,0,0,0,noise twist round dial smart,Budget,1
fossil gen 6 display wellness edition black smartwatch ftw4069,7198.0,3.3,1600.0,True,Limited time deal,0,0,0,0,0,0,0,0,0,0,0,0,0,0,0,0,0,0,0,0,0,0,fossil gen 6 display wellness,Premium,0
"fire-boltt phoenix air smart watch 1.26” round display, rotating button, wireless charging, ultra lightweight metal body, bluetooth calling, smartwatch with silicone & mesh steel straps rose metal",1099.0,4.1,1700.0,True,Limited time deal,0,0,0,0,0,1,1,0,0,0,0,0,0,0,0,0,0,0,0,0,0,0,fire-boltt phoenix air smart watch,Budget,1
"punnkfunnk novolux hd display smartwatch for men & women answer/make calls, heart rate monitor, 113+ sports modes, step counter, ip68 waterproof, compatible with android & ios(black)",949.0,3.6,163.0,True,Limited time deal,0,1,0,0,0,0,0,0,1,0,0,0,1,0,1,1,1,0,0,1,1,0,punnkfunnk novolux hd display smartwatch,Budget,0
"noise icon arc 2.01"" immersive curved display smartwatch, 10-day battery, 1atm water resistant, functional crown, 100+ sports modes, health suite™, voice assistant, built-in games (space blue)",1299.0,4.0,1100.0,True,,0,0,0,0,0,0,0,0,0,0,0,0,1,0,0,0,0,0,0,0,0,0,"noise icon arc 2.01"" immersive",Budget,1
"fastrack astor fs1 pro smart watch, 1.97"" amoled display, bluetooth calling, 100+ sports modes, spo2 & heart rate monitoring, women's health, ip68, up to 5 days battery, functional crown (black)",2499.0,4.0,1400.0,True,,1,0,0,1,0,1,1,0,1,1,0,0,1,0,0,0,1,0,0,1,1,0,fastrack astor fs1 pro smart,Budget,1
"amazfit balance (smartchoice) 46mm amoled smart watch, body composition, 14 days battery, dual-band gps, bt calling, vo₂ max, aluminium alloy frame, temperature sensor, ai zepp coach(sunset grey)",15999.0,4.2,282.0,True,Limited time deal,1,0,0,1,1,0,1,0,0,0,0,0,0,0,0,0,0,0,0,0,0,0,amazfit balance (smartchoice) 46mm amoled,Premium,0
"boat new launch storm infinity max, 20 days maximum battery, biggest battery capacity ever! 2.01"" (5.1cm) display, functional crown, ai nudges, bt calling, smart watch for men & women (sky blue)",1599.0,4.0,873.0,True,,0,0,0,0,0,0,1,0,0,0,0,0,0,0,0,0,0,0,0,1,1,0,boat new launch storm infinity,Budget,0
"noise pulse hyper smart watch with 21 days battery, 1.85"" display, ai watch faces, 100+ sports modes, health suite, spo2 & heart rate monitor, 1atm water resistant(deep wine)",1599.0,4.0,24400.0,True,,0,0,0,0,0,0,0,0,1,1,0,0,1,0,0,0,0,0,0,0,0,0,noise pulse hyper smart watch,Budget,1
"fastrack limitless glide x 1.83"" smart watch with ultra uv hd display, spo2, heart rate & sleep tracking, bluetooth calling, 100+ sports modes, 5-day battery, smartwatch for men & women (black)",1299.0,3.7,39.0,False,,0,1,0,0,0,1,1,0,1,1,1,0,1,0,0,0,0,0,0,1,1,0,"fastrack limitless glide x 1.83""",Budget,0
"fire‑boltt rise smart watch 1.85″ hd display with bluetooth calling, ai voice assistant, rotating crown,spo2 & heart rate monitor, 120+ sports modes,ip67 waterproof smart watch for men & women - beige",1099.0,4.0,40800.0,True,,0,1,0,0,0,1,1,0,1,1,0,0,1,0,0,1,0,1,0,1,1,0,fire‑boltt rise smart watch 1.85″,Budget,1
"noise vortex plus 1.46” amoled display, aod bt calling, sleek metal finish, 7 days battery life, all new os and with 100+ watch faces & health suite (classic brown)",2299.0,3.2,17.0,True,,1,0,0,1,0,0,1,0,0,0,0,0,0,0,0,0,0,0,0,0,0,0,noise vortex plus 1.46” amoled,Budget,0
"goboult crown r pro smart watch 1.43''hd amoled, working crown, zinc alloy frame, 600 nits brightness, ai voice assistant, spo2 monitoring, 120+ sports mode (chrome)",1999.0,4.0,622.0,True,,1,0,0,1,0,0,0,0,0,1,0,0,1,0,0,0,0,0,0,0,0,0,goboult crown r pro smart,Budget,0
"hammer ace 3.0 bluetooth calling smart watch with largest 1.85"" ips display, dual mode, spo2, heart rate, strong metallic body & skin friendly strap (black)",1099.0,3.5,1300.0,True,,0,0,0,0,0,1,1,0,1,1,0,0,0,0,0,0,0,0,0,0,0,0,hammer ace 3.0 bluetooth calling,Budget,0
"punnkfunnk evo vista smartwatch, 1.3” hd display bluetooth calling metal smartwatch, fitness & sleep tracker, 100+ sports modes, ip67 waterproof compatible with android & ios(black)",1399.0,3.4,238.0,True,,0,1,0,0,0,1,1,0,0,0,1,0,1,0,0,1,0,1,0,0,0,0,"punnkfunnk evo vista smartwatch, 1.3”",Budget,0
"boat ultima regal w/ 2.01”(5.10 cm) crystal-clear amoled display, 1000 nits brightness,premium metal body, functional crown, 100+ sports modes, fitness smart watch for men & women (active black)",2605.0,3.9,285.0,True,,1,0,0,1,0,0,0,0,0,0,0,0,1,0,0,0,0,0,0,1,1,0,boat ultima regal w/ 2.01”(5.10,Budget,0
"boat lunar vista w/large 1.52"" (3.8 cm) auravue display, aod, 550 nits brightness, functional crown,100+ sports mode, heart rate & sp02 monitoring, fitness smart watch for men & women (active black)",1599.0,4.0,7300.0,True,,0,0,0,0,0,0,0,0,1,0,0,0,1,0,0,0,0,0,0,1,1,0,"boat lunar vista w/large 1.52""",Budget,1
"fastrack jupiter retro 1.83"" display smart watch with bt calling, functional crown, metal strap, 100+ sports modes, health suite, ip68 – smartwatch for man & women latest (gun black)",1999.0,4.0,109.0,True,,0,0,0,0,0,0,1,0,0,0,0,0,1,0,0,0,1,0,0,1,1,0,"fastrack jupiter retro 1.83"" display",Budget,0
"fire-boltt ring s smart watch 1.96"" super amoled display bluetooth calling, voice assistant, spo2 & heart rate monitor, 120+ sports modes, ip67 waterproof smartwatch for men & women - wine",2499.0,2.8,8.0,True,,1,0,0,1,0,1,1,0,1,1,0,0,1,0,0,1,0,1,0,1,1,0,fire-boltt ring s smart watch,Budget,0
"titan valerie 1.19"" amoled studded stainless steel smart watch for women, next-gen chipset, functional crown, sos & bt calling, women wellness suite, bp & skin temp monitor, fast charging (brown)",8999.0,3.9,337.0,True,,1,0,0,1,0,0,1,0,0,0,0,0,0,0,0,0,0,0,0,1,1,0,"titan valerie 1.19"" amoled studded",Premium,0
"goboult drift max smartwatch 2.01'' hd screen, bt calling 5.2, 350 nits brightness, ip68, 250+ watchfaces, 120+ sports modes, ai voice assistant, spo2 monitoring (coal black)",1499.0,4.0,717.0,True,,0,0,0,0,0,0,1,0,0,1,0,0,1,0,0,0,1,0,0,0,0,0,goboult drift max smartwatch 2.01'',Budget,0
"fastrack xtreme pro smartwatch with 1.43"" amoled display with 466 * 466 pixel resolution|singlesync bt calling|ai voice assistant|100+ sports modes and watchfaces|upto 5 day battery|ip68",3299.0,3.9,133.0,True,,1,0,0,1,0,0,1,0,0,0,0,0,1,0,0,0,1,0,0,0,0,0,fastrack xtreme pro smartwatch with,Mid-Range,0
"boat storm call 3 w/tbt navigation, daily activity tracker, diy watch face studio,700+ active modes, 1.83"" (4.6 cm) hd display fitness smart watch for men & women(black metal)",1549.0,4.1,34800.0,True,,0,1,0,0,0,0,0,0,0,0,0,0,0,0,0,0,0,0,0,1,1,0,boat storm call 3 w/tbt,Budget,1
"noise origin smart watch smoothest ui experience (new nebula ui) & en 1 processor, 1.46"" apexvision amoled display, stainless steel, contour-cut design, fitness age, fast charging (classic black)",2499.0,4.1,7600.0,True,Limited time deal,1,0,0,1,0,0,0,0,0,0,0,0,0,0,0,0,0,0,0,0,0,0,noise origin smart watch smoothest,Budget,1
"noise ultra 3 luminary smart watch with india's 1st ever personalised notification alerts (lumilert),1.96"" amoled, premium metallic dial,send upto 5 emojis (lumiping), health suite (forest green)",2799.0,3.8,747.0,True,,1,0,0,1,0,0,0,0,0,0,0,0,0,0,0,0,0,0,0,0,0,0,noise ultra 3 luminary smart,Budget,0
"noise origin smart watch smoothest ui experience (new nebula ui) & en 1 processor, 1.46"" apexvision amoled display, stainless steel, contour-cut design, fitness age, fast charging (silver grey)",2499.0,4.1,7600.0,True,,1,0,0,1,0,0,0,0,0,0,0,0,0,0,0,0,0,0,0,0,0,0,noise origin smart watch smoothest,Budget,1
"fire-boltt phoenix ultra round smart watch 1.39"" with bluetooth calling, ai voice assistant, spo2 & heart rate monitor, 120+ sports modes, ip67 waterproof metal smart watch for men & women - grey",1299.0,3.7,6200.0,True,Limited time deal,0,0,0,0,0,1,1,0,1,1,0,0,1,0,0,1,0,1,0,1,1,0,fire-boltt phoenix ultra round smart,Budget,0
"fire-boltt talk 2 pro bluetooth calling smartwatch, 1.39"" tft display with dual button, hands on voice assistance, 120 sports modes, in built mic & speaker (talk 2, pink)",1020.0,4.0,60100.0,True,,0,0,0,0,0,1,1,0,0,0,0,0,1,0,0,0,0,0,0,0,0,0,fire-boltt talk 2 pro bluetooth,Budget,1
"fastrack limitless fs2+ smart watch, 2.01"" ultravu display, functional crown, singlesync bt calling, 110+ sports modes, 200+ smartwatch faces, upto 7 day battery, ai voice assistant, 200 watts (black)",1599.0,4.0,1300.0,True,,0,0,0,0,0,0,1,0,0,0,0,0,1,0,0,0,0,0,0,0,0,0,"fastrack limitless fs2+ smart watch,",Budget,1
"noise twist go smart watch 1.39"" display, trusyncᵀᴹ bt calling, glossy metal finish, 150+ watch faces, ip68, sleep tracking, 100+ sports modes, smart watch for men and women (silver blue)",1599.0,3.5,85.0,True,,0,0,0,0,0,0,1,0,0,0,1,0,1,0,0,0,1,0,0,1,1,0,noise twist go smart watch,Budget,0
"crossbeats everest 2.0 2026 smart watch for men 1.43"" true amoled, always on display bluetooth calling rugged outdoor flash light upto 15 days battery life smartwatch 100+ sports mode (black)",3709.0,4.0,206.0,True,,1,0,0,1,0,1,1,0,0,0,0,0,1,0,0,0,0,0,0,1,0,0,crossbeats everest 2.0 2026 smart,Mid-Range,0
"noise origin smart watch smoothest ui experience (new nebula ui) & en 1 processor, 1.46"" apexvision amoled display, stainless steel, contour-cut design, fitness age, fast charging (classic brown)",2499.0,4.1,7600.0,True,Limited time deal,1,0,0,1,0,0,0,0,0,0,0,0,0,0,0,0,0,0,0,0,0,0,noise origin smart watch smoothest,Budget,1
"noise newly launched vortex plus 1.46” amoled display, aod, bt calling, sleek metal finish, 7 days battery life, all new os with 100+ watch faces & health suite (silver link)",2499.0,4.0,56200.0,True,,1,0,0,1,0,0,1,0,0,0,0,0,0,0,0,0,0,0,0,0,0,0,noise newly launched vortex plus,Budget,1
"fastrack jupitor r2 smart watch, 1.38” tft display, 240 * 240 pixel resolution, singlesync bt calling, ai voice assistant, 100+ sports modes & smartwatch faces,upto 5 day battery, ip68 (black)",1799.0,3.8,129.0,True,,0,0,0,0,0,0,1,0,0,0,0,0,1,0,0,0,1,0,0,0,0,0,"fastrack jupitor r2 smart watch,",Budget,0
"fastrack vox plus 1.85” smart watch for men & women with ultra vu display,to-do list,bt calling, offline voice commands, 24/7 health suite (spo₂, hrm, sleep), ip68, games & multiple watch faces",2199.0,4.4,40.0,True,,0,0,0,0,0,0,1,0,0,0,1,0,0,0,0,0,1,0,0,1,1,0,fastrack vox plus 1.85” smart,Budget,0
"boat new launch storm infinity max, 20 days maximum battery, biggest battery capacity ever! 2.01"" (5.1cm) display, functional crown, ai nudges, bt calling, smart watch for men & women (pink)",1599.0,4.0,873.0,True,,0,0,0,0,0,0,1,0,0,0,0,0,0,0,0,0,0,0,0,1,1,0,boat new launch storm infinity,Budget,0
punnkfunnk q18 kids calling smart watch for boys & girls | 2-way voice calling & message | sim card | selfie camera | parent control app | voice chat | long battery life | lbs location tracking (red),1342.0,3.0,1300.0,True,,0,0,0,0,0,0,1,0,0,0,0,0,0,0,0,0,0,0,0,0,0,1,punnkfunnk q18 kids calling smart,Budget,0
"noise new macro smart watch with 2.0” hd display,metallic finish bt calling, functional crown, 7 days battery life, sleep tracking, 200+ watch faces (elite black)",1799.0,4.0,890.0,True,,0,1,0,0,0,0,1,0,0,0,1,0,0,0,0,0,0,0,0,0,0,0,noise new macro smart watch,Budget,0
"timex smart nexgen 1.43""(3.6cm) amoled display with functional crown, stainless steel bracelet and bt calling smartwatch for unisex - twtxw701t",5394.0,4.3,5.0,True,,1,0,0,1,0,0,1,0,0,0,0,0,0,0,0,0,0,0,0,0,0,0,"timex smart nexgen 1.43""(3.6cm) amoled",Mid-Range,0
"fire-boltt rise force smart watch 1.85” display, nylon–fluoroelastomer hybrid strap, rotating crown, bluetooth calling, dual button control, metal body smartwatch for men and women sandstone",999.0,4.0,1200.0,True,,0,0,0,0,0,1,1,0,0,0,0,0,0,0,0,0,0,0,0,1,1,0,fire-boltt rise force smart watch,Budget,1
"boat chrome horizon, premium metal body, video watch faces, 1.51”(3.83cm) amoled round display, hrv & vo2 max, auto-activity detection, asap charge, hrv smartwatch for men & women (midnight black)",2999.0,4.0,444.0,True,,1,0,0,1,0,0,0,0,0,0,0,0,0,0,0,0,0,0,0,1,1,0,"boat chrome horizon, premium metal",Budget,0
"gamesir kids smartwatch for boys & girls, men & women, sim card support, location tracker/gps system, music player, camera, video,notification, alarm, waterproof, calling smart watch (purple)",1499.0,2.9,313.0,False,,0,0,0,0,1,0,1,0,0,0,0,0,0,0,0,1,0,0,0,1,1,1,gamesir kids smartwatch for boys,Budget,0
"nervfit pulse smartwatch with 1.83"" truecolor+ hd display | bluetooth calling | waterproof | heart rate & spo2 tracking | sleep & stress monitor | 5-day battery | sports modes (pulse black)",999.0,4.4,101.0,True,,0,1,0,0,0,1,1,0,1,1,1,0,1,0,0,1,0,0,0,0,0,0,"nervfit pulse smartwatch with 1.83""",Budget,0
"fastrack limitless fs2 pro 1.96"" amoled smart watch with bt calling, ai voice assistant, 100+ sports modes, 5-day battery, fast charge, health tracking, – smartwatch for men & women (blue)",2995.0,3.9,1500.0,True,,1,0,0,1,0,0,1,0,0,0,0,0,1,0,0,0,0,0,0,1,1,0,"fastrack limitless fs2 pro 1.96""",Budget,0
"noise quad call 1.81"" display, bluetooth calling smart watch, ai voice assistance, 160+hrs battery life, metallic build, in-built games, 100 sports modes, 100+ watch faces, 5 watts (elite black)",1599.0,4.0,10300.0,True,,0,0,0,0,0,1,1,0,0,0,0,0,1,0,0,0,0,0,0,0,0,0,"noise quad call 1.81"" display,",Budget,1
"fire-boltt ninja x ring smart watch 1.96"" always on display bluetooth calling, voice assistant, spo2 & heart rate, 120+ sports modes, ip67 waterproof smartwatch for men & women - black mesh",2499.0,4.0,3100.0,True,Limited time deal,0,0,0,0,0,1,1,0,1,1,0,0,1,0,0,1,0,1,0,1,1,0,fire-boltt ninja x ring smart,Budget,1
"noise colorfit ultra 3 bluetooth calling smart watch with biggest 1.96"" amoled display, premium metallic build, functional crown, gesture control with silicon strap (teal blue)",2299.0,4.1,7600.0,True,,1,0,0,1,0,1,1,0,0,0,0,0,0,0,0,0,0,0,0,0,0,0,noise colorfit ultra 3 bluetooth,Budget,1
"boat enigma radiant luxury watch for man w/1.43""(3.63 cm) amoled display, aod, premium metal build, round dial, 200+watch faces, upto 7 days battery life, fitness smartwatch for men (active black)",2799.0,3.9,1100.0,True,,1,0,0,1,0,0,0,0,0,0,0,0,0,0,0,0,0,0,0,1,0,0,boat enigma radiant luxury watch,Budget,0
"amazfit bip u smart watch, spo2 & stress monitor, 1.43 inch (3.6 cm) hd color display, 60+ sports modes, breathing training, 50+ watch faces (green)",4599.0,4.2,20600.0,True,,0,0,0,0,0,0,0,0,0,1,0,0,1,0,0,0,0,0,0,0,0,0,"amazfit bip u smart watch,",Mid-Range,1
"fastrack vox plus 1.85” smart watch for men & women with tft display,to-do list,bt calling, offline voice commands, 24/7 health suite (spo₂, hrm, sleep), ip68, games & multiple watch faces",2199.0,4.4,40.0,True,,0,0,0,0,0,0,1,0,0,0,1,0,0,0,0,0,1,0,0,1,1,0,fastrack vox plus 1.85” smart,Budget,0
"fastrack dezire fx1 pro fashion smart watch, 1.43"" amoled, 466*466 pixel resolution, singlesync bt calling, ai voice assistant, 100+ sports modes & smartwatch faces, upto 5 day battery, ip68 (black)",3299.0,3.8,922.0,True,,1,0,0,1,0,0,1,0,0,0,0,0,1,0,0,0,1,0,0,0,0,0,fastrack dezire fx1 pro fashion,Mid-Range,0
"goboult crown r pro 2 smartwatch 1.43''hd amoled display,bt calling 5.2,600nits brightness,ip67,150+watchfaces, 120+sports modes, ai voice assistant, spo2 monitoring(charcoal black)",2799.0,4.0,622.0,True,,1,0,0,1,0,0,1,0,0,1,0,0,1,0,0,0,0,1,0,0,0,0,goboult crown r pro 2,Budget,0
"boat ultima prime smartwatch with 1.43” amoled display, aod, personalized fitness nudges, functional crown,100+ sports modes, create your own watchface, smartwatch for man and woman (royal berry)",2199.0,3.9,2600.0,True,,1,0,0,1,0,0,0,0,0,0,0,0,1,0,0,0,0,0,0,0,0,0,boat ultima prime smartwatch with,Budget,0
"boat chrome eon, premium metal body, 1.43” (3.63 cm) amoled round display, ai coach health insights, advanced s1 processor, auto heart rate, hrv, vo2 max, smart watch for men & women (active black)",3999.0,4.0,137.0,True,,1,0,0,1,0,0,0,0,1,0,0,0,0,0,0,0,0,0,0,1,1,0,"boat chrome eon, premium metal",Mid-Range,0
"gamesir gendiva smartwatch for women with bluetooth calling, 1.69” amoled display, 100+ sports modes, health & sleep monitor, voice assistant, ip68 waterproof, long battery life, (rosegold)",1299.0,3.8,41.0,True,Limited time deal,1,0,0,1,0,1,1,0,0,0,1,0,1,0,0,1,1,0,0,1,1,0,gamesir gendiva smartwatch for women,Budget,0
"fastrack sleek 1.32"" amoled 42mm round display smart watch with hybrid strap, qr hub, bt calling, spo2, hotkey, functional crown, ip68 water resistant upto, 5 days battery life - onyx black",4999.0,3.8,28.0,True,,1,0,0,1,0,0,1,0,0,1,0,0,0,0,0,0,1,0,0,0,0,0,"fastrack sleek 1.32"" amoled 42mm",Mid-Range,0
"gamesir nexoro 2.01” smartwatch for men & women bluetooth call, heart rate, spo2, sleep & 100+ sports modes, ip68 waterproof, compatible with android & iphone (metal grey)",999.0,3.7,161.0,True,Limited time deal,0,0,0,0,0,1,0,0,1,1,1,0,1,0,0,1,1,0,0,1,1,0,gamesir nexoro 2.01” smartwatch for,Budget,0
pebble eve ultra amoled smartwatch – luxe stainless steel elegance | 700 nits bright display | premium sleek dial | diy watchfaces & ai assistant (classic silver),2999.0,4.3,11.0,True,Limited time deal,1,0,0,1,0,0,0,0,0,0,0,0,0,0,0,0,0,0,0,0,0,0,pebble eve ultra amoled smartwatch,Budget,0
pebble endure 2 1.43” amoled smartwatch with always-on display | rotating crown | bt calling | health suite | premium rugged build | multiple sports modes| diy watch faces | step tracker (black),2999.0,4.0,393.0,True,Limited time deal,1,0,0,1,0,0,1,0,0,0,0,0,1,0,0,0,0,0,0,0,0,0,pebble endure 2 1.43” amoled,Budget,0
"noise colorfit pro 4 alpha 1.78"" amoled display, bluetooth calling smart watch, functional crown, metallic build, intelligent gesture control, instacharge (rose pink)",1599.0,3.9,9300.0,True,,1,0,0,1,0,1,1,0,0,0,0,0,0,0,0,0,0,0,0,0,0,0,noise colorfit pro 4 alpha,Budget,0
"fire-boltt phoenix air smart watch 1.26” round display, rotating button, wireless charging, ultra lightweight metal body, bluetooth calling, smartwatch with silicone & mesh steel straps titan silver",1099.0,4.1,1700.0,True,Limited time deal,0,0,0,0,0,1,1,0,0,0,0,0,0,0,0,0,0,0,0,0,0,0,fire-boltt phoenix air smart watch,Budget,1
"motorola moto watch 120 - premium smartwatch for men with amoled display, 10-day battery, heart rate & spo2 tracking, fitness & health monitoring, compatible with iphone - silver",11384.0,4.0,134.0,True,,1,0,0,1,0,0,0,0,1,1,0,0,0,0,0,0,0,0,0,1,0,0,motorola moto watch 120 -,Premium,0
"goboult mirage smart watch 1.39''hd screen, bluetooth calling, ip67, zinc alloy frame, 500 nits brightness, ai voice assistant, spo2 monitoring, 120+ sports mode (amber blue)",1799.0,3.9,54.0,True,,0,0,0,0,0,1,1,0,0,1,0,0,1,0,0,0,0,1,0,0,0,0,goboult mirage smart watch 1.39''hd,Budget,0
"fastrack xtreme pro smartwatch with 1.43"" amoled display with 466 * 466 pixel resolution|singlesync bt calling|ai voice assistant|100+ sports modes and watchfaces|upto 5 day battery|ip68",3299.0,4.0,17.0,True,,1,0,0,1,0,0,1,0,0,0,0,0,1,0,0,0,1,0,0,0,0,0,fastrack xtreme pro smartwatch with,Mid-Range,0
"boat ultima prime smartwatch with 1.43” amoled display, aod, personalized fitness nudges, functional crown,100+ sports modes, create your own watchface, smartwatch for man and woman (silver mist)",2199.0,3.9,2600.0,True,,1,0,0,1,0,0,0,0,0,0,0,0,1,0,0,0,0,0,0,0,0,0,boat ultima prime smartwatch with,Budget,0
"fastrack jupiter s3 smartwatch with 1.83” tft 2.5d display, push button & rotary crown,bt calling,hrm, spo2 & sleep tracking,multiple menu styles,ip68,24/7 health suite,upto 5 days battery - blue",1599.0,4.0,16.0,True,,0,0,0,0,0,0,1,0,0,1,1,0,0,0,0,0,1,0,0,1,0,0,fastrack jupiter s3 smartwatch with,Budget,0
"fastrack jupiter retro 1.83"" display smart watch with bt calling, functional crown, metal strap, 100+ sports modes, health suite, ip68 – smartwatch for man & women latest (black & chrome)",1999.0,4.0,109.0,True,,0,0,0,0,0,0,1,0,0,0,0,0,1,0,0,0,1,0,0,1,1,0,"fastrack jupiter retro 1.83"" display",Budget,0
"fastrack limitless fs2 pro smart watch, 1.96"" super amoled arched display with functional crown & resolution of 410x502, singlesync bt calling, 110+ sports modes, 200+ smartwatch faces (black)",2995.0,3.9,1500.0,True,,1,0,0,1,0,0,1,0,0,0,0,0,1,0,0,0,0,0,0,0,0,0,fastrack limitless fs2 pro smart,Budget,0
"noise vortex plus 1.46” amoled display, aod bt calling, sleek metal finish, 7 days battery life, all new os and with 100+ watch faces & health suite (metal black)",2499.0,4.0,56200.0,True,,1,0,0,1,0,0,1,0,0,0,0,0,0,0,0,0,0,0,0,0,0,0,noise vortex plus 1.46” amoled,Budget,1
"smart watches for men/women (2 bands), 1.27“ round smartwatch fitness tracker with bluetooth calls (make/answer), heart rate/spo2/sleep monitor, 12 days battery, ip68 waterproof",11018.0,4.3,173.0,True,,0,0,0,0,0,1,0,0,1,1,1,0,0,1,0,1,1,0,0,1,1,0,smart watches for men/women (2,Premium,0
"one 7 on watch-07 smart watch for men & women | 1.85"" hd display | bluetooth calling & voice assistant | sports modes | waterproof fitness tracker | heart rate monitor | type-c charging & flashlight",1169.0,5.0,20.0,False,,0,1,0,0,0,1,1,0,1,0,0,0,1,1,0,1,0,0,0,1,1,0,one 7 on watch-07 smart,Budget,0
"boat storm call 3 w/turn-by-turn navigation, 1.83"" (4.6 cm) hd display, bluetooth calling, crest+ os, qr tray, watch face studio, coins, emergency sos smart watch for men & women(cherry blossom)",1399.0,4.1,34800.0,True,,0,1,0,0,0,1,1,0,0,0,0,0,0,0,0,0,0,0,0,1,1,0,boat storm call 3 w/turn-by-turn,Budget,1
"fastrack radiant fx1 1.43"" amoled metal smart watch with functional crown, bt calling, aod, 100+ sports modes, health tracking, ip68 water resistance – smartwatch for men & women (silver)",3999.0,3.8,922.0,True,,1,0,0,1,0,0,1,0,0,0,0,0,1,0,0,0,1,0,0,1,1,0,"fastrack radiant fx1 1.43"" amoled",Mid-Range,0
"fastrack jupiter r3 with 1.38"" ultra uv round display with singlesync bt calling, heart rate, spo2 & sleep tracking,ip68,fast charging,upto 5 days battery- smart watch for man and woman - warm grey",1799.0,5.0,1.0,True,,0,0,0,0,0,0,1,0,1,1,1,0,0,0,0,0,1,0,0,0,0,0,"fastrack jupiter r3 with 1.38""",Budget,0
"punnkfunnk gen 9 smartwatch for women with metal strap & hd display, bluetooth calling, 100+ watch faces, health tracker, sports modes & ip67 waterproof(rose gold)",1299.0,4.0,185.0,True,Limited time deal,0,1,0,0,0,1,1,0,0,0,0,0,1,0,0,1,0,1,0,1,1,0,punnkfunnk gen 9 smartwatch for,Budget,0
"fire-boltt rise luxe bluetooth calling smart watch, 1.85”hd display, ai outfit watch face, 2 looks in 1 watch, extra straps at ₹99, 120+ sports modes, metal smartwatch for men & women (gold)",1299.0,4.0,40800.0,True,Limited time deal,0,1,0,0,0,1,1,0,0,0,0,0,1,0,0,0,0,0,0,1,1,0,fire-boltt rise luxe bluetooth calling,Budget,1
pebble newly launched royale edge 1.93” curved amoled display smartwatch with always-on display | premium slim design| rotating crown | bluetooth calling | health suite | premium strap - brown,3399.0,3.7,26.0,True,Limited time deal,1,0,0,1,0,1,1,0,0,0,0,0,0,0,0,0,0,0,0,0,0,0,pebble newly launched royale edge,Mid-Range,0
"fastrack marvellous fx2 1.54"" super amoled smart watch with spo2, sleep monitor, bt calling, metal body, voice assistant, 100+ sports modes – smartwatch for professionals (gun grey)",6499.0,3.8,922.0,True,,1,0,0,1,0,0,1,0,0,1,1,0,1,0,0,0,0,0,0,0,0,0,"fastrack marvellous fx2 1.54"" super",Mid-Range,0
"gamesir evo vista premium smartwatch, 1.3” hd display bluetooth calling, fitness & sleep tracker, 100+ sports modes, ip67 waterproof compatible with android & ios for men’s & women(pink)",1499.0,3.3,133.0,True,Limited time deal,0,1,0,0,0,1,1,0,0,0,1,0,1,0,0,1,0,1,0,1,1,0,"gamesir evo vista premium smartwatch,",Budget,0
"boat lunar discovery w/ 1.39"" (3.5 cm) hd display, turn-by-turn navigation, diy watch face studio, bluetooth calling, emergency sos, qr tray, smart watch for men & women(black metal)",1649.0,3.8,5600.0,True,,0,1,0,0,0,1,1,0,0,0,0,0,0,0,0,0,0,0,0,1,1,0,"boat lunar discovery w/ 1.39""",Budget,0
"goboult pyro smartwatch 1.43'' amoled screen, bt calling 5.3, 600 nits brightness, ip68, 150+ watchfaces, 120+ sports modes, ai voice assistant, spo2 monitoring (charcoal black)",2299.0,4.1,11.0,True,,1,0,0,1,0,0,1,0,0,1,0,0,1,0,0,0,1,0,0,0,0,0,goboult pyro smartwatch 1.43'' amoled,Budget,0
"fastrack mynd 1.93” amoled display smartwatch for men & women with ai watch faces,ai chat,offline voice commands,curved metallic design,functional crown,bt calling, health suite,100+ multisport modes",3999.0,3.8,922.0,True,,1,0,0,1,0,0,1,0,0,0,0,0,0,0,0,0,0,0,0,1,1,0,fastrack mynd 1.93” amoled display,Mid-Range,0
"fastrack vivid pro smart watch|1.43"" amoled display with 466 x 466 pixel resolution | functional crown| singlesync bt calling|100+ sports modes & watchfaces|ai voice assistant|in-built games",2499.0,4.3,105.0,True,Limited time deal,1,0,0,1,0,0,1,0,0,0,0,0,1,0,0,0,0,0,0,0,0,0,"fastrack vivid pro smart watch|1.43""",Budget,0
"gamesir h18 smartwatch with long battery life, 2.01"" high-resolution screen, bluetooth calling, ip68 waterproof, tft display, luxury design for men & women (pink)",939.0,3.5,103.0,True,Limited time deal,0,0,0,0,0,1,1,0,0,0,0,0,0,0,0,1,1,0,0,1,1,0,gamesir h18 smartwatch with long,Budget,0
"gamesir nexoro 2.01” smartwatch for men & women bluetooth call, heart rate, spo2, sleep & 100+ sports modes, ip68 waterproof, compatible with android & iphone (maroon)",939.0,3.7,161.0,True,Limited time deal,0,0,0,0,0,1,0,0,1,1,1,0,1,0,0,1,1,0,0,1,1,0,gamesir nexoro 2.01” smartwatch for,Budget,0
"gamesir h18 smartwatch with long battery life, 2.01"" high-resolution screen, bluetooth calling, ip68 waterproof, tft display, luxury design for men & women (black)",939.0,3.5,103.0,True,Limited time deal,0,0,0,0,0,1,1,0,0,0,0,0,0,0,0,1,1,0,0,1,1,0,gamesir h18 smartwatch with long,Budget,0
"boat chrome endeavour, premium metal body, 1.96”(4.97cm) amoled display,ai coach health insights,advanced s1 processor,hrv,vo2 max,auto watchface refresh, smart watch for men & women (magnetic blue)",4299.0,3.9,254.0,True,,1,0,0,1,0,0,0,0,0,0,0,0,0,0,0,0,0,0,0,1,1,0,"boat chrome endeavour, premium metal",Mid-Range,0
"sekyo s2 pro kids smartwatch for boys & girls, calling smart watch for kids with location tracker, camera, sos & safe zone alert, remote monitoring, family chat, app control, 4g/5g sim support -blue",2990.0,3.5,1600.0,True,,0,0,0,0,0,0,1,0,0,0,0,0,0,0,0,0,0,0,0,0,0,1,sekyo s2 pro kids smartwatch,Budget,0
"boat enigma gem women's luxury smart watch w/ 1.19” (3.02cm) amoled display, emergency sos live location sharing, female wellness, watch face studio, bt calling, watch for woman (metallic silver)",2999.0,3.7,2300.0,True,,1,0,0,1,0,0,1,0,0,0,0,0,0,0,0,0,0,0,0,1,1,0,boat enigma gem women's luxury,Budget,0
"gamesir genquella premium smartwatch for women & girls, bluetooth calling, 1.69” amoled hd display, 100+ fitness modes, spo₂ & sleep monitor, custom watch faces, ip68 waterproof,(rosegold)",1299.0,3.8,31.0,True,Limited time deal,1,1,0,1,0,1,1,0,0,0,1,0,0,0,0,1,1,0,0,1,1,0,gamesir genquella premium smartwatch for,Budget,0
"boat newly launched wave fortune w/nfc tap & pay, 1.96"" (4.9 cm) hd display, bluetooth calling, ai voice assistant, cloud & custom watch faces smart watch for men & women(active black)",3299.0,3.9,40.0,True,,0,1,0,0,0,1,1,0,0,0,0,0,0,0,0,0,0,0,0,1,1,0,boat newly launched wave fortune,Mid-Range,0
"noise diva smartwatch with diamond cut dial, glossy metallic finish, amoled display, mesh metal and leather strap options, 100+ watch faces, female cycle tracker smart watch for women (pearl white)",2999.0,4.2,169.0,True,,1,0,0,1,0,0,0,0,0,0,0,0,0,0,0,0,0,0,0,1,1,0,noise diva smartwatch with diamond,Budget,0
"noise newly launched endeavour rugged design 1.46"" amoled display smart watch, bt calling, sos feature, rapid health & 100+ sports modes- (fiery orange)",3499.0,4.0,2500.0,True,,1,0,0,1,0,0,1,0,0,0,0,0,1,0,0,0,0,0,0,0,0,0,noise newly launched endeavour rugged,Mid-Range,1
"fastrack radiant fx2 2.04"" amoled smart watch with bt calling, voice assistant, functional crown, metal alloy case, 100+ sports modes, spo2, aod – smartwatch for men and women (silver)",4999.0,3.8,922.0,True,,1,0,0,1,0,0,1,0,0,1,0,0,1,0,0,0,0,0,0,1,1,0,"fastrack radiant fx2 2.04"" amoled",Mid-Range,0
"fire-boltt glitz women smart watch with 1.19” amoled display, bluetooth calling, rotating crown, always on display, 1000 nits brightness, ip68 waterproof black",2499.0,4.1,1100.0,True,,1,0,0,1,0,1,1,0,0,0,0,0,0,0,0,1,1,0,0,1,1,0,fire-boltt glitz women smart watch,Budget,1
fastrack reflex vox 2 smart watch with bt calling large 1.8 bright hd display music storage ai voice 50+ sports modes 100+ watchfaces bp monitor 24x7 hrm spo2 upto 5 day battery ip68 (rose gold),3995.0,3.8,719.0,True,,0,1,0,0,0,0,1,0,0,1,0,0,1,0,0,0,1,0,0,0,0,0,fastrack reflex vox 2 smart,Mid-Range,0
"parsonver smart watch for men women(answer/make calls), hd screen fitness tracker ip68 waterproof 100+ sport modes, heart rate sleep monitor, pedometer, smartwatch for android phones/iphone compatible",4422.0,4.1,6000.0,True,,0,0,0,0,0,0,0,0,1,0,1,0,0,1,0,1,1,0,0,1,1,0,parsonver smart watch for men,Mid-Range,1
"noise pulse go buzz smart watch with advanced bluetooth calling, 1.69"" tft display, spo2, 100 sports mode with auto detection, upto 7 days battery (2 days with heavy calling) - rose pink",1399.0,4.0,24100.0,True,,0,0,0,0,0,1,1,0,0,1,0,0,1,0,0,0,0,0,0,0,0,0,noise pulse go buzz smart,Budget,1
"crossbeats everest 2.0-2026 smart watch for men 1.43"" true amoled, always on display bluetooth calling rugged outdoor military grade certified upto 15 days battery life smartwatch (camo green)",3499.0,4.1,212.0,True,Limited time deal,1,0,0,1,0,1,1,0,0,0,0,0,0,0,0,0,0,0,0,1,0,0,crossbeats everest 2.0-2026 smart watch,Mid-Range,0
"gamesir h18 pro smartwatch with long battery life, 2.01"" high-resolution screen, bluetooth calling, ip68 waterproof, tft display, luxury design for men & women (black)",939.0,3.9,116.0,True,Limited time deal,0,0,0,0,0,1,1,0,0,0,0,0,0,0,0,1,1,0,0,1,1,0,gamesir h18 pro smartwatch with,Budget,0
"fastrack limitless x2 smart watch, 1.91"" ultravu with rotating crown, 60 hz refresh rate, advanced chipset, singlesync bt calling, 100+ sports mode & smartwatch faces, ip68, burgundy",1699.0,4.0,2400.0,True,,0,0,0,0,0,0,1,0,0,0,0,0,1,0,0,0,1,0,0,0,0,0,"fastrack limitless x2 smart watch,",Budget,1
"goqii smart vital lite spo2 1.4"" hd full touch, smart notification waterproof smart watch for android phones, blood oxygen, fitness, sports & sleep tracking with 3 months personal health coaching",5398.0,4.0,1800.0,True,,0,0,0,0,0,0,0,0,0,1,1,1,1,0,0,1,0,0,0,0,0,0,goqii smart vital lite spo2,Mid-Range,1
"goboult newly launched drift max smartwatch 2.01''hd screen,bt calling 5.2, 350nits brightness,ip67, 150+watchfaces, 120+sports modes,ai voice assistant, spo2 monitoring(pure black)",1299.0,3.7,115.0,True,,0,0,0,0,0,0,1,0,0,1,0,0,1,0,0,0,0,1,0,0,0,0,goboult newly launched drift max,Budget,0
"fastrack limitless fs2 pro 1.96"" amoled smart watch with bt calling, ai voice assistant, 100+ sports modes, 5-day battery, fast charge, health tracking, – smartwatch for men & women (teal)",2995.0,3.9,1500.0,True,,1,0,0,1,0,0,1,0,0,0,0,0,1,0,0,0,0,0,0,1,1,0,"fastrack limitless fs2 pro 1.96""",Budget,0
"gamesir kids smartwatch for boys & girls, men & women, sim card support, location tracker/gps system, camera, video,notification,alarm, waterproof, calling smart watch-pink",1499.0,2.9,313.0,False,,0,0,0,0,1,0,1,0,0,0,0,0,0,0,0,1,0,0,0,1,1,1,gamesir kids smartwatch for boys,Budget,0
"titan smart pro smartwatch with amoled display,gps,temperature,stress & sleep monitor,multisport tracker,spo2,women health monitor,5 atm water resistance & upto 14 days battery lif -90149ap03(blue)",11995.0,3.4,252.0,True,,1,0,0,1,1,0,0,0,0,1,1,0,0,0,0,0,0,0,0,1,1,0,titan smart pro smartwatch with,Premium,0
"gamesir evo vista premium smartwatch 1.39"" round display with stainless metal strep, bluetooth calling & health monitoring, multi sports modes, voice assistant, waterproof for men’s & women’s (black)",1499.0,3.9,24.0,True,Limited time deal,0,0,0,0,0,1,1,0,0,0,0,0,1,0,0,1,0,0,0,1,1,0,gamesir evo vista premium smartwatch,Budget,0
"punnkfunnk nexoro 2.01” smartwatch for men & women bluetooth call, heart rate, spo2, sleep & 100+ sports modes, ip68 waterproof, compatible with android & iphone(pink)",949.0,3.3,144.0,True,Limited time deal,0,0,0,0,0,1,0,0,1,1,1,0,1,0,0,1,1,0,0,1,1,0,punnkfunnk nexoro 2.01” smartwatch for,Budget,0
"cultsport cult.sport burn plus 1.78"" amoled, live cricket score, 368x448 best-in-class resolution, bt calling, crown control, always on display, 7 days battery life,(blue silicone strap)",1190.0,3.9,580.0,True,,1,0,0,1,0,0,1,0,0,0,0,0,0,0,0,0,0,0,0,0,0,0,"cultsport cult.sport burn plus 1.78""",Budget,0
"fire-boltt legacy luxury smartwatch | 1.43"" amoled display with always on | bluetooth calling & voice assistant | ip68 water resistant | health & fitness tracker with 110+ sports modes (grey)",2278.0,5.0,1.0,True,,1,0,0,1,0,1,1,0,0,0,0,0,1,1,0,0,1,0,0,0,0,0,fire-boltt legacy luxury smartwatch |,Budget,0
"fastrack astor fs2 pro 1.96"" super amoled smart watch, metal body with 1000 nits brightness, spo2, bp & sleep monitor, bt calling, 100+ sports modes – smartwatch for men & women (silver)",4399.0,4.0,421.0,True,,1,0,0,1,0,0,1,0,0,1,1,0,1,0,0,0,0,0,0,1,1,0,"fastrack astor fs2 pro 1.96""",Mid-Range,0
"noise twist 2 smart watch with 1.43” amoled screen, ai search & voice assistant, bluetooth calling, stainless steel back, 7-day battery, 100+ watch faces, health suite, ip68 (jet black)",2299.0,4.1,7600.0,True,,1,0,0,1,0,1,1,0,0,0,0,0,0,0,0,0,1,0,0,0,0,0,noise twist 2 smart watch,Budget,1
"gamesir evo vista premium smartwatch 1.39"" round display with silicon strep, bluetooth calling & health monitoring, multi sports modes, voice assistant, waterproof for men’s & women’s (black)",1499.0,3.4,16.0,True,Limited time deal,0,0,0,0,0,1,1,0,0,0,0,0,1,0,0,1,0,0,0,1,1,0,gamesir evo vista premium smartwatch,Budget,0
"boat lunar discovery pro, 1.39"" display, premium metal build, round dial, emergency sos, functional crown, multiple sports modes, hr,spo2 & sleep tracking, smart watch for men & women (active blue)",1499.0,3.8,5600.0,True,,0,0,0,0,0,0,0,0,0,1,1,0,1,0,0,0,0,0,0,1,1,0,"boat lunar discovery pro, 1.39""",Budget,0
"fastrack jupiter s1 smart watch, 1.83” tft display, 240 * 284 pixel resolution, singlesync bt calling, ai voice assistant, 100+ sports modes & smartwatch faces, upto 5 day battery, ip68 (teal)",1599.0,4.0,16.0,True,,0,0,0,0,0,0,1,0,0,0,0,0,1,0,0,0,1,0,0,0,0,0,"fastrack jupiter s1 smart watch,",Budget,0
"punnkfunnk neolux 1.96” hd display smartwatch for men & women 2025 with 110+ sports modes, heart rate, sleep monitor, ip68 waterproof, answer/make calls for android & ios(grey)",949.0,3.9,115.0,True,Limited time deal,0,1,0,0,0,0,0,0,1,0,1,0,1,0,0,1,1,0,0,1,1,0,punnkfunnk neolux 1.96” hd display,Budget,0
"gamesir novolux hd display smartwatch for men & women answer/make calls, heart rate monitor, 113+ sports modes, step counter, ip68 waterproof, compatible with android & ios (white)",939.0,3.6,110.0,True,Limited time deal,0,1,0,0,0,0,0,0,1,0,0,0,1,0,1,1,1,0,0,1,1,0,gamesir novolux hd display smartwatch,Budget,0
"fire-boltt ring s smart watch 1.96"" super amoled display bluetooth calling, voice assistant, spo2 & heart rate monitor, 120+ sports modes, ip67 waterproof smartwatch for men & women - solid silver",2499.0,3.0,5.0,True,Limited time deal,1,0,0,1,0,1,1,0,1,1,0,0,1,0,0,1,0,1,0,1,1,0,fire-boltt ring s smart watch,Budget,0
drumstone d20 touchscreen smart watch bluetooth smartwatch with heart rate sensor and basic functionality for all boys & girls with 1 years replacement warranty in all over india,1249.0,4.4,2.0,True,,0,0,0,0,0,1,0,0,1,0,0,0,0,0,0,0,0,0,0,1,0,0,drumstone d20 touchscreen smart watch,Budget,0
"primate gen 9 og version women's smartwatch with elegant rose gold metal strap & hd display, bluetooth calling, 500+ watch faces, (gen 9 new)",999.0,5.0,10.0,True,,0,1,0,0,0,1,1,0,0,0,0,0,0,0,0,0,0,0,0,1,1,0,primate gen 9 og version,Budget,0
"gamesir luxury round dial gen 12 smart watch 1.69"" amoled display with high resolutions bluetooth calling multiple watch faces & sports mode newest & smartwatch for women & men (diamond gold)",1299.0,3.4,45.0,True,Limited time deal,1,0,0,1,0,1,1,0,0,0,0,0,1,0,0,0,0,0,0,1,1,0,gamesir luxury round dial gen,Budget,0
"punnkfunnk gen 9 smart watch specially made for girls & women with multi features and watch faces, music smartwatch (golden strap, 1.30 inch amoled sunlight proof display)",1299.0,3.8,27.0,True,Limited time deal,1,0,0,1,0,0,0,0,0,0,0,0,0,0,0,0,0,0,0,1,1,0,punnkfunnk gen 9 smart watch,Budget,0
titan evolution smartwatch comes with 1.85” amoled display with 390 * 450 pixel resolution|singlesync bt calling|ai voice assistant|100+ sports modes and watchfaces|upto 7 day battery|ip68,6999.0,3.9,18.0,True,,1,0,0,1,0,0,1,0,0,0,0,0,1,0,0,0,1,0,0,0,0,0,titan evolution smartwatch comes with,Mid-Range,0
"titan celestor 2.0 smartwatch with 1.43"" inch amoled display, dual band gps, abc, offline maps, 5 atm, training load & readiness, running courses, offline music, titanq, hybrid strap​ - star dust",11499.0,3.9,27.0,True,,1,0,0,1,1,0,0,0,0,0,0,0,0,0,0,0,0,0,0,0,0,0,titan celestor 2.0 smartwatch with,Premium,0
"fastrack jupiter r3 with 1.38"" ultra uv round display with singlesync bt calling, heart rate, spo2 & sleep tracking,ip68,fast charging,upto 5 days battery- smart watch for man and woman - sage green",1799.0,5.0,1.0,True,,0,0,0,0,0,0,1,0,1,1,1,0,0,0,0,0,1,0,0,0,0,0,"fastrack jupiter r3 with 1.38""",Budget,0
"fastrack astor fr2 pro 1.43"" amoled stainless steel smart watch with spo2, heart rate, bt calling, adaptive aod, functional crown, ai voice assistant – smartwatch for stylish professionals (silver)",3499.0,4.2,1100.0,True,,1,0,0,1,0,0,1,0,1,1,0,0,0,0,0,0,0,0,0,0,0,0,"fastrack astor fr2 pro 1.43""",Mid-Range,1
"noise diva smartwatch for women with diamond cut dial, glossy metallic finish, amoled display, new metal straps, 100+ watch faces, female cycle tracker smart watch for women (metallic black)",3499.0,4.2,4300.0,True,,1,0,0,1,0,0,0,0,0,0,0,0,0,0,0,0,0,0,0,1,1,0,noise diva smartwatch for women,Mid-Range,1
"fire-boltt gladiator + 1.96 amoled display luxury smartwatch, rotating crown, 115+ sports modes & bluetooth calling, ai voice assistant, gaming",1215.0,3.8,156.0,True,,1,0,0,1,0,1,1,0,0,0,0,0,1,0,0,0,0,0,0,0,0,0,fire-boltt gladiator + 1.96 amoled,Budget,0
"boat lunar discovery pro, 1.39"" display, premium metal build, round dial, emergency sos, functional crown, multiple sports modes, hr,spo2 & sleep tracking, smart watch for men & women (cherry blossom)",1499.0,3.8,5600.0,True,,0,0,0,0,0,0,0,0,0,1,1,0,1,0,0,0,0,0,0,1,1,0,"boat lunar discovery pro, 1.39""",Budget,0
"gamesir evo vista premium smartwatch, 1.3” hd display bluetooth calling, fitness & sleep tracker, 100+ sports modes, ip67 waterproof compatible with android & ios for men’s & women (grey)",1710.0,3.3,133.0,False,,0,1,0,0,0,1,1,0,0,0,1,0,1,0,0,1,0,1,0,1,1,0,"gamesir evo vista premium smartwatch,",Budget,0
"fastrack noir charm women smart watch 1.65"" inch amoled display,sleek design,ai watchface & ai chat,functional crown,24/7 health suite,bt calling,spo2,hrm,ip68, multiple menu styles,games - pink",4999.0,3.6,71.0,True,,1,0,0,1,0,0,1,0,0,1,0,0,0,0,0,0,1,0,0,1,1,0,fastrack noir charm women smart,Mid-Range,0
"getsable stainless steel mesh loop strap with parachute-style buckle compatible with iwatch ultra 2/ultra band 49mm, series 10 46mm, 9/8/7 45mm, se2/se/6/5/4 44mm, 3/2/1 42mm (natural titanium)",1799.0,5.0,19.0,False,,0,0,0,0,0,0,0,0,0,0,0,0,0,0,0,0,0,0,0,0,0,0,getsable stainless steel mesh loop,Budget,0
"titan crest 1.43” amoled smart watch with bt calling, ai morning briefs, functional crown, health tracking, aluminium body, 100+ sports modes, smartwatch for men and women - rose gold mesh strap",5999.0,4.0,726.0,True,,1,0,0,1,0,0,1,0,0,0,0,0,1,0,0,0,0,0,0,1,1,0,titan crest 1.43” amoled smart,Mid-Range,0
"metal chain active 2 max bluetooth calling smartwatch 1.3"" amoled display 360 * 360 high resolution 4.2 bt & 100+ sports mode ip68, tracking, ai voice assistant black",1273.0,5.0,1.0,True,,1,0,0,1,0,1,1,0,0,0,0,0,1,0,0,0,1,0,0,0,0,0,metal chain active 2 max,Budget,0
goqii insure+ 5 lakhs health insurance with smart vital stream (black) and 3 months personal coaching,1165.0,4.2,7.0,True,,0,0,0,0,0,0,0,0,0,0,0,0,0,0,0,0,0,0,0,0,0,0,goqii insure+ 5 lakhs health,Budget,0
"titan celestor 2.0 smartwatch with 1.43"" inch amoled display, dual band gps, abc, offline maps, 5 atm, training load & readiness, running courses, offline music, titanq, hybrid strap​ - onyx black",11499.0,3.9,27.0,True,,1,0,0,1,1,0,0,0,0,0,0,0,0,0,0,0,0,0,0,0,0,0,titan celestor 2.0 smartwatch with,Premium,0
"hammer active 2.0 plus 2.1"" hd display smart watch with gesture control, bluetooth calling, diy watch face studio, sports modes, functional crown, dynamic island notification, menstrual cycle (blue)",2199.0,3.3,225.0,True,,0,1,0,0,0,1,1,0,0,0,0,0,1,0,0,0,0,0,0,1,0,0,"hammer active 2.0 plus 2.1""",Budget,0
"fitvii fino 2 slim fitness tracker with blood pressure, blood oxygen, 24/7 heart rate & sleep tracking, ip68 waterproof activity trackers and smart watches with step counter, pedometer for women men",10260.0,4.0,1200.0,True,,0,0,0,0,0,0,0,0,1,0,1,1,0,1,1,1,1,0,0,1,1,0,fitvii fino 2 slim fitness,Premium,1
"gamesir neolux 1.96” hd display smartwatch for men & women 2025 with 110+ sports modes, heart rate, sleep monitor, ip68 waterproof, answer/make calls for android & ios(metal grey)",999.0,3.4,82.0,True,Limited time deal,0,1,0,0,0,0,0,0,1,0,1,0,1,0,0,1,1,0,0,1,1,0,gamesir neolux 1.96” hd display,Budget,0
"boat wave call 2 with 1.83” hd display, advanced bt calling, functional crown, cloud & custom watch faces, multiple sports modes, ip67, hr, sleep & spo₂ monitor smart watch(pine green)",1399.0,3.6,1800.0,True,,0,1,0,0,0,0,1,0,0,0,1,0,1,0,0,0,0,1,0,0,0,0,boat wave call 2 with,Budget,0
"noise pro 6 smart watch:intelligent ai, endless ai watch faces, ai companion, 1.85"" amoled, en2 processor, nebula ui 2.0, emergency sos, compatible with ios & android (arctic weave), multicolor",5499.0,4.0,24100.0,True,,1,0,0,1,0,0,0,0,0,0,0,0,0,0,0,0,0,0,0,0,0,0,noise pro 6 smart watch:intelligent,Mid-Range,1
"boat enigma daze women's luxury smart watch w/ 1.3”(3.3cm) auravue display w/ 20% higher brightness, emergency sos, female wellness tracking, bt calling, smart watch for women latest (spring blossom)",1799.0,3.7,2300.0,True,,0,0,0,0,0,0,1,0,0,0,0,0,0,0,0,0,0,0,0,1,1,0,boat enigma daze women's luxury,Budget,0
"stainless steel metal chain band adjustable strap compatible with apple watch straps 49mm 46mm 45mm 44mm 42mm, band for iwatch series 11 10 9 8 7 6 5 4 se3 se2 se ultra 3 2 1 (no watch)",1499.0,5.0,2.0,False,,0,0,0,0,0,0,0,0,0,0,0,0,0,0,0,0,0,0,0,0,0,0,stainless steel metal chain band,Budget,0
"noise twist 2 smart watch with 1.43” amoled screen, ai search & voice assistant, bluetooth calling, stainless steel back, 7-day battery, 100+ watch faces, health suite, ip68 (space blue)",2299.0,4.1,7600.0,True,,1,0,0,1,0,1,1,0,0,0,0,0,0,0,0,0,1,0,0,0,0,0,noise twist 2 smart watch,Budget,1
"punnkfunnk nexoro 2.01” smartwatch for men & women bluetooth call, heart rate, spo2, sleep & 100+ sports modes, ip68 waterproof, compatible with android & iphone(grey)",949.0,3.3,144.0,True,Limited time deal,0,0,0,0,0,1,0,0,1,1,1,0,1,0,0,1,1,0,0,1,1,0,punnkfunnk nexoro 2.01” smartwatch for,Budget,0
"gamesir q15 kids smart watch 1.44"" tft display 3g / 4g sim support, learning & gaming apps, gifting watch, water rasistance, gps tracking, smartwatch for boys & girls (black)",1499.0,2.9,117.0,False,,0,0,0,0,1,0,0,0,0,0,0,0,0,0,0,0,0,0,0,0,0,1,gamesir q15 kids smart watch,Budget,0
"noise twist go smart watch 1.39"" display, trusyncᵀᴹ bt calling, glossy metal finish, 150+ watch faces, ip68, sleep tracking, 100+ sports modes, smart watch for men and women (vintage brown)",1599.0,2.8,19.0,True,,0,0,0,0,0,0,1,0,0,0,1,0,1,0,0,0,1,0,0,1,1,0,noise twist go smart watch,Budget,0
"fire-boltt ace luxury phoenix amoled stainless steel smart watch 36.32mm (1.43 inch), 700 nits brightness, stainless steel rotating crown, multipe sports modes & 360 health (silver)",1113.0,4.0,188.0,True,,1,0,0,1,0,0,0,0,0,0,0,0,1,0,0,0,0,0,0,0,0,0,fire-boltt ace luxury phoenix amoled,Budget,0
"noise diva smartwatch with diamond cut dial, glossy metallic finish, amoled display, mesh metal and leather strap options, 100+ watch faces, female cycle tracker smart watch for women (silver link)",3499.0,4.2,184.0,True,,1,0,0,1,0,0,0,0,0,0,0,0,0,0,0,0,0,0,0,1,1,0,noise diva smartwatch with diamond,Mid-Range,0
"smart watch for women men, smartwatch for iphone & android bluetooth (answer/call) built-in alexa, 1.91"" hd fitness tracker with 105+ sport modes, ip68 waterproof, sleep/heart rate/spo2/stress monitor",11953.0,4.3,2500.0,True,,0,0,0,0,0,1,0,1,1,1,1,0,0,1,0,1,1,0,0,1,1,0,"smart watch for women men,",Premium,1
"gamesir premium luxurious gen 9 smartwatch, hd display gold metal strap & activity tracker, bluetooth calling, customizable watch faces, water resistant smartwatch for women & girls(rose gold)",1299.0,3.8,229.0,True,Limited time deal,0,1,0,0,0,1,1,0,0,0,0,0,0,0,0,0,0,0,0,1,1,0,gamesir premium luxurious gen 9,Budget,0
"tensky smart watch for women/men, 1.85'' hd activity smartwatch for iphone/android, 100+ sport modes fitness tracker (answer/make call), alexa built-in, sleep/heart rate/spo2 monitor/2atm waterproof",10932.0,4.2,422.0,True,,0,0,0,0,0,0,0,1,1,1,1,0,0,1,0,1,0,0,0,1,1,0,"tensky smart watch for women/men,",Premium,0
"fastrack dezire fx1 pro fashion smart watch, 1.43"" amoled, 466 * 466 resolution, singlesync bt calling, ai voice assistant, 100+ sports modes & smartwatch faces, upto 5 day battery, ip68 (rose gold)",3499.0,3.7,37.0,True,,1,0,0,1,0,0,1,0,0,0,0,0,1,0,0,0,1,0,0,0,0,0,fastrack dezire fx1 pro fashion,Mid-Range,0
"noise pro 5 smart watch with 1.85"" amoled display, bt calling, new diy watch faces, ultra personalization with smart dock, productivity suite, 100 sports modes and more (rainbow weave), multi",2999.0,4.1,180.0,True,,1,0,0,1,0,0,1,0,0,0,0,0,1,0,0,0,0,0,0,0,0,0,noise pro 5 smart watch,Budget,0
"boat lunar discovery pro, 1.39"" display, premium metal build, round dial, emergency sos, functional crown, multiple sports modes, hr,spo2 & sleep tracking, smart watch for men & women (active black)",1499.0,3.8,5600.0,True,,0,0,0,0,0,0,0,0,0,1,1,0,1,0,0,0,0,0,0,1,1,0,"boat lunar discovery pro, 1.39""",Budget,0
"fire-boltt phoenix air smart watch 1.26” round display, rotating button, wireless charging, ultra lightweight metal body, bluetooth calling, smartwatch with silicone & mesh steel straps sapphire",1099.0,4.1,1700.0,True,Limited time deal,0,0,0,0,0,1,1,0,0,0,0,0,0,0,0,0,0,0,0,0,0,0,fire-boltt phoenix air smart watch,Budget,1
"gamesir q18 kids smart watch 1.44"" tft display 3g / 4g sim support, learning & gaming apps, gift watch, waterproof, lbs tracking/gps, 2 way calling smart watch for boys & girls (red)",1339.0,3.0,245.0,True,,0,0,0,0,1,0,1,0,0,0,0,0,0,0,0,1,0,0,0,0,0,1,gamesir q18 kids smart watch,Budget,0
"goboult trail smartwatch 2.01"" 3d curved hd display, bt calling 5.3, 600 nits brightness, ip68, 190+ watchfaces, 120+ sports modes, ai voice assistant, spo2 monitoring (rose gold)",1439.0,3.8,111.0,True,,0,1,0,0,0,0,1,0,0,1,0,0,1,0,0,0,1,0,0,0,0,0,"goboult trail smartwatch 2.01"" 3d",Budget,0
"fastrack new limitless classic|large 1.91"" super ultravu display|functional crown|highest 320x385 pixel resolution|singlesync bt calling|100+ sports modes|metal case premium smartwatch - black mesh",1999.0,3.9,537.0,True,,0,0,0,0,0,0,1,0,0,0,0,0,1,0,0,0,0,0,0,0,0,0,"fastrack new limitless classic|large 1.91""",Budget,0
"realme watch 5,1.97"" amoled,upto 20 days battery,bt calling,gps,compass,ip68 smartwatch (titanium black strap, one size)",4499.0,4.4,9.0,True,,1,0,0,1,1,0,1,0,0,0,0,0,0,0,0,0,1,0,0,0,0,0,"realme watch 5,1.97"" amoled,upto 20",Mid-Range,0
"google pixel watch 41mm smartwatch with lte wifi, gps, bt and heart rate monitor in bulk packaging (silver chalk active)",11817.0,4.3,366.0,True,,0,0,0,0,1,0,0,0,1,0,0,0,0,0,0,0,0,0,0,0,0,0,google pixel watch 41mm smartwatch,Premium,0
"fire‑boltt brillia pro smart watch 2.02″ super amoled display, bluetooth calling,voice assistant, spo2 & heart rate monitor, 120+ sports modes, ip67 waterproof smartwatch for men & women - black nylon",1899.0,4.0,141.0,True,Limited time deal,1,0,0,1,0,1,1,0,1,1,0,0,1,0,0,1,0,1,0,1,1,0,fire‑boltt brillia pro smart watch,Budget,0
"fastrack astor fs2 pro 1.96"" super amoled smart watch, metal body with 1000 nits brightness, spo2, bp & sleep monitor, bt calling, 100+ sports modes – smartwatch for men & women (rose gold)",4399.0,4.0,421.0,False,,1,0,0,1,0,0,1,0,0,1,1,0,1,0,0,0,0,0,0,1,1,0,"fastrack astor fs2 pro 1.96""",Mid-Range,0
"fastrack limitless xr1 smart watch-1.38"" ultravu hd display, bt calling, fast charge, 100+ sports mode, calculator, heart rate monitor, ai voice assistant, ip68, smartwatch for men & women (blue)",1699.0,3.5,36.0,True,,0,1,0,0,0,0,1,0,1,0,0,0,1,0,0,0,1,0,0,1,1,0,"fastrack limitless xr1 smart watch-1.38""",Budget,0
"goboult saber smart watch 1.43'' amoled display, functional rotating bezel, aod, bt calling, 200+watchfaces, 700 nits brightness, ai voice assistant, spo2 monitoring, 120+ sports mode (titanium)",2799.0,4.3,134.0,True,,1,0,0,1,0,0,1,0,0,1,0,0,1,0,0,0,0,0,0,0,0,0,goboult saber smart watch 1.43'',Budget,0
"boat wave astra neo smartwatch bluetooth calling, 1.83” hd display, health & wellness suite, ip68 resistance, functional crown (timber brown)",1449.0,5.0,1.0,True,,0,1,0,0,0,1,1,0,0,0,0,0,0,0,0,0,1,0,0,0,0,0,boat wave astra neo smartwatch,Budget,0
"nervfit vibe smartwatch with 1.85"" truecolor+ led display | bluetooth calling | waterproof | heart rate & spo2 tracking | sleep & stress monitor | 5-day battery | sports modes (orchid pink)",1649.0,4.4,101.0,True,,0,0,0,0,0,1,1,0,1,1,1,0,1,0,0,1,0,0,0,0,0,0,"nervfit vibe smartwatch with 1.85""",Budget,0
noise colorfit pulse 4 max smartwatch - silver link,2599.0,4.0,85100.0,True,,0,0,0,0,0,0,0,0,0,0,0,0,0,0,0,0,0,0,0,0,0,0,noise colorfit pulse 4 max,Budget,1
"fastrack radiant fx4 1.51"" amoled metal smart watch with single sync bt calling, functional crown, all-round health tracking, 100+ sports modes, ip68 – smartwatch for man & woman (silver)",5795.0,3.8,922.0,True,,1,0,0,1,0,0,1,0,0,0,0,0,1,0,0,0,1,0,0,0,0,0,"fastrack radiant fx4 1.51"" amoled",Mid-Range,0
"fastrack astor fs2 pro 1.96"" super amoled smart watch, metal body with 1000 nits brightness, spo2, bp & sleep monitor, bt calling, 100+ sports modes – smartwatch for men & women (black)",4399.0,4.0,421.0,True,,1,0,0,1,0,0,1,0,0,1,1,0,1,0,0,0,0,0,0,1,1,0,"fastrack astor fs2 pro 1.96""",Mid-Range,0
pebble newly launched premium fitness band | activity tracking | sports modes | health tracking | sleek display | lightweight - jet black,2099.0,3.9,34.0,True,Limited time deal,0,0,0,0,0,0,0,0,0,0,0,0,1,0,0,0,0,0,0,0,0,0,pebble newly launched premium fitness,Budget,0
"boat ultima ember smartwatch with 1.96” amoled display, aod, personalized fitness nudges, functional crown,100+ sports modes, create your own watchface, smartwatch for man and woman (steel black)",2499.0,4.0,2300.0,True,,1,0,0,1,0,0,0,0,0,0,0,0,1,0,0,0,0,0,0,0,0,0,boat ultima ember smartwatch with,Budget,1
"titan crest 1.43” amoled smart watch for productivity with bt calling, ai morning briefs, functional crown, health tracking, aluminium body, 100+ sports modes, smartwatch for men and women - (brown)",5999.0,3.7,507.0,True,,1,0,0,1,0,0,1,0,0,0,0,0,1,0,0,0,0,0,0,1,1,0,titan crest 1.43” amoled smart,Mid-Range,0
"goboult alora smart watch 1.19'' amoled display, bt calling, rotating bezel, 150+watchfaces, 800 nits brightness, ai voice assistant, spo2 monitoring, 120+ sports mode (silver)",2499.0,4.3,60.0,True,,1,0,0,1,0,0,1,0,0,1,0,0,1,0,0,0,0,0,0,0,0,0,goboult alora smart watch 1.19'',Budget,0
"noise pulse 2 max 1.85"" display, bluetooth calling smart watch, 10 days battery, ip68 waterproof model number nsw-203,100 sports modes, smartwatch for men and women (jade green)",1499.0,4.0,24400.0,True,,0,0,0,0,0,1,1,0,0,0,0,0,1,0,0,1,1,0,0,1,1,0,"noise pulse 2 max 1.85""",Budget,1
"goboult drift+ smart watch 1.85''hd screen, bluetooth calling, ip68, 500 nits brightness,150+ watchfaces, ai voice assistant, spo2 monitoring, 100+ sports mode smartwatch (peach fuzz)",1199.0,4.0,717.0,True,,0,0,0,0,0,1,1,0,0,1,0,0,1,0,0,0,1,0,0,0,0,0,goboult drift+ smart watch 1.85''hd,Budget,0
"timex iconnect navigator 1.83""(4.6cm) display with turn by turn navigation & bt calling smartwatch for unisex - twixw903t",1995.0,5.0,1.0,True,,0,0,0,0,0,0,1,0,0,0,0,0,0,0,0,0,0,0,0,0,0,0,"timex iconnect navigator 1.83""(4.6cm) display",Budget,0
"smart watch for men women(call receive/dial), alexa built-in, 1.7"" touch screen fitness tracker with heart rate sleep tracking, 60 sports modes, 5atm waterproof smartwatch for android iphone",7423.0,4.2,5800.0,True,,0,0,0,0,0,0,0,1,1,0,1,0,1,1,0,1,0,0,1,1,1,0,smart watch for men women(call,Premium,1
"imoo watch phone z1, 4g smart watch for kids with real-time hd video & phone call, smart watch for girls with real-time gps location, smartwatch for boys with ipx8 water resistance (green)",9490.0,4.2,625.0,True,Limited time deal,0,0,0,0,1,0,0,0,0,0,0,0,0,0,0,0,0,0,0,0,0,1,"imoo watch phone z1, 4g",Premium,0
"watchout champion smart watch for kids with habit builder, health tracking, waterproof curved smartwatch, activity tracker for children, school-safe smart watch for boys & girls age 3–17 (blush pink)",2499.0,4.0,86.0,True,Limited time deal,0,0,0,0,0,0,0,0,0,0,0,0,0,0,0,1,0,0,0,0,0,1,watchout champion smart watch for,Budget,0
"men's smart watch 1.52"" hd touch screen sports fitness tracker with bluetooth calls ip67 waterproof smartwatch for men 24/7 heart rate/blood pressure/sleep monitor, support for android ios (black)",11559.0,4.0,13.0,True,,0,0,0,0,0,1,0,0,1,0,1,0,1,1,0,1,0,1,0,1,0,0,"men's smart watch 1.52"" hd",Premium,0
"imoo watch phone z1, 4g smart watch for kids with real-time hd video & phone call, smart watch for girls with real-time gps location, smartwatch for boys with ipx8 water resistance (pink)",9490.0,4.2,625.0,True,Limited time deal,0,0,0,0,1,0,0,0,0,0,0,0,0,0,0,0,0,0,0,0,0,1,"imoo watch phone z1, 4g",Premium,0
"toreto allure women smartwatch with 1.27"" ips display, bluetooth calling, wireless charging, health & fitness tracking, ip65 water resistant, smart notifications – compatible with hryfine app",1999.0,4.9,17.0,True,,0,0,0,0,0,1,1,0,0,0,0,0,0,0,0,0,0,0,0,1,1,0,toreto allure women smartwatch with,Budget,0
"noise quad call 1.81"" display, bluetooth calling smart watch, ai voice assistance, 160+hrs battery life, metallic build, in-built games, 100 sports modes, 100+ watch faces (deep wine)",1199.0,4.0,10300.0,True,,0,0,0,0,0,1,1,0,0,0,0,0,1,0,0,0,0,0,0,0,0,0,"noise quad call 1.81"" display,",Budget,1
"gamesir novolux hd display smartwatch for men & women answer/make calls, heart rate monitor, 113+ sports modes, step counter, ip68 waterproof, compatible with android & ios(metal black)",999.0,3.6,110.0,True,Limited time deal,0,1,0,0,0,0,0,0,1,0,0,0,1,0,1,1,1,0,0,1,1,0,gamesir novolux hd display smartwatch,Budget,0
"noise pulse go buzz smart watch with advanced bluetooth calling, 1.69"" tft display, spo2, 100 sports mode with auto detection, upto 7 days battery (2 days with heavy calling) - olive green",1499.0,4.0,24100.0,True,,0,0,0,0,0,1,1,0,0,1,0,0,1,0,0,0,0,0,0,0,0,0,noise pulse go buzz smart,Budget,1
"pebble gravity 1.43” amoled smartwatch with always-on display | bluetooth calling, qr payment, compass | 700 nits brightness | health & fitness tracking | feather touch ui, premium design - blue",3499.0,3.6,91.0,True,Limited time deal,1,0,0,1,0,1,1,0,0,0,0,0,0,0,0,0,0,0,0,1,0,0,pebble gravity 1.43” amoled smartwatch,Mid-Range,0
"noise pro 4 gps smart watch with gps built-in, advanced bluetooth calling tech,1.85"" display, 600nits, functional crown, upto 7 days battery, step & sleep tracker, 150+ watch face (shadow black)",3079.0,3.9,519.0,True,,0,0,0,0,1,1,1,0,0,0,1,0,0,0,0,0,0,0,0,0,0,0,noise pro 4 gps smart,Mid-Range,0
"smart watch for women, 1.27"" hd fitness watch with answer/make call, 2026 new smartwatch with heart rate/sleep/stress monitor, smart watch for ios/android 5-day battery ip68 waterproof fitness tracker",11053.0,4.3,179.0,True,,0,0,0,0,0,0,0,0,1,0,1,0,0,1,0,1,1,0,0,1,1,0,"smart watch for women, 1.27""",Premium,0
"redmi move smartwatch | 1.85"" amoled (390×450, 600 nits) | bluetooth calling | 140+ sports | 24×7 hr & spo₂ | aod | up to 14-day battery | hyperos (gold rush strap)",2495.0,1.0,1.0,True,,1,0,0,1,0,1,1,0,0,0,0,0,1,0,0,0,0,0,0,0,0,0,"redmi move smartwatch | 1.85""",Budget,0
"goqii smart vital max |1.69'' hd full touch, smart notification, ip68, smartwatch | smart phones |blood oxygen spo2, hear rate & sleep tracking, multiple exercise mode| with 3 months personal coaching",4103.0,4.0,1000.0,True,,0,0,0,0,0,0,0,0,0,1,1,1,0,0,0,0,1,0,0,0,0,0,goqii smart vital max |1.69'',Mid-Range,0
"aeac smart watch for men women, amoled ultra-clear screen fitness trackers with heart rate/sleep/spo2 monitor, smartwatch for iphone/samsung/android, 110+ sport modes",9718.0,4.8,54.0,True,,1,0,0,1,0,0,0,0,1,1,1,0,0,1,0,0,0,0,0,1,1,0,aeac smart watch for men,Premium,0
"goboult newly launched drift 2 smart watch 1.83'' hd display,15 days battery life, 150+watchfaces, 500 nits brightness, ai voice assistant, spo2 monitoring (storm grey)",1199.0,5.0,13.0,True,,0,1,0,0,0,0,0,0,0,1,0,0,0,0,0,0,0,0,0,0,0,0,goboult newly launched drift 2,Budget,0
"boat lunar vista w/large 1.52"" (3.8 cm) auravue display, aod, 550 nits brightness, functional crown,100+ sports mode, heart rate & sp02 monitoring, fitness smart watch for men & women (cool grey)",1499.0,4.0,7300.0,True,,0,0,0,0,0,0,0,0,1,0,0,0,1,0,0,0,0,0,0,1,1,0,"boat lunar vista w/large 1.52""",Budget,1
"noise halo 2 mod smart watch with swappable bezel editions (classic, statement), 1.46"" amoled, smart island, bt calling, metallic build, health suite, upto 7 days battery (silver green)",3499.0,3.5,22.0,True,,1,0,0,1,0,0,1,0,0,0,0,0,0,0,0,0,0,0,0,1,0,0,noise halo 2 mod smart,Mid-Range,0
"boat wanderer smart, kids watch, 2-way video & phone call, gps tracker, emergency sos, geo fencing, 4g sim compatible, parental controls,1.4"" display, smart watch for boys girls (candy pink)",4999.0,3.3,816.0,True,,0,0,0,0,1,0,0,0,0,0,0,0,0,0,0,0,0,0,0,0,0,1,"boat wanderer smart, kids watch,",Mid-Range,0
"smart watches for men android & iphone, 1.8"" alexa built-in smartwatches fitness tracker watch with bluetooth calls, ip68 waterproof, heart rate/sleep/spo2 monitor, 110 sport modes - black",8228.0,4.3,1600.0,True,,0,0,0,0,0,1,0,1,1,1,1,0,0,1,0,1,1,0,0,1,0,0,smart watches for men android,Premium,1
"smart watch vr-67, 1.43"" amoled display, multiple straps, fitness tracker, heart rate monitor, sleep tracker, sports modes, bluetooth calls, waterproof, men women, smart app, ios android",3596.0,4.3,33.0,True,,1,0,0,1,0,1,0,0,1,0,1,0,1,1,0,1,0,0,0,1,1,0,"smart watch vr-67, 1.43"" amoled",Mid-Range,0
"fastrack astor fs1 pro smart watch, 1.97"" amoled display, bluetooth calling, 100+ sports modes, spo2 & heart rate monitoring, women's health, ip68, up to 5 days battery, functional crown (teal)",2499.0,4.0,167.0,False,,1,0,0,1,0,1,1,0,1,1,0,0,1,0,0,0,1,0,0,1,1,0,fastrack astor fs1 pro smart,Budget,0
"fire‑boltt phoenix classic round smart watch 1.39″ hd display with bluetooth calling,ai voice assistant,spo2 & heart rate monitor, 120+ sports modes,ip67 waterproof smart watch for men & women - brown",1099.0,3.7,6200.0,True,Limited time deal,0,1,0,0,0,1,1,0,1,1,0,0,1,0,0,1,0,1,0,1,1,0,fire‑boltt phoenix classic round smart,Budget,0
"smart watch with earbuds, 2.02"" hd screen，2 in 1 smart watches for women, waterproof fitness tracker watch with wireless earphone compatible for android ios with sports monitor sleep",12278.0,4.4,33.0,True,,0,0,0,0,0,0,0,0,0,0,1,0,1,1,0,1,0,0,0,1,1,0,"smart watch with earbuds, 2.02""",Premium,0
"gamesir neolux 1.96” hd display smartwatch for men & women 2025 with 110+ sports modes, heart rate, sleep monitor, ip68 waterproof, answer/make calls for android & ios(green)",939.0,3.4,82.0,True,Limited time deal,0,1,0,0,0,0,0,0,1,0,1,0,1,0,0,1,1,0,0,1,1,0,gamesir neolux 1.96” hd display,Budget,0
"punnkfunnk glavito round dial smartwatch 1.49"" amoled display, 100+ sports modes, ip67, health tracking, bluetooth calling, crown control, 100+ watch faces for men & women (magnetic white)",1206.0,2.9,32.0,True,,1,0,0,1,0,1,1,0,0,0,0,0,1,0,0,0,0,1,0,1,1,0,punnkfunnk glavito round dial smartwatch,Budget,0
"gamesir active 2 smartwatch for men & women, 1.39” hd round display, bluetooth calling, heart rate & spo₂, 100+ sports modes, ip67, long battery life for android & ios (magnetic black)",1499.0,4.5,16.0,True,,0,0,0,0,0,1,1,0,1,0,0,0,1,0,0,0,0,1,0,1,1,0,gamesir active 2 smartwatch for,Budget,0
"gamesir nexoro 2.01” smartwatch for men & women bluetooth call, heart rate, spo2, sleep & 100+ sports modes, ip68 waterproof, compatible with android & iphone (metal gold)",999.0,3.7,161.0,True,Limited time deal,0,0,0,0,0,1,0,0,1,1,1,0,1,0,0,1,1,0,0,1,1,0,gamesir nexoro 2.01” smartwatch for,Budget,0
"noise pro 6r 1.46"" amoled smart watch, 1000 nits, powered by ai pro, built-in gps, strava integration, stainless steel dial, video watch faces, 3atm, emergency sos, tws connectivity (starlight gold)",6999.0,3.9,5100.0,True,,1,0,0,1,1,0,0,0,0,0,0,0,0,0,0,0,0,0,0,0,0,0,"noise pro 6r 1.46"" amoled",Mid-Range,0
"motorola moto watch 120 - premium smartwatch for men with amoled display, 10-day battery, heart rate & spo2 tracking, fitness & health monitoring, compatible with iphone - phantom black",12114.0,4.2,493.0,True,,1,0,0,1,0,0,0,0,1,1,0,0,0,0,0,0,0,0,0,1,0,0,motorola moto watch 120 -,Premium,0
"smart watch for women (answer/make calls),1.83"" touch screen fitness tracker with 4 bands, heart rate/sleep/step tracking, 100+ sports modes smartwatches for android ios (rose gold)",11459.0,3.9,42.0,True,,0,0,0,0,0,0,0,0,1,0,1,0,1,1,0,0,0,0,0,1,1,0,smart watch for women (answer/make,Premium,0
"gamesir h18 pro smartwatch with long battery life, 2.01"" high-resolution screen, bluetooth calling, ip68 waterproof, tft display, luxury design for men & women (red)",939.0,3.9,116.0,True,Limited time deal,0,0,0,0,0,1,1,0,0,0,0,0,0,0,0,1,1,0,0,1,1,0,gamesir h18 pro smartwatch with,Budget,0
"gamesir h9 gold dial smartwatch combo, 4 straps, 2.01'' hd display, bluetooth calling, ip67, crown control, fitness tracker with heart rate & spo₂, 100+ sports modes for men & women (gold dial)",1390.0,4.4,18.0,True,Limited time deal,0,1,0,0,0,1,1,0,1,0,0,0,1,1,0,0,0,1,0,1,1,0,gamesir h9 gold dial smartwatch,Budget,0
pebble endure 2 1.43” amoled smartwatch with always-on display | rotating crown | bt calling | health suite | premium rugged build | multiple sports modes| diy watch faces | step tracker (red),2999.0,4.0,393.0,True,Limited time deal,1,0,0,1,0,0,1,0,0,0,0,0,1,0,0,0,0,0,0,0,0,0,pebble endure 2 1.43” amoled,Budget,0
"noise pro 6r 1.46"" amoled smart watch, 1000 nits, powered by ai pro, built-in gps, strava integration, stainless steel dial, video watch faces, 3atm, emergency sos, tws connectivity (pure titanium)",7999.0,3.9,5100.0,True,,1,0,0,1,1,0,0,0,0,0,0,0,0,0,0,0,0,0,0,0,0,0,"noise pro 6r 1.46"" amoled",Premium,0
"boat ultima ember smartwatch with 1.96” amoled display, aod, personalized fitness nudges, functional crown,100+ sports modes, create your own watchface, smartwatch for man and woman (mist blue)",2199.0,4.0,2300.0,True,,1,0,0,1,0,0,0,0,0,0,0,0,1,0,0,0,0,0,0,0,0,0,boat ultima ember smartwatch with,Budget,1
"sekyo carepal pro (smartchoice) 4g smartwatch for kids | video call, live gps tracker |app control, habit coach, math games, pedometer, safe zone alert, family chat| kids smart watch for boys girls",5880.0,4.1,1400.0,True,,0,0,0,0,1,0,0,0,0,0,0,0,0,0,0,0,0,0,0,0,0,1,sekyo carepal pro (smartchoice) 4g,Mid-Range,1
"military smart watch for men & women, 1.43"" amoled smartwatch with 100+ sport modes,heart rate monitor, compass, flashlight, gps, compatible ios & android (black)",11790.0,3.8,16.0,True,,1,0,0,1,1,0,0,0,1,0,0,0,0,0,0,0,0,0,0,1,1,0,military smart watch for men,Premium,0
"boat valour watch 1 gps, ai based auto gym mode, built-in gps, advanced x2 chip, 6-axis sensors, 3 atm,15 days battery,1.43"" amoled display w/gorilla glass smart watches for man (fusion grey)",6499.0,4.1,252.0,True,,1,0,0,1,1,0,0,0,0,0,0,0,0,0,0,0,0,0,0,0,0,0,"boat valour watch 1 gps,",Mid-Range,0
"gamesir q18 kids smart watch, 2g/3g connectivity, voice calling, gps tracker, two-way calling, sos function, camera & water rasistence, smartwatch for kids - boys & girls - (pink)",1305.0,3.1,91.0,True,,0,0,0,0,1,0,1,0,0,0,0,0,0,0,0,0,0,0,0,0,0,1,"gamesir q18 kids smart watch,",Budget,0
"smart watch for women 1.19” hd amoled touchscreen small fitness smartwatch with bluetooth call/diy dial/heart rate/sleep monitor, 120+ sports mode ip68 waterproof for android/ios, rose gold/3 bands",10865.0,4.5,2.0,True,,1,0,0,1,0,1,0,0,1,0,1,0,1,0,0,1,1,0,0,1,1,0,smart watch for women 1.19”,Premium,0
"punnkfunnk fitrivo smartwatch 2.01"" curved amoled display, 100+ watch faces, crown control, 100+ sports modes, health tracking, bluetooth calling, ip67, for men & women (magnetic dark blue)",1258.0,3.2,79.0,True,,1,0,0,1,0,1,1,0,0,0,0,0,1,0,0,0,0,1,0,1,1,0,"punnkfunnk fitrivo smartwatch 2.01"" curved",Budget,0
"noise pro 6r 1.46"" amoled smart watch, 1000 nits, powered by ai pro, built-in gps, strava integration, stainless steel dial, video watch faces, 3atm, emergency sos, tws connectivity (chrome black)",7999.0,3.9,5100.0,True,,1,0,0,1,1,0,0,0,0,0,0,0,0,0,0,0,0,0,0,0,0,0,"noise pro 6r 1.46"" amoled",Premium,0
"boat lunar oasis w/tbt navigation, qr tray, watch face studio, bluetooth calling, emergency sos 1.43"" (3.6 cm) amoled display fitness smart watch for men & women(active black)",3499.0,3.7,963.0,True,,1,0,0,1,0,1,1,0,0,0,0,0,0,0,0,0,0,0,0,1,1,0,"boat lunar oasis w/tbt navigation,",Mid-Range,0
"fire-boltt ninja x ring smart watch with 1.96” large display, bluetooth calling, wireless charging, ai voice assistant, 500+ watch faces, health suite, smart watch for man & woman – mocha mousse",1199.0,4.1,18500.0,True,,0,0,0,0,0,1,1,0,0,0,0,0,0,0,0,0,0,0,0,0,0,0,fire-boltt ninja x ring smart,Budget,1
"noise twist round dial smart watch with bluetooth calling, 1.38"" tft display, up-to 7 days battery, 100+ watch faces, ip68, heart rate monitor, sleep tracking (silver grey)",1399.0,4.0,1700.0,True,,0,0,0,0,0,1,1,0,1,0,1,0,0,0,0,0,1,0,0,0,0,0,noise twist round dial smart,Budget,1
"gamesir h18 smartwatch with long battery life, 2.01"" high-resolution screen, bluetooth calling, ip68 waterproof, tft display, luxury design for men & women (dark blue)",939.0,3.5,103.0,True,Limited time deal,0,0,0,0,0,1,1,0,0,0,0,0,0,0,0,1,1,0,0,1,1,0,gamesir h18 smartwatch with long,Budget,0
goqii insure+ 5 lakhs health insurance with smart vital max (blue) and 3 months personal coaching,892.0,2.9,9.0,True,,0,0,0,0,0,0,0,0,0,0,0,0,0,0,0,0,0,0,0,0,0,0,goqii insure+ 5 lakhs health,Budget,0
punnkfunnk novolux hd display smartwatch for men & women | bluetooth calling | heart rate | sleep monitor | 113+ sports modes | step counter | ip67 waterproof smartwatch for android & ios - (maroon),949.0,3.6,163.0,True,Limited time deal,0,1,0,0,0,1,1,0,1,0,1,0,1,0,1,1,0,1,0,1,1,0,punnkfunnk novolux hd display smartwatch,Budget,0
"titan smart pro smartwatch with amoled display,gps,temperature,stress & sleep monitor,multisport tracker,spo2,women health monitor,5 atm water resistance & upto 14 days battery life-90149ap02(pink)",11995.0,3.4,252.0,True,,1,0,0,1,1,0,0,0,0,1,1,0,0,0,0,0,0,0,0,1,1,0,titan smart pro smartwatch with,Premium,0
"boat chrome iris fashion smart watch for women - elegant ultra-sleek dial, light-weight metal body, 1.32"" amoled display, 1000 nits, aod, female wellness tracking watch for woman (velvet wine)",3499.0,4.7,53.0,True,,1,0,0,1,0,0,0,0,0,0,0,0,0,0,0,0,0,0,0,1,1,0,boat chrome iris fashion smart,Mid-Range,0
"punnkfunnk fitrivo smartwatch 2.01"" curved amoled display, 100+ watch faces, crown control, 100+ sports modes, health tracking, bluetooth calling, ip67, for men & women (magnetic black)",1258.0,3.2,79.0,True,,1,0,0,1,0,1,1,0,0,0,0,0,1,0,0,0,0,1,0,1,1,0,"punnkfunnk fitrivo smartwatch 2.01"" curved",Budget,0
"gamesir nexoro 2.01” smartwatch for men & women bluetooth call, heart rate, spo2, sleep & 100+ sports modes, ip68 waterproof, compatible with android & iphone (white)",939.0,3.7,161.0,True,Limited time deal,0,0,0,0,0,1,0,0,1,1,1,0,1,0,0,1,1,0,0,1,1,0,gamesir nexoro 2.01” smartwatch for,Budget,0
"gamesir novolux hd display smartwatch for men & women answer/make calls, heart rate monitor, 113+ sports modes, step counter, ip68 waterproof, compatible with android & ios(pink)",939.0,3.6,110.0,True,Limited time deal,0,1,0,0,0,0,0,0,1,0,0,0,1,0,1,1,1,0,0,1,1,0,gamesir novolux hd display smartwatch,Budget,0
"gamesir h18 smartwatch with long battery life, 2.01"" high-resolution screen, bluetooth calling, ip68 waterproof, tft display, luxury design for men & women (metal-silver)",999.0,3.5,103.0,True,Limited time deal,0,0,0,0,0,1,1,0,0,0,0,0,0,0,0,1,1,0,0,1,1,0,gamesir h18 smartwatch with long,Budget,0
"titan crest 1.43” amoled smart watch with bt calling, ai morning briefs, functional crown, health tracking, aluminium body, 100+ sports modes, smartwatch for men and women - black mesh strap",5999.0,4.0,726.0,True,,1,0,0,1,0,0,1,0,0,0,0,0,1,0,0,0,0,0,0,1,1,0,titan crest 1.43” amoled smart,Mid-Range,0
"punnkfunnk neolux 1.96” hd display smartwatch for men & women 2025 with 110+ sports modes, heart rate, sleep monitor, ip68 waterproof, answer/make calls for android & ios(pink)",949.0,3.9,115.0,True,Limited time deal,0,1,0,0,0,0,0,0,1,0,1,0,1,0,0,1,1,0,0,1,1,0,punnkfunnk neolux 1.96” hd display,Budget,0
"punnkfunnk h18 smartwatch for men & women | 2.01"" hd full display | bluetooth calling watch with heart rate | sleep monitor | 100+ sports modes | long battery life | ip67 fitness watch- (sky blue)",949.0,3.8,18.0,True,Limited time deal,0,0,0,0,0,1,1,0,1,0,1,0,1,0,0,0,0,1,0,1,1,0,punnkfunnk h18 smartwatch for men,Budget,0
"boat storm infinity w/15 days extensive battery life, only charge twice a month, huge 550mah battery, fast charge, 1.83”(4.65cm) display, fitness tracker, smart watch for men & women (sports green)",1699.0,4.0,873.0,True,,0,0,0,0,0,0,0,0,0,0,0,0,1,1,0,0,0,0,0,1,1,0,boat storm infinity w/15 days,Budget,0
"punnkfunnk h18 smartwatch for men & women | 2.01"" hd full display | bluetooth calling watch with heart rate | sleep monitor | 100+ sports modes | long battery life | ip67 fitness watch- (dark blue)",949.0,3.8,18.0,True,Limited time deal,0,0,0,0,0,1,1,0,1,0,1,0,1,0,0,0,0,1,0,1,1,0,punnkfunnk h18 smartwatch for men,Budget,0
"punnkfunnk h18 pro smartwatch for men & women | 2.01"" hd tft display | bluetooth calling | heart rate & spo2 monitor | long battery life | ip67 fitness watch with multiple sports modes- (white)",949.0,3.6,12.0,True,,0,0,0,0,0,1,1,0,1,1,0,0,1,0,0,0,0,1,0,1,1,0,punnkfunnk h18 pro smartwatch for,Budget,0
"titan aira 1.70"" amoled metal case square display smart watch with silicone strap stress monitoring, 1000 nits, functional crown, ai enabled, ip68 water resistant upto 7 days battery life - rose gold",6749.0,4.3,56.0,True,,1,0,0,1,0,0,0,0,0,0,0,0,0,0,0,0,1,0,0,0,0,0,"titan aira 1.70"" amoled metal",Mid-Range,0
"noise diva smartwatch with diamond cut dial, glossy metallic finish, amoled display, mesh metal and leather strap options, 100+ watch faces, female cycle tracker smart watch for women (black link)",2999.0,4.2,4300.0,True,,1,0,0,1,0,0,0,0,0,0,0,0,0,0,0,0,0,0,0,1,1,0,noise diva smartwatch with diamond,Budget,1
"boat new launch storm infinity max, 20 days maximum battery, biggest battery capacity ever! 2.01"" (5.1cm) display, functional crown, ai nudges, bt calling, smart watch for men & women (black)",1599.0,4.0,873.0,True,,0,0,0,0,0,0,1,0,0,0,0,0,0,0,0,0,0,0,0,1,1,0,boat new launch storm infinity,Budget,0
"fastrack limitless glide x 1.83"" smart watch with ultra uv hd display, spo2, heart rate & sleep tracking, bluetooth calling, 100+ sports modes, 5-day battery, smartwatch for men & women (beige)",1299.0,4.0,3600.0,False,,0,1,0,0,0,1,1,0,1,1,1,0,1,0,0,0,0,0,0,1,1,0,"fastrack limitless glide x 1.83""",Budget,1
"fastrack limitless fr1 pro with 1.43"" amoled display with aod|466 x 466 pixel resolution|singlesync bt calling|100+ sports modes & watchfaces|ai voice assistant|24 x 7 health suite|ip68",2995.0,4.4,17.0,True,,1,0,0,1,0,0,1,0,0,0,0,0,1,0,0,0,1,0,0,0,0,0,fastrack limitless fr1 pro with,Budget,0
"fastrack noir rizz women smart watch with 1.72"" inch ultra hd display,womens health,ai watchface & ai chat,functional crown,24/7 health suite,bt calling,ip68,additional silicone strap,games- rose gold",3999.0,3.6,71.0,True,,0,1,0,0,0,0,1,0,0,0,0,0,0,0,0,0,1,0,0,1,1,0,fastrack noir rizz women smart,Mid-Range,0
"gamesir neolux 1.96” hd display smartwatch for men & women 2025 with 110+ sports modes, heart rate, sleep monitor, ip68 waterproof, answer/make calls for android & ios (maroon)",939.0,3.4,82.0,True,Limited time deal,0,1,0,0,0,0,0,0,1,0,1,0,1,0,0,1,1,0,0,1,1,0,gamesir neolux 1.96” hd display,Budget,0
"noise halo plus elite edition smartwatch with 1.46"" super amoled display, stainless steel finish metallic straps, 4-stage sleep tracker, smart watch for men and women (elite silver)",2999.0,4.1,7600.0,True,,1,0,0,1,0,0,0,0,0,0,1,0,0,0,0,0,0,0,0,1,1,0,noise halo plus elite edition,Budget,1
"goboult pyro smartwatch 1.43'' amoled screen, bt calling 5.3, 600 nits brightness, ip68, 150+ watchfaces, 120+ sports modes, ai voice assistant, spo2 monitoring (gold silver)",2499.0,3.3,180.0,True,,1,0,0,1,0,0,1,0,0,1,0,0,1,0,0,0,1,0,0,0,0,0,goboult pyro smartwatch 1.43'' amoled,Budget,0
"huawei watch gt 5 41mm smartwatch, up to 7 days battery life, ios & android compatible,built in maps, pro-level sports call&message reply (black)",13999.0,4.6,611.0,True,,0,0,0,0,0,0,0,0,0,0,0,0,1,0,0,0,0,0,0,0,0,0,huawei watch gt 5 41mm,Premium,0
"boat enigma gem women's luxury smart watch w/ 1.19” (3.02cm) amoled display, emergency sos live location sharing, female wellness, watch face studio, bt calling, watch for woman (rose gold)",2999.0,3.7,2300.0,True,,1,0,0,1,0,0,1,0,0,0,0,0,0,0,0,0,0,0,0,1,1,0,boat enigma gem women's luxury,Budget,0
"fastrack radiant fx1 1.43"" amoled metal smart watch with functional crown, bt calling, aod, 100+ sports modes, health tracking, ip68 water resistance – smartwatch for men & women (black)",3999.0,3.8,922.0,True,,1,0,0,1,0,0,1,0,0,0,0,0,1,0,0,0,1,0,0,1,1,0,"fastrack radiant fx1 1.43"" amoled",Mid-Range,0
noise colorfit pulse 4 pro smartwatch - rose pink,6866.0,3.2,13.0,True,,0,0,0,0,0,0,0,0,0,0,0,0,0,0,0,0,0,0,0,0,0,0,noise colorfit pulse 4 pro,Mid-Range,0
"punnkfunnk newly launched fitrivo smartwatch 2.01"" curved amoled display, 100+ watch faces, crown control, 100+ sports modes, health tracking, bluetooth calling, ip67, for men & women (magnetic white)",1258.0,3.2,79.0,True,,1,0,0,1,0,1,1,0,0,0,0,0,1,0,0,0,0,1,0,1,1,0,punnkfunnk newly launched fitrivo smartwatch,Budget,0
french connection f1 touch screen unisex smartwatch with heart rate & blood pressure monitoring,1402.0,3.5,118.0,True,,0,0,0,0,0,0,0,0,1,0,0,0,0,0,0,0,0,0,0,0,0,0,french connection f1 touch screen,Budget,0
"fastrack radiant fx3 smart watch, 3.63 cm amoled display, functional crown, aod & dnd mode, singlesync bt calling, ai voice assistant, women's health tracking, 100+ sports & smartwatch faces (black)",4995.0,3.8,922.0,True,,1,0,0,1,0,0,1,0,0,0,0,0,1,0,0,0,0,0,0,1,1,0,"fastrack radiant fx3 smart watch,",Mid-Range,0
"motorola moto watch 70 - health and fitness smartwatch for every day wear, advanced health features, up to 10 days battery life - compatible with android and ios, phantom black",11817.0,3.9,276.0,True,,0,0,0,0,0,0,0,0,0,0,0,0,0,0,0,0,0,0,0,0,0,0,motorola moto watch 70 -,Premium,0
punnkfunnk novolux hd display smartwatch for men & women | heart rate | sleep monitor | bluetooth calling | 113+ sports modes | ip67 waterproof smartwatch for android & ios - (sky blue),949.0,3.6,163.0,True,,0,1,0,0,0,1,1,0,1,0,1,0,1,0,0,1,0,1,0,1,1,0,punnkfunnk novolux hd display smartwatch,Budget,0
"military smart watch for men (answer/make call), 10 atm waterproof outdoor sports fitness tracker with, blood pressure, heart rate, sleep monitor, rugged tactical smartwatch for android and iphone",10103.0,4.1,1500.0,True,,0,0,0,0,0,0,0,0,1,0,1,0,1,1,0,1,0,0,0,1,0,0,military smart watch for men,Premium,1
"fire‑boltt rise smart watch 1.85″ hd display with bluetooth calling, ai voice assistant, rotating crown,spo2 & heart rate monitor, 120+ sports modes,ip67 waterproof smart watch for men & women - black",1099.0,4.0,40800.0,True,,0,1,0,0,0,1,1,0,1,1,0,0,1,0,0,1,0,1,0,1,1,0,fire‑boltt rise smart watch 1.85″,Budget,1
"punnkfunnk h18 pro smartwatch for men & women | 2.01"" hd tft display | bluetooth calling | heart rate & spo2 monitor | long battery life | ip67 fitness watch with multiple sports modes- (sky blue)",949.0,3.6,12.0,True,Limited time deal,0,0,0,0,0,1,1,0,1,1,0,0,1,0,0,0,0,1,0,1,1,0,punnkfunnk h18 pro smartwatch for,Budget,0
"nervfit orion s1 smartwatch with 1.43"" amoled display, functional crown control, bluetooth calling, ai voice assistant, ip68 waterproof, heart rate & spo2 monitor, and 100+ sports modes - (rose gold)",2299.0,4.1,60.0,True,,1,0,0,1,0,1,1,0,1,1,0,0,1,0,0,1,1,0,0,0,0,0,nervfit orion s1 smartwatch with,Budget,0
"gamesir kids smartwatch for boys & girls, men & women, sim card support, location tracker/gps system, music player, camera, video,notification, alarm, waterproof, calling smart watch-blue",1499.0,2.9,313.0,False,,0,0,0,0,1,0,1,0,0,0,0,0,0,0,0,1,0,0,0,1,1,1,gamesir kids smartwatch for boys,Budget,0
"turet gravel smartwatch for kids - aluminium body, hd screen, in-built games, motion mode, ip68 waterproof, activity tracker, multiple dials, heart rate, spo2 & sleep monitoring (black)",1499.0,4.2,8.0,True,,0,0,0,0,0,0,0,0,1,1,1,0,0,0,0,1,1,0,0,0,0,1,turet gravel smartwatch for kids,Budget,0
"goboult newly launched rover pro smartwatch 1.43'' amoled, bt calling 5.2, 1000 nits brightness, ip68, 150+ watchfaces, 120+ sports modes, ai voice assistant, spo2 monitoring (elite, free straps)",1999.0,3.6,26.0,True,,1,0,0,1,0,0,1,0,0,1,0,0,1,0,0,0,1,0,0,0,0,0,goboult newly launched rover pro,Budget,0
"noise quad call 1.81"" display, bluetooth calling smart watch, ai voice assistance, 160+hrs battery life, metallic build, in-built games, 100 sports modes, 100+ watch faces (elite silver)",1699.0,4.0,10300.0,True,,0,0,0,0,0,1,1,0,0,0,0,0,1,0,0,0,0,0,0,0,0,0,"noise quad call 1.81"" display,",Budget,1
"gamesir novolux hd display smartwatch for men & women answer/make calls, heart rate monitor, 113+ sports modes, step counter, ip68 waterproof, compatible with android & ios(green)",939.0,3.6,110.0,True,Limited time deal,0,1,0,0,0,0,0,0,1,0,0,0,1,0,1,1,1,0,0,1,1,0,gamesir novolux hd display smartwatch,Budget,0
"fire-boltt ninja x ring smart watch 1.96"" always on display bluetooth calling, voice assistant, spo2 & heart rate, 120+ sports modes, ip67 waterproof smartwatch for men & women - black steel",2499.0,4.0,3100.0,True,Limited time deal,0,0,0,0,0,1,1,0,1,1,0,0,1,0,0,1,0,1,0,1,1,0,fire-boltt ninja x ring smart,Budget,1
"4g kids smart watch boys with gps tracker & video calling sms gps watch for kids age 5-12, 12/24 hr sos call voice chat alarm clock camera pedometer class fashion boys gifts",10436.0,2.0,2.0,True,,0,0,0,0,1,0,1,0,0,0,0,0,0,0,0,0,0,0,0,0,0,1,4g kids smart watch boys,Premium,0
"smartwatch for women men, ultralight smart bracelet with heart rate/blood oxygen/sleep monitor/pedometer,12 sports activity fitness tracker, smart watch for android iphone,2 bands, silver",12090.0,3.1,16.0,True,,0,0,0,0,0,0,0,0,1,0,1,1,1,1,0,0,0,0,0,1,1,0,"smartwatch for women men, ultralight",Premium,0
"military smart watch for men(answer/make calls),outdoor smartwatch with 100 days battery/led flashlight/compass/heart rate/spo2/sleep monitor/2 straps, rugged fitness watch for iphone/android phones",10597.0,4.0,41.0,True,,0,0,0,0,0,0,0,0,1,1,1,0,0,0,0,0,0,0,0,1,0,0,military smart watch for men(answer/make,Premium,0
"punnkfunnk newly launched fitrivo smartwatch 2.01"" curved amoled display, 100+ watch faces, crown control, 100+ sports modes, health tracking, bluetooth calling, ip67, for men & women (dark green)",1206.0,3.2,79.0,True,,1,0,0,1,0,1,1,0,0,0,0,0,1,0,0,0,0,1,0,1,1,0,punnkfunnk newly launched fitrivo smartwatch,Budget,0
"boat wave sigma 3 curv smartwatch with 2.01” (5.33 cm) immersive curved display, metallic finish, functional crown, bt calling, sleep, stress, heart rate & spo2 monitoring, sos, ip68 (cyan blue)",1499.0,5.0,3.0,True,,0,0,0,0,0,0,1,0,1,1,1,0,0,0,0,0,1,0,0,0,0,0,boat wave sigma 3 curv,Budget,0
"goboult dire smartwatch 1.38'' 2.5d curved hd display, 500 nits brightness, ip67, 250+ watchfaces, 120+ sports modes, ai voice assistant, spo2 monitoring (pure black)",1299.0,3.8,96.0,True,,0,1,0,0,0,0,0,0,0,1,0,0,1,0,0,0,0,1,0,0,0,0,goboult dire smartwatch 1.38'' 2.5d,Budget,0
"fire-boltt rise round smart watch 1.85″ hd display with bluetooth calling, rotating crown, ai voice assistant, spo2 & heart rate monitor, 120+ sports modes, ip67 waterproof metal smartwatch - black",1299.0,4.0,40800.0,True,,0,1,0,0,0,1,1,0,1,1,0,0,1,0,0,1,0,1,0,0,0,0,fire-boltt rise round smart watch,Budget,1
"fastrack noir charm women smart watch 1.65"" inch amoled display,sleek design,ai watchface & ai chat,functional crown,24/7 health suite,bt calling,spo2,hrm,ip68, multiple menu styles,games - rose gold",5999.0,3.6,71.0,True,,1,0,0,1,0,0,1,0,0,1,0,0,0,0,0,0,1,0,0,1,1,0,fastrack noir charm women smart,Mid-Range,0
"punnkfunnk genquira smartwatch for women with bluetooth calling, 1.69"" hd amoled display, health & fitness tracker with spo2, heart rate, 100+ sports modes, ip67 for android & iphone(rose gold plain)",1329.0,4.0,185.0,True,Limited time deal,1,0,0,1,0,1,1,0,1,1,0,0,1,1,0,0,0,1,0,1,1,0,punnkfunnk genquira smartwatch for women,Budget,0
punnkfunnk neolux 1.96” hd display smartwatch for men & women 2025 | bluetooth calling | 110+ sports modes | heart rate | spo2 | ip67 waterproof | compatible with android & ios - maroon,949.0,3.9,115.0,True,,0,1,0,0,0,1,1,0,1,1,0,0,1,0,0,1,0,1,0,1,1,0,punnkfunnk neolux 1.96” hd display,Budget,0
punnkfunnk neolux 1.96” hd display smartwatch for men & women 2025 | bluetooth calling | 110+ sports modes | heart rate | spo2 | ip67 waterproof | compatible with android & ios - (red),949.0,3.9,115.0,True,,0,1,0,0,0,1,1,0,1,1,0,0,1,0,0,1,0,1,0,1,1,0,punnkfunnk neolux 1.96” hd display,Budget,0
"boat lunar vista w/large 1.52"" (3.8 cm) auravue display, aod, 550 nits brightness, functional crown,100+ sports mode, heart rate & sp02 monitoring, fitness smart watch for men & women (deep blue)",1499.0,4.0,7300.0,True,,0,0,0,0,0,0,0,0,1,0,0,0,1,0,0,0,0,0,0,1,1,0,"boat lunar vista w/large 1.52""",Budget,1
"titan valerie 1.19"" amoled studded stainless steel smart watch for women latest, next-gen chipset, functional crown, sos & bt calling, women wellness suite, bp & skin temp monitor, (rose gold)",8999.0,3.9,337.0,True,,1,0,0,1,0,0,1,0,0,0,0,0,0,0,0,0,0,0,0,1,1,0,"titan valerie 1.19"" amoled studded",Premium,0
"smart watch, gps & free maps, ai, bluetooth call & text, health, sleep & fitness tracker, 100+ sport modes, waterproof, long battery life, waterproof, compass, barometer, 2 bands smartwatch for men",11832.0,4.3,305.0,True,,0,0,0,0,1,1,0,0,0,0,1,0,0,1,0,1,0,0,0,1,0,0,"smart watch, gps & free",Premium,0
"punnkfunnk genquella smartwatch for women with bluetooth calling, 1.69"" hd touchscreen, heart rate spo2 sleep tracker, 100+ sports modes, ip67 fitness watch for android iphone(red)",1162.0,3.2,32.0,True,,0,0,0,0,0,1,1,0,1,1,1,0,1,0,0,0,0,1,0,1,1,0,punnkfunnk genquella smartwatch for women,Budget,0
"toreto eclipz arc smartwatch with 1.81"" ips display, bluetooth calling, ip67 water resistance, 22mm silicone strap, 12-day battery, ios & android compatible (champagne gold)",1999.0,4.9,47.0,True,,0,0,0,0,0,1,1,0,0,0,0,0,0,0,0,0,0,1,0,0,0,0,toreto eclipz arc smartwatch with,Budget,0
"timex smart nexgen 1.43""(3.6cm) amoled display with functional crown and bt calling smartwatch for unisex - twtxw703t",4369.0,3.5,11.0,True,,1,0,0,1,0,0,1,0,0,0,0,0,0,0,0,0,0,0,0,0,0,0,"timex smart nexgen 1.43""(3.6cm) amoled",Mid-Range,0
"gamesir nexoro 2.01” smartwatch for men & women bluetooth call, heart rate, spo2, sleep & 100+ sports modes, ip68 waterproof, compatible with android & iphone (sky blue)",939.0,3.7,161.0,True,Limited time deal,0,0,0,0,0,1,0,0,1,1,1,0,1,0,0,1,1,0,0,1,1,0,gamesir nexoro 2.01” smartwatch for,Budget,0
"toobur smart watch for men women, smartwatch compatible android and ios phone, answer/make calls, fitness tracker watch, heart rate/sleep tracker/100 sports/ip68 waterproof, midnight",7128.0,4.3,197.0,True,,0,0,0,0,0,0,0,0,1,0,1,0,1,1,0,1,1,0,0,1,1,0,toobur smart watch for men,Premium,0
"gamesir premium luxurious gen 12 smartwatch, 1.69"" amoled display activity tracker, bluetooth calling, customizable watch faces, water resistant smartwatch for women & girls (diamond gold)",1299.0,3.8,29.0,True,Limited time deal,1,0,0,1,0,1,1,0,0,0,0,0,0,0,0,0,0,0,0,1,1,0,gamesir premium luxurious gen 12,Budget,0
"titan evoke 2.0, 1.32"" amoled display smart watch with aod,1000 nits, functional crown, magnetic strap, metal body,fast charge,24/7 health suite, bt calling, spo2, hrm, ip68 smartwatch - cocoa brown",8499.0,4.3,54.0,True,,1,0,0,1,0,0,1,0,0,1,0,0,0,0,0,0,1,0,0,0,0,0,"titan evoke 2.0, 1.32"" amoled",Premium,0
"spiky gnome kids smartwatch | with hd 4g video & voice calling | ip67 waterproof, gps - lbs tracking - wifi, geo fencing, sos button | best smartwatch for kids boys & girls",5499.0,4.1,11.0,True,,0,0,0,0,1,0,1,0,0,0,0,0,0,0,0,1,0,1,0,0,0,1,spiky gnome kids smartwatch |,Mid-Range,0
"gamesir h18 pro smartwatch with long battery life, 2.01"" high-resolution screen, bluetooth calling, ip68 waterproof, tft display, luxury design for men & women (ocean green)",939.0,3.9,116.0,True,,0,0,0,0,0,1,1,0,0,0,0,0,0,0,0,1,1,0,0,1,1,0,gamesir h18 pro smartwatch with,Budget,0
"gamesir neolux 1.96” hd display smartwatch for men & women 2025 with 110+ sports modes, heart rate, sleep monitor, ip68 waterproof, answer/make calls for android & ios(metal black)",999.0,3.4,82.0,True,Limited time deal,0,1,0,0,0,0,0,0,1,0,1,0,1,0,0,1,1,0,0,1,1,0,gamesir neolux 1.96” hd display,Budget,0
"noise twist round dial smart watch with bluetooth calling, 1.38"" tft display, up-to 7 days battery, 100+ watch faces, ip68, heart rate monitor, sleep tracking (gold wine)",1399.0,4.0,1700.0,True,,0,0,0,0,0,1,1,0,1,0,1,0,0,0,0,0,1,0,0,0,0,0,noise twist round dial smart,Budget,1
"noise champ 2 kids smart watch with habit building (handwash, brushing, etc), ip68 waterproof, activity tracker, in-built games, school mode. noisefit sync app, for boys and girls (kitty pink)",1999.0,3.7,14000.0,True,,0,0,0,0,0,0,0,0,0,0,0,0,0,0,0,1,1,0,0,0,0,1,noise champ 2 kids smart,Budget,0
"punnkfunnk genquella smartwatch for women with bluetooth calling, 1.69"" hd touchscreen, heart rate spo2 sleep tracker, 100+ sports modes, ip67 fitness watch for android iphone(maroon)",1239.0,3.2,32.0,True,Limited time deal,0,0,0,0,0,1,1,0,1,1,1,0,1,0,0,0,0,1,0,1,1,0,punnkfunnk genquella smartwatch for women,Budget,0
"fastrack discovery smart watch, 4.9 cm amoled display, singlesync bt calling, built-in gps, 100+ multisport, auto recognition of multisport, 5 days battery life, 100+ smartwatch faces (blue)",5499.0,4.0,37.0,True,,1,0,0,1,1,0,1,0,0,0,0,0,0,0,0,0,0,0,0,0,0,0,"fastrack discovery smart watch, 4.9",Mid-Range,0
"fastrack radiant fx4 1.51"" amoled metal smart watch with single sync bt calling, functional crown, all-round health tracking, 100+ sports modes, ip68 – smartwatch for man & woman (rose gold)",5795.0,3.8,922.0,False,,1,0,0,1,0,0,1,0,0,0,0,0,1,0,0,0,1,0,0,0,0,0,"fastrack radiant fx4 1.51"" amoled",Mid-Range,0
punnkfunnk h9 1.96” hd display smartwatch for men & women | bluetooth calling | heart rate | spo2 | sleep monitor | 100+ sports modes | ip67 waterproof fitness watch for android & ios - (red),949.0,3.7,227.0,True,,0,1,0,0,0,1,1,0,1,1,1,0,1,0,0,1,0,1,0,1,1,0,punnkfunnk h9 1.96” hd display,Budget,0
"gamesir nexoro 2.01” smartwatch for men & women bluetooth call, heart rate, spo2, sleep & 100+ sports modes, ip68 waterproof, compatible with android & iphone(pink)",939.0,3.7,161.0,True,Limited time deal,0,0,0,0,0,1,0,0,1,1,1,0,1,0,0,1,1,0,0,1,1,0,gamesir nexoro 2.01” smartwatch for,Budget,0
"noisefit halo 1.43"" amoled display, bluetooth calling round dial smart watch, premium metallic build, always on display, smart gesture control, 100 sports modes (classic black)",2999.0,3.8,1500.0,True,,1,0,0,1,0,1,1,0,0,0,0,0,1,0,0,0,0,0,0,0,0,0,"noisefit halo 1.43"" amoled display,",Budget,0
"fire-boltt ninja x ring smart watch with 1.96” large display, bluetooth calling, wireless charging, ai voice assistant, 500+ watch faces, health suite, smart watch for man & woman – blue s",1199.0,4.1,18500.0,True,,0,0,0,0,0,1,1,0,0,0,0,0,0,0,0,0,0,0,0,0,0,0,fire-boltt ninja x ring smart,Budget,1
"gamesir active 5 smart watch amoled display 1.3"" screen, 360 * 360 resolution, ip68 waterproof with multiple watch faces bluetooth calling round dial smartwatch for men & women (grey)",1399.0,3.1,159.0,True,,1,0,0,1,0,1,1,0,0,0,0,0,0,0,0,1,1,0,0,1,1,0,gamesir active 5 smart watch,Budget,0
"goboult trail pro smartwatch 2.01'' 3d curved screen+amoled, bt calling 5.3, 600 nits brightness, ip68, 250+ watchfaces, 120+ sports modes, ai voice assistant, spo2 tracking (silver)",1799.0,3.7,376.0,True,,1,0,0,1,0,0,1,0,0,1,0,0,1,0,0,0,1,0,0,0,0,0,goboult trail pro smartwatch 2.01'',Budget,0
"punnkfunnk q18 kids smart watch, 2g/3g connectivity, two-way calling, voice calling, gps tracker, sos function, camera & water rasistence, smartwatch for kids - boys & girls - (black)",1349.0,3.5,93.0,True,Limited time deal,0,0,0,0,1,0,1,0,0,0,0,0,0,0,0,0,0,0,0,0,0,1,"punnkfunnk q18 kids smart watch,",Budget,0
"fastrack magnus fx2 1.32"" display smart watch with single sync bt calling, all-round health tracking, functional crown, metal case, 100+ sports modes & watchfaces – smartwatch for men & women (black)",4499.0,3.8,922.0,True,,0,0,0,0,0,0,1,0,0,0,0,0,1,0,0,0,0,0,0,1,1,0,"fastrack magnus fx2 1.32"" display",Mid-Range,0
"punnkfunnk nexoro 2.01” smartwatch for men & women bluetooth call, heart rate, spo2, sleep & 100+ sports modes, ip68 waterproof, compatible with android & iphone (black)",949.0,3.3,144.0,True,Limited time deal,0,0,0,0,0,1,0,0,1,1,1,0,1,0,0,1,1,0,0,1,1,0,punnkfunnk nexoro 2.01” smartwatch for,Budget,0
"gamesir glavito round dial smartwatch with 1.49"" amoled display, 100+ sports modes, ip67, bluetooth calling, functional crown control, health tracking, 100+ watch faces, men & women (magnetic white)",1163.0,3.6,43.0,True,,1,0,0,1,0,1,1,0,0,0,0,0,1,0,0,0,0,1,0,1,1,0,gamesir glavito round dial smartwatch,Budget,0
"titan crest 2.0 smart watch for man & women, 1.43"" amoled display, mesh metal strap, bt calling, tailored activity tracker, 100+ sports modes, fast charging, smart watch for men latest & women (black)",6499.0,4.1,101.0,True,,1,0,0,1,0,0,1,0,0,0,0,0,1,0,0,0,0,0,0,1,1,0,titan crest 2.0 smart watch,Mid-Range,0
"gamesir xtra storm, 1.5'' lte smartwatch, advanced fitness & navigation, 100h battery, ip68, bp/ecg monitor, bt calling, 100+ sports modes, compatible with android & ios,man & woman (orange)",1499.0,2.6,35.0,True,,0,0,0,0,0,0,1,0,0,0,0,0,1,0,0,0,1,0,0,0,0,0,"gamesir xtra storm, 1.5'' lte",Budget,0
"fastrack astor fs1 pro smart watch, 1.97"" amoled display, bluetooth calling, 100+ sports modes, spo2 & heart rate monitoring, women's health, ip68, up to 5 days battery, functional crown (beige)",2499.0,4.0,1400.0,True,,1,0,0,1,0,1,1,0,1,1,0,0,1,0,0,0,1,0,0,1,1,0,fastrack astor fs1 pro smart,Budget,1
punnkfunnk active 2 smart watch with 2 series | bluetooth 4.0 +5.0 dual mode | lcd 1.3 inch | aluminum dial | silicon straps | clip charge mode | bluetooth calling smartwatch (peach),1307.0,4.0,16.0,True,,0,0,1,0,0,1,1,0,0,0,0,0,0,0,0,0,0,0,0,0,0,0,punnkfunnk active 2 smart watch,Budget,0
"fire-boltt glitz women smart watch with 1.19” amoled display, bluetooth calling, rotating crown, always on display, 1000 nits brightness, ip68 waterproof ivory pearl",2499.0,4.1,1100.0,True,,1,0,0,1,0,1,1,0,0,0,0,0,0,0,0,1,1,0,0,1,1,0,fire-boltt glitz women smart watch,Budget,1
"boat wave call smart watch for men & women, bluetooth calling, 1.69"" (4.2 cm) display w/ 550 nits, 150+ watch faces, multi-sport modes,hr,spo2, ip68 (flamingo pink)",1349.0,3.9,28400.0,True,,0,0,0,0,0,1,1,0,0,1,0,0,0,0,0,0,1,0,0,1,1,0,boat wave call smart watch,Budget,0
punnkfunnk nexoro 2.01” smartwatch for men & women | bluetooth calling | heart rate | spo2 | sleep & fitness tracker | 100+ sports modes | ip67 | compatible with android & iphone - (white),949.0,3.3,144.0,True,,0,0,0,0,0,1,1,0,1,1,1,0,1,1,0,0,0,1,0,1,1,0,punnkfunnk nexoro 2.01” smartwatch for,Budget,0
punnkfunnk novolux hd display smartwatch for men & women | bluetooth calling | heart rate | sleep monitor | 113+ sports modes | step counter | ip67 waterproof smartwatch for android & ios - (white),949.0,3.6,163.0,True,Limited time deal,0,1,0,0,0,1,1,0,1,0,1,0,1,0,1,1,0,1,0,1,1,0,punnkfunnk novolux hd display smartwatch,Budget,0
pebble newly launched royale edge 1.93” curved amoled display smartwatch with always-on display | premium slim design| rotating crown | bluetooth calling | health suite | premium strap - jet black,3399.0,3.7,26.0,True,Limited time deal,1,0,0,1,0,1,1,0,0,0,0,0,0,0,0,0,0,0,0,0,0,0,pebble newly launched royale edge,Mid-Range,0
"punnkfunnk novolux hd display smartwatch for men & women answer/make calls, heart rate monitor, 113+ sports modes, step counter, ip68 waterproof, compatible with android & ios(grey)",949.0,3.6,163.0,True,Limited time deal,0,1,0,0,0,0,0,0,1,0,0,0,1,0,1,1,1,0,0,1,1,0,punnkfunnk novolux hd display smartwatch,Budget,0
"noise colorfit pulse 3 with 1.96"" biggest display bluetooth calling smart watch, premium build, auto sport detection & 170+ watch faces smartwatch for men & women (jade green)",1499.0,3.9,5100.0,True,,0,0,0,0,0,1,1,0,0,0,0,0,0,0,0,0,0,0,0,1,1,0,noise colorfit pulse 3 with,Budget,0
"gamesir active 2 smart watch amoled display 1.3"" screen, 360 * 360 resolution, ip68 waterproof with multiple watch faces bluetooth calling metal chain round dial smartwatch for men & women (gold)",1399.0,3.6,22.0,True,Limited time deal,1,0,0,1,0,1,1,0,0,0,0,0,0,0,0,1,1,0,0,1,1,0,gamesir active 2 smart watch,Budget,0
"noise icon arc 2.01"" immersive curved display smartwatch, 10-day battery, 1atm water resistant, functional crown, 100+ sports modes, health suite™, voice assistant, built-in games (silver grey)",1499.0,4.0,1100.0,True,,0,0,0,0,0,0,0,0,0,0,0,0,1,0,0,0,0,0,0,0,0,0,"noise icon arc 2.01"" immersive",Budget,1
"fastrack limitless fs1+ smartwatch| 2.01"" ultravu display|950 nits brightness|singlesync bt calling|nitro fast charging|110+ sports modes|200+ watchfaces|upto 7 day battery - green",1599.0,4.0,494.0,False,,0,0,0,0,0,0,1,0,0,0,0,0,1,0,0,0,0,0,0,0,0,0,"fastrack limitless fs1+ smartwatch| 2.01""",Budget,0
"timex smart nexgen 1.43""(3.6cm) amoled display with functional crown and bt calling smartwatch for unisex - twtxw702t",4369.0,3.6,8.0,True,,1,0,0,1,0,0,1,0,0,0,0,0,0,0,0,0,0,0,0,0,0,0,"timex smart nexgen 1.43""(3.6cm) amoled",Mid-Range,0
"fastrack active rugged smartwatch with 1.83"" ultravu hd display|singlesync bt calling|functional crown|100+ sports modes|ai coach|auto multisport recognition|ai voice assistant|24x7 health suite|ip68",3499.0,3.3,5.0,False,,0,1,0,0,0,0,1,0,0,0,0,0,1,0,0,0,1,0,0,0,0,0,fastrack active rugged smartwatch with,Mid-Range,0
"smart watch for kids, 4g kids phone smartwatch with gps tracker, wifi sms, call, voice video chat, bluetooth, audio recording, alarm, pedometer, wrist watch for 4-16 boys girls birthday gifts.",9662.0,3.6,57.0,True,,0,0,0,0,1,1,0,0,0,0,0,0,0,0,0,0,0,0,0,0,0,1,"smart watch for kids, 4g",Premium,0
"gamesir novolux hd display smartwatch for men & women answer/make calls, heart rate monitor, 113+ sports modes, step counter, ip68 waterproof, compatible with android & ios (sky blue)",939.0,3.6,110.0,True,Limited time deal,0,1,0,0,0,0,0,0,1,0,0,0,1,0,1,1,1,0,0,1,1,0,gamesir novolux hd display smartwatch,Budget,0
"watchout next-gen+ smart watch for kids, gps watch for kid tracker, with sim slot 5g, video & voice calling, heart rate & fever alert, sos emergency alerts, smart watch for kids 3-13 (lavender purple)",4999.0,4.0,323.0,True,Limited time deal,0,0,0,0,1,0,1,0,1,0,0,0,0,0,0,0,0,0,0,0,0,1,watchout next-gen+ smart watch for,Mid-Range,0
watchout champion smart watch for kids with habit builder & health tracking | curved smartwatch with waterproof | activity tracker for children | school-safe smart watch for boys & girls ages 3–17,2999.0,4.0,86.0,True,Limited time deal,0,0,0,0,0,0,0,0,0,0,0,0,0,0,0,1,0,0,0,0,0,1,watchout champion smart watch for,Budget,0
"alphagear delta dark night smartwatch for men, military smart watch, sports fitness tracker watch with 1.45"" hd screen, 14 days battery, for iphone android phone (2xscreen protector included)",16146.0,3.9,112.0,True,,0,0,0,0,0,0,0,0,0,0,0,0,1,1,0,0,0,0,0,1,0,0,alphagear delta dark night smartwatch,Premium,0
"gamesir gendiva smartwatch for women with bluetooth calling, 1.69” amoled display, 100+ sports modes, health & sleep monitor, voice assistant, ip68 waterproof, long battery life, (diamond gold)",1299.0,3.8,41.0,True,Limited time deal,1,0,0,1,0,1,1,0,0,0,1,0,1,0,0,1,1,0,0,1,1,0,gamesir gendiva smartwatch for women,Budget,0
"gamesir neolux 1.96” hd display smartwatch for men & women 2025 with 110+ sports modes, heart rate, sleep monitor, ip68 waterproof, answer/make calls for android & ios (white)",939.0,3.4,82.0,True,Limited time deal,0,1,0,0,0,0,0,0,1,0,1,0,1,0,0,1,1,0,0,1,1,0,gamesir neolux 1.96” hd display,Budget,0
x10 smart watch with earbuds for iphone android smartphones 1.39 inch round bluetooth call smartwatch fitness tracker all-in-one smartwatches long time standby tws music watch for men women (black),10164.0,4.3,10.0,True,,0,0,0,0,0,1,0,0,0,0,0,0,0,1,0,0,0,0,0,1,1,0,x10 smart watch with earbuds,Premium,0
"fire-boltt phoenix ultra smart watch 1.39"" hd display, bluetooth calling, ai voice assistant, 120 sports modes, ip67 waterproof, spo2 monitor smart watch for man & woman - silver",1299.0,3.9,100000.0,True,Limited time deal,0,1,0,0,0,1,1,0,0,1,0,0,1,0,0,1,0,1,0,0,0,0,fire-boltt phoenix ultra smart watch,Budget,0
"fire-boltt rise round smart watch 1.85″ hd display with bluetooth calling, rotating crown, ai voice assistant, spo2 & heart rate monitor, 120+ sports modes, ip67 waterproof metal smartwatch - silver",1299.0,4.0,40800.0,True,,0,1,0,0,0,1,1,0,1,1,0,0,1,0,0,1,0,1,0,0,0,0,fire-boltt rise round smart watch,Budget,1
"punnkfunnk evo vista smartwatch, 1.3” hd display bluetooth calling, fitness & sleep tracker, 100+ sports modes, ip67 waterproof compatible with android & ios(pink)",1399.0,3.4,238.0,True,,0,1,0,0,0,1,1,0,0,0,1,0,1,0,0,1,0,1,0,0,0,0,"punnkfunnk evo vista smartwatch, 1.3”",Budget,0
"boat enigma radiant luxury watch for man w/1.43""(3.63 cm) amoled display, aod, premium metal build, round dial, 200+watch faces, upto 7 days battery life, fitness smartwatch for men (deep blue)",1382.0,3.9,1100.0,True,,1,0,0,1,0,0,0,0,0,0,0,0,0,0,0,0,0,0,0,1,0,0,boat enigma radiant luxury watch,Budget,0
"gamesir h18 smartwatch with long battery life, 2.01"" high-resolution screen, bluetooth calling, ip68 waterproof, tft display, luxury design for men & women (grey)",939.0,3.5,103.0,True,Limited time deal,0,0,0,0,0,1,1,0,0,0,0,0,0,0,0,1,1,0,0,1,1,0,gamesir h18 smartwatch with long,Budget,0
"gamesir h9 silver dial smartwatch combo, 4 straps, 2.01'' hd display, bluetooth calling, ip67, crown control, fitness tracker with heart rate & spo₂, 100+ sports modes for men & women (silver dial)",1390.0,4.4,18.0,True,Limited time deal,0,1,0,0,0,1,1,0,1,0,0,0,1,1,0,0,0,1,0,1,1,0,gamesir h9 silver dial smartwatch,Budget,0
"boat wave call smart watch for men & women, bluetooth calling, 1.69"" (4.2 cm) display w/ 550 nits, 150+ watch faces, multi-sport modes,hr,spo2, ip68 (forest green)",1349.0,3.9,28400.0,True,,0,0,0,0,0,1,1,0,0,1,0,0,0,0,0,0,1,0,0,1,1,0,boat wave call smart watch,Budget,0
"noise diva smartwatch for women with diamond cut dial, glossy metallic finish, amoled display, new metal straps, 100+ watch faces, female cycle tracker smart watch for women (metallic silver)",3499.0,4.2,45.0,True,,1,0,0,1,0,0,0,0,0,0,0,0,0,0,0,0,0,0,0,1,1,0,noise diva smartwatch for women,Mid-Range,0
"fastrack radiant fx2 2.04"" amoled smart watch with bt calling, voice assistant, functional crown, metal alloy case, 100+ sports modes, spo2, aod – smartwatch for men and women (black)",4999.0,3.8,922.0,True,,1,0,0,1,0,0,1,0,0,1,0,0,1,0,0,0,0,0,0,1,1,0,"fastrack radiant fx2 2.04"" amoled",Mid-Range,0
"military smart watch for men, 2.01'' fitness tracker with 1200mah long battery life, bluetooth calls, flashlight, ip68 waterproof, heart rate/sleep tracking, 100+ sports modes for android iphone",9679.0,4.5,76.0,True,,0,0,0,0,0,1,0,0,1,0,1,0,1,1,0,1,1,0,0,1,0,0,"military smart watch for men,",Premium,0
"boat lunar discovery w/ 1.39"" (3.5 cm) hd display, turn-by-turn navigation, diy watch face studio, bluetooth calling, emergency sos, qr tray, smart watch for men & women(active blue)",1499.0,3.8,5600.0,True,,0,1,0,0,0,1,1,0,0,0,0,0,0,0,0,0,0,0,0,1,1,0,"boat lunar discovery w/ 1.39""",Budget,0
"gamesir nexoro 2.01” smartwatch for men & women bluetooth call, heart rate, spo2, sleep & 100+ sports modes, ip68 waterproof, compatible with android & iphone (green)",939.0,3.7,161.0,True,Limited time deal,0,0,0,0,0,1,0,0,1,1,1,0,1,0,0,1,1,0,0,1,1,0,gamesir nexoro 2.01” smartwatch for,Budget,0
"imoo phone watch z1 – smart watch with gps tracker, 4g video & voice calls, advanced parental controls, durable quality with ipx8 water resistance, sos, for kids (grapefruit red)",9490.0,4.2,2400.0,True,,0,0,0,0,1,0,0,0,0,0,0,0,0,0,0,0,0,0,0,0,0,1,imoo phone watch z1 –,Premium,1
"fastrack noir pro 1.19"" super amoled metal smart watch with 1000 nits brightness, bt calling, 24/7 health suite, functional crown, zinc alloy case – smartwatch for women (black)",5799.0,3.6,71.0,True,,1,0,0,1,0,0,1,0,0,0,0,0,0,0,0,0,0,0,0,1,1,0,"fastrack noir pro 1.19"" super",Mid-Range,0
"fastrack jupitor r2 smart watch, 1.38” tft display, 240 * 240 pixel resolution, singlesync bt calling, ai voice assistant, 100+ sports modes & smartwatch faces,upto 5 day battery, ip68 (wine red)",1799.0,3.8,129.0,True,,0,0,0,0,0,0,1,0,0,0,0,0,1,0,0,0,1,0,0,0,0,0,"fastrack jupitor r2 smart watch,",Budget,0
"punnkfunnk neolux 1.96” hd display smartwatch for men & women 2025 with 110+ sports modes, heart rate, sleep monitor, ip68 waterproof, answer/make calls for android & ios(metal gold)",979.0,3.9,115.0,True,,0,1,0,0,0,0,0,0,1,0,1,0,1,0,0,1,1,0,0,1,1,0,punnkfunnk neolux 1.96” hd display,Budget,0
"boat lunar discovery neo, 1.39"" (3.5 cm) round hd display, premium metallic finish, animated watchfaces, 100+ sports mode, bluetooth calling, smart watch for men & women (cherry blossom)",1399.0,4.0,21200.0,True,,0,1,0,0,0,1,1,0,0,0,0,0,1,0,0,0,0,0,0,1,1,0,"boat lunar discovery neo, 1.39""",Budget,1
"fastrack noir pro 1.19"" super amoled metal smart watch with 1000 nits brightness, bt calling, 24/7 health suite, functional crown, zinc alloy case – smartwatch for women (silver)",5799.0,3.6,71.0,True,,1,0,0,1,0,0,1,0,0,0,0,0,0,0,0,0,0,0,0,1,1,0,"fastrack noir pro 1.19"" super",Mid-Range,0
"fastrack jupiter s3 smartwatch with 1.83” tft 2.5d display, push button & rotary crown,bt calling,hrm, spo2 & sleep tracking,multiple menu styles,ip68,24/7 health suite,up to 5 days battery - grey",1599.0,4.0,16.0,True,,0,0,0,0,0,0,1,0,0,1,1,0,0,0,0,0,1,0,0,1,0,0,fastrack jupiter s3 smartwatch with,Budget,0
"titan heritage 1.43"" amoled stainless steel bracelet smart watch for men, bt calling, voice assistant, quick health measurement, functional crown, 3d ui, 60hz display, fast charging (black)",12495.0,3.9,337.0,True,,1,0,0,1,0,0,1,0,0,0,0,0,0,0,0,0,0,0,0,1,0,0,"titan heritage 1.43"" amoled stainless",Premium,0
"military smart watches for men，super large 2.01""fitness watch hd display, sports smartwatch with led flashlight/100-day battery/24 hrs heart rate & sleep monitor/120+ sports modes/gpt voice ai(black)",10300.0,4.0,90.0,True,,0,1,0,0,0,0,0,0,1,0,1,0,1,0,0,0,0,0,0,1,0,0,military smart watches for men，super,Premium,0
"punnkfunnk novolux hd display smartwatch for men & women answer/make calls, heart rate monitor, 113+ sports modes, step counter, ip68 waterproof, compatible with android & ios(metal black)",979.0,3.6,163.0,True,Limited time deal,0,1,0,0,0,0,0,0,1,0,0,0,1,0,1,1,1,0,0,1,1,0,punnkfunnk novolux hd display smartwatch,Budget,0
"fire-boltt glitz women smart watch with 1.19” amoled display, bluetooth calling, rotating crown, always on display, 1000 nits brightness, ip68 waterproof mocha brown",1999.0,4.1,1100.0,True,Limited time deal,1,0,0,1,0,1,1,0,0,0,0,0,0,0,0,1,1,0,0,1,1,0,fire-boltt glitz women smart watch,Budget,1
"myfirst fone s3+ (usa & canada version) kids smartwatch for boys/girls with unlimited data esim, gps tracker, video voice call, 2mp camera (space blue)",7990.0,3.7,7.0,True,,0,0,0,0,1,0,0,0,0,0,0,0,0,0,0,0,0,0,0,0,0,1,myfirst fone s3+ (usa &,Premium,0
"iaret smart watch for women men,bluetooth call fitness tracker for android&ios phones waterproof smartwatch with 1.32"" hd full touch screen ai voice control heart rate sleep monitor pedometer,black",12263.0,4.1,1800.0,True,,0,0,0,0,0,1,0,0,1,0,1,0,0,1,0,1,0,0,0,1,1,0,iaret smart watch for women,Premium,1
"smart watch for women, answer/make call, 1.32'' amoled ultra-clear screen fitness tracker with heart rate/sleep/spo2 monitor, smartwatch for iphone/samsung/android, 110+ sport modes, 3atm waterproof",8580.0,4.4,2200.0,True,,1,0,0,1,0,0,0,0,1,1,1,0,0,1,0,1,0,0,0,1,1,0,"smart watch for women, answer/make",Premium,1
"mabron k30 bluetooth calling smart watch with heart rate, pedometer, waterproof, for men women",2889.0,5.0,1.0,True,,0,0,0,0,0,1,1,0,1,0,0,0,0,0,0,1,0,0,0,1,1,0,mabron k30 bluetooth calling smart,Budget,0
"punnkfunnk newly launched fitrivo smartwatch 2.01"" curved amoled display, 100+ watch faces, crown control, 100+ sports modes, bluetooth calling, ip67 for men & women (millanese black)",1206.0,3.2,79.0,True,,1,0,0,1,0,1,1,0,0,0,0,0,1,0,0,0,0,1,0,1,1,0,punnkfunnk newly launched fitrivo smartwatch,Budget,0
"boat chrome eon, premium metal body, 1.43” (3.63 cm) amoled round display, ai coach health insights, advanced s1 processor, auto heart rate, hrv, vo2 max, smart watch for men & women (steel black)",4499.0,4.0,137.0,True,,1,0,0,1,0,0,0,0,1,0,0,0,0,0,0,0,0,0,0,1,1,0,"boat chrome eon, premium metal",Mid-Range,0
"noise colorfit ultra 3 bluetooth calling smart watch with biggest 1.96"" amoled display, premium metallic build, functional crown, gesture control with metallic strap (glossy silver: elite edition)",2599.0,4.1,7600.0,True,,1,0,0,1,0,1,1,0,0,0,0,0,0,0,0,0,0,0,0,0,0,0,noise colorfit ultra 3 bluetooth,Budget,1
"gamesir active 5 smart watch amoled display 1.3"" screen, 360 * 360 resolution, ip68 waterproof with multiple watch faces bluetooth calling round dial smartwatch for men & women (maroon)",1549.0,3.1,159.0,False,,1,0,0,1,0,1,1,0,0,0,0,0,0,0,0,1,1,0,0,1,1,0,gamesir active 5 smart watch,Budget,0
"toobur smart watch for women, smartwatch compatible android phone and ios phone, answer/make calls, fitness tracker watch, heart rate/sleep tracker/100 sports/ip68 waterproof, beige",8554.0,4.0,601.0,True,,0,0,0,0,0,0,0,0,1,0,1,0,1,1,0,1,1,0,0,1,1,0,"toobur smart watch for women,",Premium,0
"goboult dire smartwatch: 1.38'' 2.5d curved hd display, bt calling, 500 nits brightness, ip67, 250+ watchfaces, 120+ sports modes, ai voice assistant, spo2 monitoring (silver)",1499.0,3.5,296.0,True,,0,1,0,0,0,0,1,0,0,1,0,0,1,0,0,0,0,1,0,0,0,0,goboult dire smartwatch: 1.38'' 2.5d,Budget,0
"fire-boltt brillia pro smart watch 2.02″ super amoled display with bluetooth calling, spo₂ & heart rate monitor, 120+ sports modes, ip67 waterproof metal smartwatch for men & women - silver",1899.0,3.7,63.0,True,Limited time deal,1,0,0,1,0,1,1,0,1,0,0,0,1,0,0,1,0,1,0,1,1,0,fire-boltt brillia pro smart watch,Budget,0
"toobur petite smart watch for women small wrist, 37 mm amoled smartwatch, compatible with android & ios, fitness tracker with step/sleep/hr monitor, elegantly boxed, pretty gift for women, beige",12981.0,4.0,240.0,True,,1,0,0,1,0,0,0,0,0,0,1,0,0,1,0,0,0,0,0,1,1,0,toobur petite smart watch for,Premium,0
smart watch for men military answer/make call 2.01″ display 170+ sports modes fitness smart watch ip68 waterproof 30 days standby smartwatch for android ios black camouflage silicone strap,6875.0,4.0,875.0,True,,0,0,0,0,0,0,0,0,0,0,0,0,1,0,0,1,1,0,0,1,0,0,smart watch for men military,Mid-Range,0
"boat ultima prime smartwatch with 1.43” amoled display, aod, personalized fitness nudges, functional crown,100+ sports modes, create your own watchface, smartwatch for man and woman (rose gold)",2199.0,3.9,2600.0,True,,1,0,0,1,0,0,0,0,0,0,0,0,1,0,0,0,0,0,0,0,0,0,boat ultima prime smartwatch with,Budget,0
"noise force rugged & sporty 1.32"" bluetooth calling smart watch, 550 nits, 7 days battery, ai voice assistance, smart watch for men (misty grey)",1999.0,3.9,1300.0,True,,0,0,0,0,0,1,1,0,0,0,0,0,0,0,0,0,0,0,0,1,0,0,noise force rugged & sporty,Budget,0
"noise newly launched endeavour rugged design 1.46"" amoled display smart watch, bt calling, sos feature, rapid health & 100+ sports modes- (vintage brown)",2999.0,4.0,2500.0,True,,1,0,0,1,0,0,1,0,0,0,0,0,1,0,0,0,0,0,0,0,0,0,noise newly launched endeavour rugged,Budget,1
"fire-boltt phoenix air smart watch 1.26” round display, rotating button, wireless charging, ultra lightweight metal body, bluetooth calling, smartwatch with silicone & mesh steel straps onyx black",1099.0,4.1,1700.0,True,Limited time deal,0,0,0,0,0,1,1,0,0,0,0,0,0,0,0,0,0,0,0,0,0,0,fire-boltt phoenix air smart watch,Budget,1
"tensky smart watch for men women(call receive/dial), alexa built-in, 1.8"" touch screen fitness tracker with heart rate sleep tracking, 100 sports modes, 3atm waterproof smartwatch for android iphone",7999.0,4.2,5800.0,True,,0,0,0,0,0,0,0,1,1,0,1,0,1,1,0,1,0,0,0,1,1,0,tensky smart watch for men,Premium,1
"gamesir q18 kids smart watch, 2g/3g connectivity, voice calling, gps tracker, two-way calling, sos function, camera & water rasistence, smartwatch for kids - boys & girls - (green)",1459.0,3.1,91.0,True,Limited time deal,0,0,0,0,1,0,1,0,0,0,0,0,0,0,0,0,0,0,0,0,0,1,"gamesir q18 kids smart watch,",Budget,0
"skmei smartwatch bluetooth call for android & ios for men's fitness tracker with heart rate, blood pressure & sleep monitor, ip68 waterproof, long battery life, custom watch faces-s232 (tpu black)",2449.0,5.0,1.0,True,,0,0,0,0,0,1,0,0,1,0,1,0,0,1,0,1,1,0,0,1,0,0,skmei smartwatch bluetooth call for,Budget,0
"fastrack vox pro smart watch with offline voice commands,to-do list, rotary crown, 1.38” tft display, bt calling, 24/7 health suite, spo2, hrm, sleep tracking, ip68 water resistant - onyx black",2399.0,4.1,25.0,True,,0,0,0,0,0,0,1,0,0,1,1,0,0,0,0,0,1,0,0,0,0,0,fastrack vox pro smart watch,Budget,0
"smart watches for women/men, 40mm hd smartwatch fitness tracker with bluetooth calls (make/answer), heart rate/spo2/sleep monitor, 7 days battery, ip68 waterproof - purple",12114.0,4.1,36.0,True,,0,0,0,0,0,1,0,0,1,1,1,0,0,1,0,1,1,0,0,1,1,0,"smart watches for women/men, 40mm",Premium,0
"punnkfunnk h18 pro smartwatch for men & women | 2.01"" hd tft display | bluetooth calling | heart rate & spo2 monitor | long battery life | ip67 fitness watch with multiple sports modes- (metal gold)",949.0,3.6,12.0,True,,0,0,0,0,0,1,1,0,1,1,0,0,1,0,0,0,0,1,0,1,1,0,punnkfunnk h18 pro smartwatch for,Budget,0
"gamesir nexoro 2.01” smartwatch for men & women bluetooth call, heart rate, spo2, sleep & 100+ sports modes, ip68 waterproof, compatible with android & iphone (black)",939.0,3.7,161.0,True,Limited time deal,0,0,0,0,0,1,0,0,1,1,1,0,1,0,0,1,1,0,0,1,1,0,gamesir nexoro 2.01” smartwatch for,Budget,0
"punnkfunnk newly launched fitrivo smartwatch 2.01"" curved amoled display, 100+ watch faces, crown control, 100+ sports modes, health tracking, bluetooth calling, ip67, for men & women (metal silver)",1199.0,3.2,79.0,True,,1,0,0,1,0,1,1,0,0,0,0,0,1,0,0,0,0,1,0,1,1,0,punnkfunnk newly launched fitrivo smartwatch,Budget,0
"punnkfunnk h9 smart watch 2.01"" tft display, bt 5.0 with 100+ sports mode, heart rate & blood oxygen monitor, call & message reminders compatible for android & ios, ip67 waterproof(black)",949.0,1.0,2.0,True,,0,0,0,0,0,0,0,0,1,0,0,1,1,0,0,1,0,1,0,0,0,0,"punnkfunnk h9 smart watch 2.01""",Budget,0
"fastrack magnus fx1 1.38"" display metal case smart watch with single sync bt calling, functional crown, 100+ sports modes, health tracking, in-built games – smartwatch for men (silver)",3499.0,3.8,922.0,True,,0,0,0,0,0,0,1,0,0,0,0,0,1,0,0,0,0,0,0,1,0,0,"fastrack magnus fx1 1.38"" display",Mid-Range,0
"punnkfunnk glavito round dial smartwatch 1.49"" amoled display, 100+ sports modes, ip67, health tracking, bluetooth calling, functional crown control, 100+ watch faces for men & women (light green)",1206.0,2.9,32.0,True,,1,0,0,1,0,1,1,0,0,0,0,0,1,0,0,0,0,1,0,1,1,0,punnkfunnk glavito round dial smartwatch,Budget,0
"toobur smart watch for women, smartwatch compatible android phone and ios phone, answer/make calls, fitness tracker watch, heart rate/sleep tracker/100 sports/ip68 waterproof, black",8860.0,4.1,206.0,True,,0,0,0,0,0,0,0,0,1,0,1,0,1,1,0,1,1,0,0,1,1,0,"toobur smart watch for women,",Premium,0
"fire-boltt glitz women smart watch with 1.19” amoled display, bluetooth calling, rotating crown, always on display, 1000 nits brightness, ip68 waterproof midnight black",1999.0,4.1,1100.0,True,Limited time deal,1,0,0,1,0,1,1,0,0,0,0,0,0,0,0,1,1,0,0,1,1,0,fire-boltt glitz women smart watch,Budget,1
"smart watch for men 1.43"" hd amoled",14085.0,4.0,35.0,True,,1,0,0,1,0,0,0,0,0,0,0,0,0,0,0,0,0,0,0,1,0,0,"smart watch for men 1.43""",Premium,0
"fastrack astor fs1 pro smart watch, 1.97"" amoled display, bluetooth calling, 100+ sports modes, spo2 & heart rate monitoring, women's health, ip68, up to 5 days battery, functional crown (blue)",2499.0,4.0,1400.0,True,,1,0,0,1,0,1,1,0,1,1,0,0,1,0,0,0,1,0,0,1,1,0,fastrack astor fs1 pro smart,Budget,1
"punnkfunnk genquira smartwatch for women with bluetooth calling, 1.69"" hd amoled display, health & fitness tracker with spo2, heart rate, 100+ sports modes, ip67 for android & iphone(green)",1239.0,4.0,185.0,True,Limited time deal,1,0,0,1,0,1,1,0,1,1,0,0,1,1,0,0,0,1,0,1,1,0,punnkfunnk genquira smartwatch for women,Budget,0
"gamesir active 2 smartwatch for men & women with 1.39” hd round display, bluetooth calling, heart rate & spo₂ monitor, 100+ sports modes, ip67, long battery life for android & ios (grey)",1499.0,4.5,16.0,True,,0,0,0,0,0,1,1,0,1,0,0,0,1,0,0,0,0,1,0,1,1,0,gamesir active 2 smartwatch for,Budget,0
gamesir tracknova 4g/5g kids smartwatch | live gps tracking | app control | hd video call | games | family chat | sos safety alert | ip67 | camera | facelock | 800mah long battery life - (black),3129.0,3.1,91.0,True,Limited time deal,0,0,0,0,1,0,0,0,0,0,0,0,0,0,0,0,0,1,0,0,0,1,gamesir tracknova 4g/5g kids smartwatch,Mid-Range,0
"boat valour watch 1 gps, ai based auto gym mode, built-in gps, advanced x2 chip, 6-axis sensors, 3 atm,15 days battery,1.43"" amoled display w/gorilla glass smart watches for man (fusion black)",6499.0,4.1,252.0,True,,1,0,0,1,1,0,0,0,0,0,0,0,0,0,0,0,0,0,0,0,0,0,"boat valour watch 1 gps,",Mid-Range,0
"gamesir q18 kids smart watch, 2g/3g connectivity, voice calling, gps tracker, two-way calling, sos function, camera & water rasistence, smartwatch for kids - boys & girls - (purple)",1459.0,3.1,91.0,True,Limited time deal,0,0,0,0,1,0,1,0,0,0,0,0,0,0,0,0,0,0,0,0,0,1,"gamesir q18 kids smart watch,",Budget,0
"fastrack dezire fx1 1.38"" smart watch with bt calling, 100+ sports modes, bp monitoring, functional crown, metal alloy case – smartwatch for men & women (mest metal strap, rose gold)",2799.0,3.8,922.0,True,,0,0,0,0,0,0,1,0,0,0,0,0,1,0,0,0,0,0,0,1,1,0,"fastrack dezire fx1 1.38"" smart",Budget,0
"sekyo carepal pro (smartchoice) 4g kids smart watch | video call, accurate & live gps location |app control, family chat, pedometer, safe zone, sos, good habit coach | smartwatch for kids, boys/girls",5880.0,4.1,1400.0,True,,0,0,0,0,1,0,0,0,0,0,0,0,0,0,0,0,0,0,0,0,0,1,sekyo carepal pro (smartchoice) 4g,Mid-Range,1
"gamesir glavito round dial smartwatch with 1.49"" amoled display, 100+ sports modes, ip67, bluetooth calling, functional crown control, health tracking, 100+ watch faces, men & women (magnetic purple)",1429.0,3.6,43.0,True,,1,0,0,1,0,1,1,0,0,0,0,0,1,0,0,0,0,1,0,1,1,0,gamesir glavito round dial smartwatch,Budget,0
"gamesir active 5 smart watch amoled display 1.3"" screen, 360 * 360 resolution, ip68 waterproof with multiple watch faces bluetooth calling round dial smartwatch for men & women (black)",1499.0,3.1,159.0,True,Limited time deal,1,0,0,1,0,1,1,0,0,0,0,0,0,0,0,1,1,0,0,1,1,0,gamesir active 5 smart watch,Budget,0
"noise diva 2 fashion smart watch for women - sleekest dial, 36mm amoled display, snug fit, improved female cycle tracker, bt calling, sleep tracking, ai voice assistant, password protection(rose pink)",3999.0,3.9,789.0,True,,1,0,0,1,0,0,1,0,0,0,1,0,0,0,0,0,0,0,0,1,1,0,noise diva 2 fashion smart,Mid-Range,0
"smart watch for women/men, 2.01'' hd smartwatch with bluetooth call, 100+sport modes, sleep monitoring, ip67 waterproof, camera & music control for iphone/android, fitness tracker with pedometer",11291.0,4.0,19.0,True,,0,0,0,0,0,1,0,0,0,0,1,0,0,1,0,1,0,1,0,1,1,0,"smart watch for women/men, 2.01''",Premium,0
"spiky android 4g video calling kids smartwatch with built in jarvis ai | gps location tracking | sos, water resistant, 800 mah super battery | suitable for 4 to 14 years kids",6999.0,3.8,4.0,True,,0,0,0,0,1,0,1,0,0,0,0,0,0,0,0,0,0,0,0,0,0,1,spiky android 4g video calling,Mid-Range,0
"gamesir active 2 smartwatch | 1.3"" hd full touch display | smart fitness tracker with heart rate, spo2, bluetooth calling, ip68 waterproof, sports mode compatible with android & ios(grey)",1499.0,3.4,22.0,True,Limited time deal,0,0,0,0,0,1,1,0,1,1,0,0,1,1,0,1,1,0,0,0,0,0,gamesir active 2 smartwatch |,Budget,0
"myfirst fone s3 fun with fone os for kids i the ultimate kids smartwatch experience with quad core i group chatting mode i personalized watch faces i heart rate monitoring - cotton candy mix, pink",7219.0,4.5,2.0,True,Limited time deal,0,0,0,0,0,0,0,0,1,0,0,0,0,0,0,0,0,0,0,0,0,1,myfirst fone s3 fun with,Premium,0
pebble hive octa display smartwatch | bt calling | functional rotating crown | multi sports modes | sleep monitoring | health suite | customizable watch faces | in-built games & world clock - green,1699.0,3.7,390.0,True,Limited time deal,0,0,0,0,0,0,1,0,0,0,1,0,1,0,0,0,0,0,0,0,0,0,pebble hive octa display smartwatch,Budget,0
"hammer robust 1.96"" amoled smart watch with bt calling, 410 * 502 px, always on display, 800 nits, multi sports modes, 60hz refresh rate (wine red)",1999.0,3.8,17.0,True,,1,0,0,1,0,0,1,0,0,0,0,0,1,0,0,0,0,0,0,0,0,0,"hammer robust 1.96"" amoled smart",Budget,0
"titan heritage 1.43"" amoled stainless steel bracelet smart watch for men, bt calling, voice assistant, quick health measurement, functional crown, 3d ui, 60hz display, fast charging (blue)",12495.0,3.9,337.0,True,,1,0,0,1,0,0,1,0,0,0,0,0,0,0,0,0,0,0,0,1,0,0,"titan heritage 1.43"" amoled stainless",Premium,0
"vibez by lifelong ornate smartwatch for women with hd display|body temprature |24x7 heart rate & spo2 tracking|8 sports mode|sleep monitor|ip67|7 days battery backup (vbsww450,gold)",4750.0,3.7,361.0,True,,0,1,0,0,0,0,0,0,1,1,1,0,1,0,0,0,0,1,0,1,1,0,vibez by lifelong ornate smartwatch,Mid-Range,0
"boat lunar discovery w/ 1.39"" (3.5 cm) hd display, turn-by-turn navigation, diy watch face studio, bluetooth calling, emergency sos, qr tray, smart watch for women(cherry blossom)",1499.0,3.8,5600.0,True,,0,1,0,0,0,1,1,0,0,0,0,0,0,0,0,0,0,0,0,1,1,0,"boat lunar discovery w/ 1.39""",Budget,0
"gamesir active 2 smartwatch for men & women, 1.39” hd round display, bluetooth calling, heart rate & spo₂, 100+ sports modes, ip67, long battery life for android & ios (magnetic white)",1499.0,4.5,16.0,True,,0,0,0,0,0,1,1,0,1,0,0,0,1,0,0,0,0,1,0,1,1,0,gamesir active 2 smartwatch for,Budget,0
"punnkfunnk nexoro 2.01” smartwatch for men & women bluetooth call, heart rate, spo2, sleep & 100+ sports modes, ip68 waterproof, compatible with android & iphone (metal gold)",917.0,3.3,144.0,True,,0,0,0,0,0,1,0,0,1,1,1,0,1,0,0,1,1,0,0,1,1,0,punnkfunnk nexoro 2.01” smartwatch for,Budget,0
"fastrack marvellous fx1 1.43"" amoled smart watch with spo2 monitoring, sleep & mood tracking, bluetooth calling, ai voice assistant, alloy case – smartwatch for men & women (black)",5999.0,3.8,922.0,True,,1,0,0,1,0,1,1,0,0,1,1,0,0,0,0,0,0,0,0,1,1,0,"fastrack marvellous fx1 1.43"" amoled",Mid-Range,0
"punnkfunnk neolux 1.96” hd display smartwatch for men & women 2025 with 110+ sports modes, heart rate, sleep monitor, ip68 waterproof, answer/make calls for android & ios(metal grey)",979.0,3.9,115.0,True,Limited time deal,0,1,0,0,0,0,0,0,1,0,1,0,1,0,0,1,1,0,0,1,1,0,punnkfunnk neolux 1.96” hd display,Budget,0
"gamesir genquira elegant smartwatch for women with call function, amoled touchscreen, 24/7 wellness monitoring, voice assistant, long battery life, ip68 water resistant android support(rose gold)",1299.0,3.5,25.0,True,Limited time deal,1,0,0,1,0,0,0,0,0,0,0,0,0,0,0,0,1,0,0,1,1,0,gamesir genquira elegant smartwatch for,Budget,0
"pebble regal smartwatch, 1.77-inch true hd display, bluetooth calling, health monitor, sports modes, black (black)",3499.0,3.3,30.0,True,Limited time deal,0,1,0,0,0,1,1,0,0,0,0,0,1,0,0,0,0,0,0,0,0,0,"pebble regal smartwatch, 1.77-inch true",Mid-Range,0
"gamesir q18 kids smart watch, 2g/3g connectivity, voice calling, gps tracker, two-way calling, sos function, camera & water rasistence, smartwatch for kids - boys & girls - (black)",1459.0,3.1,91.0,True,Limited time deal,0,0,0,0,1,0,1,0,0,0,0,0,0,0,0,0,0,0,0,0,0,1,"gamesir q18 kids smart watch,",Budget,0
"boat lunar discovery neo, 1.39"" (3.5 cm) round hd display, premium metallic finish, animated watchfaces, 100+ sports mode, bluetooth calling, smart watch for men & women (steel black)",1599.0,4.0,21200.0,True,,0,1,0,0,0,1,1,0,0,0,0,0,1,0,0,0,0,0,0,1,1,0,"boat lunar discovery neo, 1.39""",Budget,1
"goboult dire smartwatch 1.38'' 2.5d curved hd display, 500 nits brightness, ip67, 250+ watchfaces, 120+ sports modes, ai voice assistant, spo2 monitoring (chrome)",1499.0,3.8,73.0,True,,0,1,0,0,0,0,0,0,0,1,0,0,1,0,0,0,0,1,0,0,0,0,goboult dire smartwatch 1.38'' 2.5d,Budget,0
"punnkfunnk q15 kids smart watch – 1.44"" tft display | 2g/3g sim support |water rasistence| gps tracking & two-way calling | learning & gaming apps smartwatch for boys & girls-(blue)",1349.0,3.5,93.0,True,Limited time deal,0,0,0,0,1,0,1,0,0,0,0,0,0,0,0,0,0,0,0,0,0,1,punnkfunnk q15 kids smart watch,Budget,0
"pebble newly launched cosmos ultra 2.0 smartwatch for men & women 1.91” infinite display, bluetooth calling, sleek ultra-thin design fitness & sleep monitor works with android & ios - ocean blue",1999.0,3.8,49.0,True,Limited time deal,0,0,0,0,0,1,1,0,0,0,1,0,0,0,0,0,0,0,0,1,1,0,pebble newly launched cosmos ultra,Budget,0
smart watch women fitness tracker: 1.27'' smartwatch sport bluetooth call with heart rate spo2 blood pressure sleep monitor 110+ sports modes step counter ip68 waterproof running watch for android ios,9761.0,4.3,484.0,True,,0,0,0,0,0,1,0,0,1,1,1,0,1,1,1,1,1,0,0,1,1,0,smart watch women fitness tracker:,Premium,0
"gamesir evo vista premium smartwatch 1.39"" round display with stainless metal strep, bluetooth calling & health monitoring, multi sports modes, voice assistant, waterproof for men’s & women’s(silver)",1499.0,3.3,133.0,True,Limited time deal,0,0,0,0,0,1,1,0,0,0,0,0,1,0,0,1,0,0,0,1,1,0,gamesir evo vista premium smartwatch,Budget,0
"punnkfunnk newly launched fitrivo smartwatch 2.01"" curved amoled display, 100+ watch faces, crown control, 100+ sports modes, bluetooth calling, ip67, for men & women (millanese silver)",1140.0,3.2,79.0,True,,1,0,0,1,0,1,1,0,0,0,0,0,1,0,0,0,0,1,0,1,1,0,punnkfunnk newly launched fitrivo smartwatch,Budget,0
"gamesir neolux 1.96” hd display smartwatch for men & women 2025 with 110+ sports modes, heart rate, sleep monitor, ip68 waterproof, answer/make calls for android & ios (sky blue)",939.0,3.4,82.0,True,Limited time deal,0,1,0,0,0,0,0,0,1,0,1,0,1,0,0,1,1,0,0,1,1,0,gamesir neolux 1.96” hd display,Budget,0
"punnkfunnk genquira smartwatch for women with bluetooth calling, 1.69"" hd amoled display, health & fitness tracker with spo2, heart rate, 100+ sports modes, ip67 for android & iphone(rose gold)",1329.0,4.0,185.0,True,Limited time deal,1,0,0,1,0,1,1,0,1,1,0,0,1,1,0,0,0,1,0,1,1,0,punnkfunnk genquira smartwatch for women,Budget,0
"punnkfunnk h18 smartwatch for men & women | 2.01"" hd full display | bluetooth calling watch with heart rate | spo₂ & sleep monitor | 100+ sports modes | long battery life | ip67 fitness watch- (pink)",949.0,3.8,18.0,True,Limited time deal,0,0,0,0,0,1,1,0,1,0,1,0,1,0,0,0,0,1,0,1,1,0,punnkfunnk h18 smartwatch for men,Budget,0
"military smart watch for men, 2.13'' amoled display smartwatch, 80 days long battery, 100+ sport mode fitness tracker watch, ip68 waterproof rugged smart watches for android iphone compatible",10724.0,4.1,92.0,True,,1,0,0,1,0,0,0,0,0,0,0,0,0,1,0,1,1,0,0,1,0,0,"military smart watch for men,",Premium,0
"boat lunar discovery pro, 1.39"" display, premium metal build, round dial, emergency sos, functional crown, multiple sports modes, hr,spo2 & sleep tracking, smart watch for men & women (steel black)",1699.0,3.8,5600.0,True,,0,0,0,0,0,0,0,0,0,1,1,0,1,0,0,0,0,0,0,1,1,0,"boat lunar discovery pro, 1.39""",Budget,0
"punnkfunnk h18 pro smartwatch for men & women | 2.01"" hd tft display | bluetooth calling | heart rate & spo2 monitor | long battery life | ip67 fitness watch with multiple sports modes- (metal black)",949.0,3.6,12.0,True,,0,0,0,0,0,1,1,0,1,1,0,0,1,0,0,0,0,1,0,1,1,0,punnkfunnk h18 pro smartwatch for,Budget,0
"nervfit phoenix smartwatch 1.85"" truecolor+led display, bluetooth calling, ip67 waterproof, fitness & health tracker with heart rate, spo2, stress & sleep monitoring (midnight black silicone)",1989.0,4.8,3.0,True,,0,0,0,0,0,1,1,0,1,1,1,0,0,0,0,1,0,1,0,0,0,0,"nervfit phoenix smartwatch 1.85"" truecolor+led",Budget,0
"cellecor m10 pro vision 2.01"" super-retina amoled display | 1200 nits | aod | bt-calling | ai voice | 60hz refresh rate | ip68 | rotating crown | smartwatch",1275.0,4.0,2.0,True,,1,0,0,1,0,0,1,0,0,0,0,0,0,0,0,0,1,0,0,0,0,0,"cellecor m10 pro vision 2.01""",Budget,0
punnkfunnk nexoro 2.01” smartwatch for men & women | bluetooth calling | heart rate | spo2 | sleep & fitness tracker | 100+ sports modes | ip67 | compatible with android & iphone - (sky blue),949.0,3.3,144.0,True,,0,0,0,0,0,1,1,0,1,1,1,0,1,1,0,0,0,1,0,1,1,0,punnkfunnk nexoro 2.01” smartwatch for,Budget,0
"goqii smart vital ultra smartwatch jet black 1.78'' amoled 368x448 & 2.5d cureved display with 10 days battery spo2 & real-time heart rate tracking, ipx68 waterproof with 3 months personal coaching",6352.0,3.5,121.0,True,,1,0,0,1,0,0,0,0,1,1,0,0,0,0,0,1,0,0,0,0,0,0,goqii smart vital ultra smartwatch,Mid-Range,0
"gamesir glavito round dial smartwatch with 1.49"" amoled display, 100+ sports modes, bluetooth calling, functional crown control, health tracking, 100+ watch faces for men & women (millanese black)",1136.0,3.6,43.0,True,,1,0,0,1,0,1,1,0,0,0,0,0,1,0,0,0,0,0,0,1,1,0,gamesir glavito round dial smartwatch,Budget,0
"gamesir neolux 1.96” hd display smartwatch for men & women 2025 with 110+ sports modes, heart rate, sleep monitor, ip68 waterproof, answer/make calls for android & ios(gold)",999.0,3.4,82.0,True,Limited time deal,0,1,0,0,0,0,0,0,1,0,1,0,1,0,0,1,1,0,0,1,1,0,gamesir neolux 1.96” hd display,Budget,0
"boat lunar discovery pro, 1.39"" display, premium metal build, round dial, emergency sos, functional crown, multiple sports modes, hr,spo2 & sleep tracking, smart watch for men & women (rose gold)",1599.0,3.8,5600.0,True,,0,0,0,0,0,0,0,0,0,1,1,0,1,0,0,0,0,0,0,1,1,0,"boat lunar discovery pro, 1.39""",Budget,0
"punnkfunnk glavito round dial smartwatch with 1.49"" amoled display, bluetooth calling, functional crown control, 100+ sports modes, ip67, health tracking, 100+ watch faces for men & women (pink)",1200.0,2.9,32.0,True,,1,0,0,1,0,1,1,0,0,0,0,0,1,0,0,0,0,1,0,1,1,0,punnkfunnk glavito round dial smartwatch,Budget,0
"smart watch for kids, girls boys smartwatch with 26 games camera video recorder and player, pedometer calendar flashlight, audio book etc., gifts for 4-12 years children (pink)",3837.0,4.3,27.0,True,,0,0,0,0,0,0,0,0,0,0,0,0,0,0,0,0,0,0,0,0,0,1,"smart watch for kids, girls",Mid-Range,0
"fitpolo smart watch for men women,1.3"" amoled touchscreen fitness tracker, make/answer calls, heart rate spo2 monitor, ip68 waterproof, sleep & activity tracking smartwatch for android phones iphone",15115.0,4.3,93.0,True,,1,0,0,1,0,0,0,0,1,1,1,0,0,1,0,1,1,0,0,1,1,0,fitpolo smart watch for men,Premium,0
"boat valour watch 1 r, ai smart habit builder, 1.43"" 3d immersive amoled display, 1000 nits, light-weight aluminium build 3 atm, 10 days battery life, smart watches for man (obsidian black)",4499.0,4.1,252.0,True,,1,0,0,1,0,0,0,0,0,0,0,0,0,0,0,0,0,0,0,0,0,0,"boat valour watch 1 r,",Mid-Range,0
"gamesir nexoro 2.01” smartwatch for men & women bluetooth call, heart rate, spo2, sleep & 100+ sports modes, ip68 waterproof, compatible with android & iphone (dark blue)",939.0,3.7,161.0,True,Limited time deal,0,0,0,0,0,1,0,0,1,1,1,0,1,0,0,1,1,0,0,1,1,0,gamesir nexoro 2.01” smartwatch for,Budget,0
"boat chrome ivory smart watch for women, co-designed with giva, 1.7"" amoled display, 1000 nits brightness, premium metallic build, female wellness tracker smartwatch for women (twilight purple)",4499.0,4.7,53.0,True,,1,0,0,1,0,0,0,0,0,0,0,0,0,0,0,0,0,0,0,1,1,0,boat chrome ivory smart watch,Mid-Range,0
"gamesir newly launched fitrivo smartwatch 2.01"" curved amoled display, bluetooth calling, ip67, 100+ watch faces, crown control, 100+ sports modes, health tracking for men & women (dark green)",1429.0,3.6,38.0,True,,1,0,0,1,0,1,1,0,0,0,0,0,1,0,0,0,0,1,0,1,1,0,gamesir newly launched fitrivo smartwatch,Budget,0
"gamesir novolux hd display smartwatch for men & women answer/make calls, heart rate monitor, 113+ sports modes, step counter, ip68 waterproof, compatible with android & ios (dark blue)",939.0,3.6,110.0,True,Limited time deal,0,1,0,0,0,0,0,0,1,0,0,0,1,0,1,1,1,0,0,1,1,0,gamesir novolux hd display smartwatch,Budget,0
"gamesir glavito round dial smartwatch with 1.49"" amoled display, 100+ sports modes, ip67, bluetooth calling, functional crown control, health tracking, 100+ watch faces for men & women (pink)",1349.0,3.6,43.0,True,,1,0,0,1,0,1,1,0,0,0,0,0,1,0,0,0,0,1,0,1,1,0,gamesir glavito round dial smartwatch,Budget,0
"fcuk series 2 full touch smartwatch (color: black) with 1.69'' large display, bluetooth calling, spo2, metal body, built-in games, heart rate monitor, multiple watch faces and long battery life",1680.0,2.1,372.0,True,,0,0,0,0,0,1,1,0,1,1,0,0,0,0,0,0,0,0,0,0,0,0,fcuk series 2 full touch,Budget,0
"gamesir h18 pro smartwatch with long battery life, 2.01"" high-resolution screen, bluetooth calling, ip68 waterproof, tft display, luxury design for men & women (metal-black)",999.0,3.9,116.0,True,,0,0,0,0,0,1,1,0,0,0,0,0,0,0,0,1,1,0,0,1,1,0,gamesir h18 pro smartwatch with,Budget,0
"punnkfunnk h18 smartwatch for men & women | 2.01"" hd full display | bluetooth calling watch with heart rate | sleep monitor | 100+ sports modes | long battery life | ip67 fitness watch- (metal gold)",949.0,3.8,18.0,True,Limited time deal,0,0,0,0,0,1,1,0,1,0,1,0,1,0,0,0,0,1,0,1,1,0,punnkfunnk h18 smartwatch for men,Budget,0
"fire-boltt ninja x ring smart watch 1.96"" always on display bluetooth calling, voice assistant, spo2 & heart rate, 120+ sports modes, ip67 waterproof smartwatch for men & women - silver link",2499.0,4.0,3100.0,True,Limited time deal,0,0,0,0,0,1,1,0,1,1,0,0,1,0,0,1,0,1,0,1,1,0,fire-boltt ninja x ring smart,Budget,1
"gamesir active 2 smartwatch for men & women with 1.39” hd round display, bluetooth calling, heart rate & spo₂ monitor, 100+ sports modes, ip67, long battery life for android & ios (black)",1499.0,4.5,16.0,True,,0,0,0,0,0,1,1,0,1,0,0,0,1,0,0,0,0,1,0,1,1,0,gamesir active 2 smartwatch for,Budget,0
"military smartwatch(answer/make call), gps smart watch for men with led flashlight compass, 1.46"" hd fitness tracker watch with 100+ sport modes, rugged smart watches compatible for iphone android",15199.0,4.1,36.0,True,,0,0,0,0,1,0,0,0,0,0,0,0,0,1,0,0,0,0,0,1,0,0,"military smartwatch(answer/make call), gps smart",Premium,0
"imoo watch phone z7, 4g smart watch for kids with real-time hd video & phone call, smart watch for girls with gps location and 14-day history, smartwatch for boys with ipx8 waterproof (pink)",15490.0,4.4,435.0,True,Limited time deal,0,0,0,0,1,0,0,0,0,0,0,0,0,0,0,1,0,0,0,0,0,1,"imoo watch phone z7, 4g",Premium,0
gamesir tracknova 4g/5g kids smartwatch | live gps tracking | app control | hd video call | games | family chat | sos safety alert | ip67 | camera | facelock | 800mah long battery life - (blue),2970.0,3.1,91.0,True,,0,0,0,0,1,0,0,0,0,0,0,0,0,0,0,0,0,1,0,0,0,1,gamesir tracknova 4g/5g kids smartwatch,Budget,0
"boat ultima regal w/ 2.01”(5.10 cm) crystal-clear amoled display, 1000 nits brightness,premium metal body, functional crown, 100+ sports modes, fitness smart watch for men & women (steel black)",3099.0,3.9,285.0,True,,1,0,0,1,0,0,0,0,0,0,0,0,1,0,0,0,0,0,0,1,1,0,boat ultima regal w/ 2.01”(5.10,Mid-Range,0
"google pixel watch 41mm smartwatch with wifi, gps, bt and heart rate monitor in bulk packaging (active obsidian)",14894.0,4.3,366.0,True,,0,0,0,0,1,0,0,0,1,0,0,0,0,0,0,0,0,0,0,0,0,0,google pixel watch 41mm smartwatch,Premium,0
"punnkfunnk newly launched fitrivo smartwatch 2.01"" curved amoled display, 100+ watch faces, crown control, 100+ sports modes, health tracking, bluetooth calling, ip67, for men & women (metal black)",1199.0,3.2,79.0,True,,1,0,0,1,0,1,1,0,0,0,0,0,1,0,0,0,0,1,0,1,1,0,punnkfunnk newly launched fitrivo smartwatch,Budget,0
"gamesir h18 smartwatch with long battery life, 2.01"" high-resolution screen, bluetooth calling, ip68 waterproof, tft display, luxury design for men & women (metal-black)",999.0,3.5,103.0,True,Limited time deal,0,0,0,0,0,1,1,0,0,0,0,0,0,0,0,1,1,0,0,1,1,0,gamesir h18 smartwatch with long,Budget,0
"punnkfunnk novolux hd display smartwatch for men & women answer/make calls, heart rate monitor, 113+ sports modes, step counter, ip68 waterproof, compatible with android & ios(pink)",949.0,3.6,163.0,True,Limited time deal,0,1,0,0,0,0,0,0,1,0,0,0,1,0,1,1,1,0,0,1,1,0,punnkfunnk novolux hd display smartwatch,Budget,0
"smart watch for samsung galaxy a15 5g military smart watch for men (answer/make call), 1.85in hd tactical sports rugged smartwatch, fitness tracker watch for android/ios phones - black",8949.0,4.2,4.0,True,,0,0,0,0,0,0,0,0,0,0,0,0,1,1,0,0,0,0,0,1,0,0,smart watch for samsung galaxy,Premium,0
"hammer glide 1.43"" amoled round dial smart watch with calling function, premium metallic build, always on display, multiple sports modes (electric blue)",1999.0,3.7,230.0,True,,1,0,0,1,0,0,1,0,0,0,0,0,1,0,0,0,0,0,0,0,0,0,"hammer glide 1.43"" amoled round",Budget,0
"gamesir h18 smartwatch with long battery life, 2.01"" high-resolution screen, bluetooth calling, ip68 waterproof, tft display, luxury design for men & women (green)",939.0,3.5,103.0,True,Limited time deal,0,0,0,0,0,1,1,0,0,0,0,0,0,0,0,1,1,0,0,1,1,0,gamesir h18 smartwatch with long,Budget,0
"aolon gps smart watch for men, 1.43'' amoled smartwatch with compass/barometer/altimeter, heart rate/sleep monitor, 30m waterproof, 60+ sports fitness tracker for android/ios, gray & orange (2 bands)",9912.0,4.1,42.0,True,,1,0,0,1,1,0,0,0,1,0,1,0,1,1,0,1,0,0,0,1,0,0,aolon gps smart watch for,Premium,0
"gamesir glavito round dial smartwatch with 1.49"" amoled display, 100+ sports modes, ip67, bluetooth calling, functional crown control, health tracking, 100+ watch faces for men & women (black)",1349.0,3.6,43.0,True,,1,0,0,1,0,1,1,0,0,0,0,0,1,0,0,0,0,1,0,1,1,0,gamesir glavito round dial smartwatch,Budget,0
"fastrack limitless fs2 pro 1.96"" amoled smart watch with bt calling, ai voice assistant, 100+ sports modes, 5-day battery, fast charge, health tracking, – smartwatch for men & women (wine red)",2995.0,3.9,1500.0,True,,1,0,0,1,0,0,1,0,0,0,0,0,1,0,0,0,0,0,0,1,1,0,"fastrack limitless fs2 pro 1.96""",Budget,0
"gamesir neolux 1.96” hd display smartwatch for men & women 2025 with 110+ sports modes, heart rate, sleep monitor, ip68 waterproof, answer/make calls for android & ios (dark blue)",939.0,3.4,82.0,True,Limited time deal,0,1,0,0,0,0,0,0,1,0,1,0,1,0,0,1,1,0,0,1,1,0,gamesir neolux 1.96” hd display,Budget,0
"google pixel watch, 41mm polished silver case w/charcoal active band, android smartwatch, fitbit activity, fitness, sleep, heart rate tracking, lte support",15862.0,4.1,147.0,True,,0,0,0,0,0,0,0,0,1,0,1,0,0,0,0,0,0,0,0,0,0,0,"google pixel watch, 41mm polished",Premium,0
"fastrack reflex smartwatch, 24x7 hrm & spo2 monitor,upto 7 days battery life & 5 atm",1799.0,4.0,63.0,True,,0,0,0,0,0,0,0,0,0,1,0,0,0,0,0,0,0,0,0,0,0,0,"fastrack reflex smartwatch, 24x7 hrm",Budget,0
"titan traveller with 1.78"" superior amoled display|india's first fitverse smartwatch|built-in gps|running courses|singlesync bt calling|built-in alexa|music storage with tws connect|body energy count",6695.0,3.8,23.0,False,,1,0,0,1,1,0,1,1,0,0,0,0,0,0,0,0,0,0,0,0,0,0,"titan traveller with 1.78"" superior",Mid-Range,0
"nervfit vibe smartwatch with 1.85"" truecolor+ led display | bluetooth calling | waterproof | heart rate & spo2 tracking | sleep & stress monitor | 5-day battery | sports modes (rose gold)",1599.0,4.4,101.0,True,,0,0,0,0,0,1,1,0,1,1,1,0,1,0,0,1,0,0,0,0,0,0,"nervfit vibe smartwatch with 1.85""",Budget,0
"myfirst fone r1c 4g lte smart watch for kids, an economical solution for staying connected i effortless communication i instant safety i distraction-free learning i secure communication",5699.0,4.0,1.0,True,,0,0,0,0,0,0,0,0,0,0,0,0,0,0,0,0,0,0,0,0,0,1,myfirst fone r1c 4g lte,Mid-Range,0
"fire-boltt brillia smart watch 2.02” super amoled display, bluetooth calling, spo2, heart rate monitor, 120+ sports modes, fitness tracker, voice assistant, smart watch for man & women",1899.0,4.0,23100.0,True,,1,0,0,1,0,1,1,0,1,1,0,0,1,1,0,0,0,0,0,1,1,0,fire-boltt brillia smart watch 2.02”,Budget,1
"gamesir genquira elegant smartwatch for women with call function, amoled touchscreen, 24/7 wellness monitoring, voice assistant, long battery life, ip68 water resistant android support (diamond gold)",1299.0,3.5,25.0,True,Limited time deal,1,0,0,1,0,0,0,0,0,0,0,0,0,0,0,0,1,0,0,1,1,0,gamesir genquira elegant smartwatch for,Budget,0
"miracle digital smartwatch for men with bluetooth calling – 1.46"" hd screen, ai assistant, 30-day battery, health monitoring, 100+ sports modes, ipx68 waterproof, android/ios",2229.0,3.6,36.0,True,Limited time deal,0,0,0,0,0,1,1,0,0,0,0,0,1,0,0,1,0,0,0,1,0,0,miracle digital smartwatch for men,Budget,0
"gamesir nexoro 2.01” smartwatch for men & women bluetooth call, heart rate, spo2, sleep & 100+ sports modes, ip68 waterproof, compatible with android & iphone (red)",939.0,3.7,161.0,True,Limited time deal,0,0,0,0,0,1,0,0,1,1,1,0,1,0,0,1,1,0,0,1,1,0,gamesir nexoro 2.01” smartwatch for,Budget,0
"gamesir evo vista premium metal smartwatch, 1.3” hd display bluetooth calling, fitness & sleep tracker, 100+ sports modes, ip67 waterproof compatible with android & ios for men’s & women (metal black)",1499.0,3.3,133.0,True,Limited time deal,0,1,0,0,0,1,1,0,0,0,1,0,1,0,0,1,0,1,0,1,1,0,gamesir evo vista premium metal,Budget,0
"military smart watch with gps, pressure/altitude/compass, rugged smartwatch for men with 650mah extra-large battery, answer/make call, 100+ sports mode, metal body fitness tracker for android ios",9992.0,3.6,69.0,True,,0,0,0,0,1,0,0,0,0,0,0,0,1,1,0,0,0,0,0,1,0,0,"military smart watch with gps,",Premium,0
"women's smartwatch calls, 1.8 inches smartwatch with making calls answer handsfree, alexa integrated heart rate monitor spo2 sleep, pedometer fitness watch notifications messages for android/ios",16134.0,4.4,1000.0,True,,0,0,0,0,0,0,0,1,1,1,1,0,0,0,0,0,0,0,0,1,1,0,"women's smartwatch calls, 1.8 inches",Premium,0
"1.85"" kids watch, ai(translation/q&a/watch face/image recognition)smartwatches with heart rate,sleep monitor,video music pedometer,no app/phone, gifts for 3-12 years old boys girls(built-in ai, blue)",9469.0,4.4,64.0,True,,0,0,0,0,0,0,0,0,1,0,1,0,0,0,0,0,0,0,0,0,0,1,"1.85"" kids watch, ai(translation/q&a/watch face/image",Premium,0
"boat lunar discovery w/ 1.39"" (3.5 cm) hd display, turn-by-turn navigation, diy watch face studio, bluetooth calling, emergency sos, qr tray, smart watch for men & women(brown)",1499.0,3.8,5600.0,True,,0,1,0,0,0,1,1,0,0,0,0,0,0,0,0,0,0,0,0,1,1,0,"boat lunar discovery w/ 1.39""",Budget,0
"lige military smart watch with 900mah battery(60+standby),1.73"" amoled with compass altitude and barometric pressure,110+ sports mode tactical fitness tracker/bluetooth call android ios smartwatch",8547.0,4.1,60.0,True,,1,0,0,1,0,1,0,0,0,0,0,0,1,1,0,0,0,0,0,0,0,0,lige military smart watch with,Premium,0
"punnkfunnk h18 smartwatch for men & women | 2.01"" hd full display | bluetooth calling watch with heart rate | spo₂ & sleep monitor | 100+ sports modes | long battery life | ip67 fitness watch-(white)",949.0,3.8,18.0,True,Limited time deal,0,0,0,0,0,1,1,0,1,0,1,0,1,0,0,0,0,1,0,1,1,0,punnkfunnk h18 smartwatch for men,Budget,0
"walkerfit smart watch for men, 1.43"" amoled premium sport smartwatch with bluetooth calling, 5atm waterproof, accurate fitness tracking, durable sport watch for iphone and android, silver",11706.0,4.6,13.0,True,,1,0,0,1,0,1,1,0,0,0,0,0,0,0,0,1,0,0,1,1,0,0,"walkerfit smart watch for men,",Premium,0
fire-boltt dominion,3175.0,3.9,90.0,True,,0,0,0,0,0,0,0,0,0,0,0,0,0,0,0,0,0,0,0,0,0,0,fire-boltt dominion,Mid-Range,0
"goboult drift+ smart watch 1.85''hd screen, bluetooth calling, ip68, 500 nits brightness,150+ watchfaces, ai voice assistant, spo2 monitoring, 100+ sports mode smartwatch (chrome)",1399.0,3.5,192.0,True,,0,0,0,0,0,1,1,0,0,1,0,0,1,0,0,0,1,0,0,0,0,0,goboult drift+ smart watch 1.85''hd,Budget,0
"punnkfunnk h18 smartwatch for men & women | 2.01"" hd full display | bluetooth calling watch with heart rate | spo₂ & sleep monitor | 100+ sports modes | long battery life | ip67 fitness watch- (grey)",949.0,3.8,18.0,True,Limited time deal,0,0,0,0,0,1,1,0,1,0,1,0,1,0,0,0,0,1,0,1,1,0,punnkfunnk h18 smartwatch for men,Budget,0
punnkfunnk novolux hd display smartwatch for men & women | bluetooth calling | heart rate | sleep monitor | 113+ sports modes | ip67 waterproof smartwatch for android & ios - (light green),949.0,3.6,163.0,True,,0,1,0,0,0,1,1,0,1,0,1,0,1,0,0,1,0,1,0,1,1,0,punnkfunnk novolux hd display smartwatch,Budget,0
"punnkfunnk genquira smartwatch for women with bluetooth calling, 1.69"" hd amoled display, health & fitness tracker with spo2, heart rate, 100+ sports modes, ip67 for android & iphone(grey)",1239.0,4.0,185.0,True,Limited time deal,1,0,0,1,0,1,1,0,1,1,0,0,1,1,0,0,0,1,0,1,1,0,punnkfunnk genquira smartwatch for women,Budget,0
"smart watch, smartwatches for men women, 1.85"" hd fitness tracker (answer/make calls), 120+ sport modes, heart rate/sleep monitor, ip68 waterproof fitness watch, smartwatch for android ios (black)",3714.0,3.9,53.0,True,,0,0,0,0,0,0,0,0,1,0,1,0,0,1,0,1,1,0,0,1,1,0,"smart watch, smartwatches for men",Mid-Range,0
"redmi watch 2 lite - multi-system standalone gps, 3.94 cm large hd edge display, continuous spo2, stress & sleep monitoring, 24x7 hr, 5atm, 120+ watch faces, 100+ sports modes, womenâ€™s health, black",4250.0,4.0,1000.0,True,,0,0,0,0,1,0,0,0,0,1,1,0,1,0,0,0,0,0,1,1,1,0,redmi watch 2 lite -,Mid-Range,0
original xiaomi huami amazfit bip smart watch gps fitness tacker heart rate ip68 professional waterproof (black),6058.0,3.8,378.0,True,,0,0,0,0,1,0,0,0,1,0,0,0,0,0,0,1,1,0,0,0,0,0,original xiaomi huami amazfit bip,Mid-Range,0
punnkfunnk gen 9 smart watch with 1 series | bluetooth 4.0 +5.0 dual mode | 1.6 inch display | aluminium dial | silicon straps | bluetooth calling smartwatch for women & girls |(gold),1299.0,3.5,35.0,True,Limited time deal,0,0,0,0,0,1,1,0,0,0,0,0,0,0,0,0,0,0,0,1,1,0,punnkfunnk gen 9 smart watch,Budget,0
"punnkfunnk newly launched safeguard 5g/4g kids smart watch with sim calling, gps tracker, video call, sos alerts, face unlock, games, ip67, 800mah battery, voice chat, live location(blue)",3129.0,3.6,240.0,False,,0,0,0,0,1,0,1,0,0,0,0,0,0,0,0,0,0,1,0,0,0,1,punnkfunnk newly launched safeguard 5g/4g,Mid-Range,0
"fastrack limitless x2 smart watch, 1.91"" ultravu with rotating crown, 60 hz refresh rate, advanced chipset, singlesync bt calling, 100+ sports mode & smartwatch faces, ip68, blue",1699.0,3.8,13.0,True,,0,0,0,0,0,0,1,0,0,0,0,0,1,0,0,0,1,0,0,0,0,0,"fastrack limitless x2 smart watch,",Budget,0
punnkfunnk nexoro 2.01” smartwatch for men & women | bluetooth calling | heart rate | spo2 | sleep & fitness tracker | 100+ sports modes | ip67 | compatible with android & iphone - (ocean green),949.0,3.3,144.0,True,,0,0,0,0,0,1,1,0,1,1,1,0,1,1,0,0,0,1,0,1,1,0,punnkfunnk nexoro 2.01” smartwatch for,Budget,0
"fastrack dezire fx1 pro fashion smart watch, 1.43"" amoled, 466*466 pixel resolution, singlesync bt calling, ai voice assistant, 100+ sports modes & smartwatch faces, upto 5 day battery, ip68 (sliver)",3299.0,3.8,922.0,True,,1,0,0,1,0,0,1,0,0,0,0,0,1,0,0,0,1,0,0,0,0,0,fastrack dezire fx1 pro fashion,Mid-Range,0
"smart watch, 1.96"" hd smartwatch for men women (answer/make calls), fitness watch with heart rate/sleep/ip68 waterproof/120+ sports modes, pedometer, android smart watch for android",5014.0,5.0,1.0,True,,0,0,0,0,0,0,0,0,1,0,1,0,1,0,0,1,1,0,0,1,1,0,"smart watch, 1.96"" hd smartwatch",Mid-Range,0
"active 2 smartwatch with amoled display, multiple watch faces, fitness tracking, music controls, black strap, free size",1299.0,1.8,4.0,True,,1,0,0,1,0,0,0,0,0,0,0,0,0,0,0,0,0,0,0,0,0,0,active 2 smartwatch with amoled,Budget,0
"smart watch for men built-in gps(answer/make call/text), 1.46"" ai smartwatch for android phones/iphone, 100+ sport mode fitness tracker with health/sleep monitor, compass/barometer/altitude(2 straps)",8651.0,4.3,305.0,True,,0,0,0,0,1,0,0,0,0,0,1,0,0,1,0,0,0,0,0,1,0,0,smart watch for men built-in,Premium,0
"gamesir nexoro 2.01” smartwatch for men & women bluetooth call, heart rate, spo2, sleep & 100+ sports modes, ip68 waterproof, compatible with android & iphone (light green)",939.0,3.7,161.0,True,Limited time deal,0,0,0,0,0,1,0,0,1,1,1,0,1,0,0,1,1,0,0,1,1,0,gamesir nexoro 2.01” smartwatch for,Budget,0
"fastrack fs1 smart watch, 1.83'' ultravu display, working crown,singlesync bt calling, fast charge, 110+ sports mode, 200+ watchfaces, ip68 smartwatch, all-round health tracking, upto 5 days battery",1499.0,5.0,1.0,True,,0,0,0,0,0,0,1,0,0,0,0,0,1,0,0,0,1,0,0,0,0,0,"fastrack fs1 smart watch, 1.83''",Budget,0
"punnkfunnk nexoro 2.01” smartwatch for men & women bluetooth call, heart rate, spo2, sleep & 100+ sports modes, ip68 waterproof, compatible with android & iphone (metal black)",979.0,3.3,144.0,True,,0,0,0,0,0,1,0,0,1,1,1,0,1,0,0,1,1,0,0,1,1,0,punnkfunnk nexoro 2.01” smartwatch for,Budget,0
"punnkfunnk glavito round dial smartwatch 1.49"" amoled display, 100+ sports modes, health tracking, bluetooth calling, functional crown control, 100+ watch faces for men & women (millanese gold)",1107.0,2.9,32.0,True,,1,0,0,1,0,1,1,0,0,0,0,0,1,0,0,0,0,0,0,1,1,0,punnkfunnk glavito round dial smartwatch,Budget,0
"toobur smart watch for women, alexa built-in, answer/make calls, 1.91"" hd screen fitness watch, ip68 waterproof, 100 sports, heart rate monitor, sleep tracker, smartwatch compatible android ios, beige",6865.0,4.2,1900.0,True,,0,0,0,0,0,0,0,1,1,0,1,0,1,0,0,1,1,0,0,1,1,0,"toobur smart watch for women,",Mid-Range,1
"timex smart nexgen 1.43""(3.6cm) amoled display with functional crown, stainless steel bracelet and bt calling smartwatch for unisex - twtxw700t",4995.0,2.7,5.0,True,,1,0,0,1,0,0,1,0,0,0,0,0,0,0,0,0,0,0,0,0,0,0,"timex smart nexgen 1.43""(3.6cm) amoled",Mid-Range,0
"spiky android 4g video calling kids smartwatch with built in jarvis ai | gps location tracking | sos, water resistant, 800 mah super battery | suitable for 4 to 14 years kids",7368.0,3.8,4.0,True,,0,0,0,0,1,0,1,0,0,0,0,0,0,0,0,0,0,0,0,0,0,1,spiky android 4g video calling,Premium,0
"gamesir newly launched fitrivo smartwatch 2.01"" curved amoled display, bluetooth calling, ip67, 100+ watch faces, crown control, 100+ sports modes, health tracking for men & women (millanese silver)",1429.0,3.6,38.0,True,,1,0,0,1,0,1,1,0,0,0,0,0,1,0,0,0,0,1,0,1,1,0,gamesir newly launched fitrivo smartwatch,Budget,0
"spiky cyclops kids smartwatch | wifi, geo fencing, video call, voice call, sos | best for kids boys & girls | suitable for 4 to 14 years | 4g calling gps watch with ip67 waterproof (blue)",4299.0,4.3,21.0,True,,0,0,0,0,1,0,1,0,0,0,0,0,0,0,0,1,0,1,0,0,0,1,spiky cyclops kids smartwatch |,Mid-Range,0
"ageasy boat protec neo smartwatch with sos button for live location sharing | 1.43” amoled display, bt calling, health monitoring, qr tray, 5 days battery life | smartwatch for men & women (black)",2999.0,3.1,18.0,True,,1,0,0,1,0,0,1,0,0,0,0,0,0,0,0,0,0,0,0,1,1,0,ageasy boat protec neo smartwatch,Budget,0
"smart watch for womem answer/make call,1.27"" hd dynamic dial fitness watch with heart rate/sleep/spo2, leahter ladies smartwatch for iphone/samsung/android,ip68 waterproof，110+ sport mode-rose pink",10342.0,4.4,183.0,True,,0,0,0,0,0,0,0,0,1,1,1,0,0,0,0,1,1,0,0,0,0,0,smart watch for womem answer/make,Premium,0
"elevea 𝟏𝟓 𝐘𝐞𝐚𝐫𝐬 𝐆𝐮𝐚𝐫𝐚𝐧𝐭𝐞𝐞 smart watch with bluetooth heart rate fitness tracker sports smartwatch for men, women with dial call music control activity tracking, daily health monitoring",2229.0,5.0,1.0,True,,0,0,0,0,0,1,0,0,1,0,0,0,1,1,0,0,0,0,0,1,1,0,elevea 𝟏𝟓 𝐘𝐞𝐚𝐫𝐬 𝐆𝐮𝐚𝐫𝐚𝐧𝐭𝐞𝐞 smart,Budget,0
"gamesir h18 pro smartwatch with long battery life, 2.01"" high-resolution screen, bluetooth calling, ip68 waterproof, tft display, luxury design for men & women (metal-gold)",999.0,3.9,116.0,True,,0,0,0,0,0,1,1,0,0,0,0,0,0,0,0,1,1,0,0,1,1,0,gamesir h18 pro smartwatch with,Budget,0
"punnkfunnk glavito round dial smartwatch 1.49"" amoled display, 100+ sports modes, ip67, health tracking, bluetooth calling, crown control, 100+ watch faces for men & women (magnetic purple)",1206.0,2.9,32.0,True,,1,0,0,1,0,1,1,0,0,0,0,0,1,0,0,0,0,1,0,1,1,0,punnkfunnk glavito round dial smartwatch,Budget,0
"fastrack radiant fx4 1.51"" amoled metal smart watch with single sync bt calling, functional crown, all-round health tracking, 100+ sports modes, ip68 – smartwatch for man & woman (gun grey)",5795.0,3.8,922.0,True,,1,0,0,1,0,0,1,0,0,0,0,0,1,0,0,0,1,0,0,0,0,0,"fastrack radiant fx4 1.51"" amoled",Mid-Range,0
"fastrack active pro rugged smartwatch with 1.85"" amoled display with aod|singlesync bt calling|functional crown|100+ sports modes|ai coach|auto sport recognition|ai voice assistant|24x7 health suite",5999.0,3.3,24.0,True,,1,0,0,1,0,0,1,0,0,0,0,0,1,0,0,0,0,0,0,0,0,0,fastrack active pro rugged smartwatch,Mid-Range,0
punnkfunnk neolux 1.96” hd display smartwatch for men & women 2025 | bluetooth calling | 110+ sports modes | heart rate | spo2 | ip67 waterproof | compatible with android & ios - (dark blue),949.0,3.9,115.0,True,Limited time deal,0,1,0,0,0,1,1,0,1,1,0,0,1,0,0,1,0,1,0,1,1,0,punnkfunnk neolux 1.96” hd display,Budget,0
"gamesir neolux 1.96” hd display smartwatch for men & women 2025 with 110+ sports modes, heart rate, sleep monitor, ip68 waterproof, answer/make calls for android & ios(pink)",939.0,3.4,82.0,True,Limited time deal,0,1,0,0,0,0,0,0,1,0,1,0,1,0,0,1,1,0,0,1,1,0,gamesir neolux 1.96” hd display,Budget,0
"noise colorfit ore smart watch with largest-ever 2.1"" amoled display with ultra thin bezels, bt calling, functional crown, metal build, health data with noisefit app, 7 days battery (elite silver)",3499.0,3.9,1000.0,True,,1,0,0,1,0,0,1,0,0,0,0,0,0,0,0,0,0,0,0,0,0,0,noise colorfit ore smart watch,Mid-Range,0
"smart watch for samsung galaxy s24 s24+ ultra - with led flashlight, 1.43"" amoled display, outdoor smartwatch with compass/altitude/air pressure, waterproof fitness tracker watch",10336.0,4.0,14.0,True,,1,0,0,1,0,0,0,0,0,0,0,0,0,1,0,1,0,0,0,0,0,0,smart watch for samsung galaxy,Premium,0
"kpep gps military smart watches for men with 2 straps, 1.43"" amoled, led flashlight, ip68 waterproof smartwatch, make & answer calls, 170+ sports modes, compass, fitness tracker watch for ios android",9879.0,3.7,19.0,True,,1,0,0,1,1,0,0,0,0,0,0,0,1,1,0,1,1,0,0,1,0,0,kpep gps military smart watches,Premium,0
punnkfunnk gen 12 smart watch specially made for girls & womens music smartwatch with golden strap | 1.30 inch amoled sunlight proof display (diamond gold),1749.0,3.6,62.0,True,Limited time deal,1,0,0,1,0,0,0,0,0,0,0,0,0,0,0,0,0,0,0,1,1,0,punnkfunnk gen 12 smart watch,Budget,0
"fcuk series 2 full touch smartwatch (color: blue) with 1.69'' large display, bluetooth calling, spo2, metal body, built-in games, heart rate monitor, multiple watch faces and long battery life (fcuk007b)",3669.0,2.1,274.0,True,,0,0,0,0,0,1,1,0,1,1,0,0,0,0,0,0,0,0,0,0,0,0,fcuk series 2 full touch,Mid-Range,0
"drumstone (𝟏𝟎 𝐘𝐞𝐚𝐫𝐬 𝗪𝗮𝗿𝗿𝗮𝗻𝘁𝘆 bluetooth smartwatch – waterproof fitness tracker with heart rate, blood pressure monitor, step counter & notifications for men & women – rose gold",1279.0,5.0,2.0,True,,0,0,0,0,0,1,0,0,1,0,0,0,0,1,1,1,0,0,0,1,1,0,drumstone (𝟏𝟎 𝐘𝐞𝐚𝐫𝐬 𝗪𝗮𝗿𝗿𝗮𝗻𝘁𝘆 bluetooth,Budget,0
"smart watch for men women, 1.85'' amoled hd fitness watch with 120+ sports modes, bluetooth call/heart rate/sleep monitor/pedometer, smartwatch for android ios, ip68 waterproof, black",3424.0,4.0,37.0,True,,1,0,0,1,0,1,0,0,1,0,1,0,1,0,0,1,1,0,0,1,1,0,"smart watch for men women,",Mid-Range,0
"boat storm infinity w/15 days extensive battery life, only charge twice a month, huge 550mah battery, fast charge, 1.83”(4.65cm) display, fitness tracker, smart watch for men & women (jade gold)",1499.0,4.0,873.0,True,,0,0,0,0,0,0,0,0,0,0,0,0,0,1,0,0,0,0,0,1,1,0,boat storm infinity w/15 days,Budget,0
"boat enigma gem women's luxury smart watch w/ 1.19” (3.02cm) amoled display, emergency sos live location sharing, female wellness, watch face studio, bt calling, watch for woman (metallic black)",2999.0,3.7,2300.0,True,,1,0,0,1,0,0,1,0,0,0,0,0,0,0,0,0,0,0,0,1,1,0,boat enigma gem women's luxury,Budget,0
"punnkfunnk genquella smartwatch for women with bluetooth calling, 1.69"" hd touchscreen, heart rate spo2 sleep tracker, 100+ sports modes, ip67 fitness watch for android iphone(rose gold)",1329.0,3.2,32.0,True,Limited time deal,0,0,0,0,0,1,1,0,1,1,1,0,1,0,0,0,0,1,0,1,1,0,punnkfunnk genquella smartwatch for women,Budget,0
"setracker 'l1-lite' video & voice calling 4g smartwatch for kids | 4g/5g sim supported | indoor location tracking, camera, sos | app control | voice chat | long battery life - white",4500.0,3.6,33.0,True,,0,0,0,0,0,0,1,0,0,0,0,0,0,0,0,0,0,0,0,0,0,1,setracker 'l1-lite' video & voice,Mid-Range,0
"pebble newly launched cosmos ultra 2.0 smartwatch for men & women 1.91” infinite display, bluetooth calling, sleek ultra-thin design fitness & sleep monitor works with android & ios - mauve",1999.0,3.8,49.0,True,Limited time deal,0,0,0,0,0,1,1,0,0,0,1,0,0,0,0,0,0,0,0,1,1,0,pebble newly launched cosmos ultra,Budget,0
"punnkfunnk h18 smartwatch for men & women | 2.01"" hd full display | bluetooth calling watch with heart rate | sleep monitor | 100+ sports modes | long battery life | ip67 fitness watch- (metal black)",949.0,3.8,18.0,True,Limited time deal,0,0,0,0,0,1,1,0,1,0,1,0,1,0,0,0,0,1,0,1,1,0,punnkfunnk h18 smartwatch for men,Budget,0
"smart watch for kids, girls boys smartwatch with 26 games camera video recorder and player, pedometer calendar flashlight, audio book etc., gifts for 4-12 years children (blue)",3432.0,4.2,18.0,True,,0,0,0,0,0,0,0,0,0,0,0,0,0,0,0,0,0,0,0,0,0,1,"smart watch for kids, girls",Mid-Range,0
"toreto eclipz arc smartwatch with 1.81"" ips display, bluetooth calling, ip67 water resistance, 22mm silicone strap, 12-day battery, ios & android compatible (arctic silver)",1999.0,4.9,47.0,True,,0,0,0,0,0,1,1,0,0,0,0,0,0,0,0,0,0,1,0,0,0,0,toreto eclipz arc smartwatch with,Budget,0
"gamesir q15 kids smart watch 1.44"" tft display 3g / 4g sim support, learning & gaming apps, gifting watch, water rasistance, gps tracking, smartwatch for boys & girls (pink)",1330.0,2.9,117.0,True,,0,0,0,0,1,0,0,0,0,0,0,0,0,0,0,0,0,0,0,0,0,1,gamesir q15 kids smart watch,Budget,0
"smart fitness d-115 watch for xiaomi redmi a1 original sports touchscreen smart watch bluetooth 1.3"" smart watch led with daily activity tracker, heart rate h sleep monitorer (d-115)",999.0,2.0,5.0,False,,0,0,0,0,0,1,0,0,1,0,1,0,1,0,0,0,0,0,0,0,0,0,smart fitness d-115 watch for,Budget,0
"punnkfunnk h18 pro smartwatch for men & women | 2.01"" hd tft display | bluetooth calling | heart rate & spo2 monitor | long battery life | ip67 fitness watch with multiple sports modes- (red)",949.0,3.6,12.0,True,Limited time deal,0,0,0,0,0,1,1,0,1,1,0,0,1,0,0,0,0,1,0,1,1,0,punnkfunnk h18 pro smartwatch for,Budget,0
"crossbeats ignite cube 1.9"" hd screen bluetooth calling smartwatch rotating crown, 60hz refresh rate, 550 nits,100+ watch faces, sports mode, built in speaker & mic,hr spo2 bp monitor (gold)",4499.0,3.3,176.0,True,,0,0,0,0,0,1,1,0,0,1,0,0,1,0,0,0,0,0,0,0,0,0,"crossbeats ignite cube 1.9"" hd",Mid-Range,0
"pink smart watches for women with diamonds, answer/make call ladies bluetooth smartwatch for android and ios phones, rhinestone fitness activity tracker sleep tracker pedometer",11536.0,5.0,5.0,True,,0,0,0,0,0,1,0,0,0,0,1,0,0,0,0,0,0,0,0,1,1,0,pink smart watches for women,Premium,0
"military smart watch for men, 1.96"" amoled smartwatch with bluetooth make/answer calls,ip68 waterproof/heart rate/sleep tracker/100 sport modes, fitness watch compatible android ios, 2 wristbands",9415.0,4.3,3.0,True,,1,0,0,1,0,1,0,0,1,0,1,0,0,0,0,1,1,0,0,1,0,0,"military smart watch for men,",Premium,0
"military smart watches for men with led flashlight compass (answer/make call) 2.02"" fitness tracker with 100+ sport modes heart rate sleep monitor 400mah 3atm waterproof smartwatch for iphone android",15658.0,4.0,35.0,True,,0,0,0,0,0,0,0,0,1,0,1,0,0,1,0,1,0,0,0,1,0,0,military smart watches for men,Premium,0
"smart watch with blood glucose monitor, ppg ecg health tracking, heart rate spo2 monitor, 1.3-inch touch display, black silicon band, waterproof fitness tracker for men women",12995.0,2.0,2.0,True,,0,0,0,0,0,0,0,0,1,1,0,0,0,1,0,1,0,0,0,1,1,0,smart watch with blood glucose,Premium,0
"punnkfunnk h18 smartwatch for men & women | 2.01"" hd full display | bluetooth calling watch with heart rate | sleep monitor | 100+ sports modes | long battery life | ip67 fitness watch- (metal silver)",949.0,3.8,18.0,True,Limited time deal,0,0,0,0,0,1,1,0,1,0,1,0,1,0,0,0,0,1,0,1,1,0,punnkfunnk h18 smartwatch for men,Budget,0
"noise pro 6 smart watch:intelligent ai, endless ai watch faces, ai companion, 1.85” amoled, en2 processor, nebula ui 2.0, emergency sos, compatible with ios & android(magnetic lime)",4999.0,4.0,24100.0,True,,1,0,0,1,0,0,0,0,0,0,0,0,0,0,0,0,0,0,0,0,0,0,noise pro 6 smart watch:intelligent,Mid-Range,1
"gamesir novolux hd display smartwatch for men & women answer/make calls, heart rate monitor, 113+ sports modes, step counter, ip68 waterproof, compatible with android & ios (maroon)",939.0,3.6,110.0,True,Limited time deal,0,1,0,0,0,0,0,0,1,0,0,0,1,0,1,1,1,0,0,1,1,0,gamesir novolux hd display smartwatch,Budget,0
watchout champion smart watch for kids with habit builder & health tracking | curved smartwatch with waterproof | activity tracker for children | school-safe smart watch for boys & girls ages 3–17,2499.0,4.0,86.0,True,Limited time deal,0,0,0,0,0,0,0,0,0,0,0,0,0,0,0,1,0,0,0,0,0,1,watchout champion smart watch for,Budget,0
"timex smart progen 1.95"" (4.95 cm) curved amoled display with functional crown and bt calling smartwatch for unisex - twtxw800t, black",3495.0,3.0,3.0,True,,1,0,0,1,0,0,1,0,0,0,0,0,0,0,0,0,0,0,0,0,0,0,"timex smart progen 1.95"" (4.95",Mid-Range,0
"fastrack marvellous fx1 1.43"" amoled smart watch with spo2 monitoring, sleep & mood tracking, bluetooth calling, ai voice assistant, alloy case – smartwatch for men & women (silver)",5999.0,3.8,922.0,True,,1,0,0,1,0,1,1,0,0,1,1,0,0,0,0,0,0,0,0,1,1,0,"fastrack marvellous fx1 1.43"" amoled",Mid-Range,0
"boat enigma orion men's luxury smart watch enigma orion w/ 1.39”(3.53 cm) hd display, functional crown, bt calling, metal body, activity tracker, 7 days battery, watch for man (metal black)",2199.0,3.9,1100.0,True,,0,1,0,0,0,0,1,0,0,0,0,0,0,0,0,0,0,0,0,1,0,0,boat enigma orion men's luxury,Budget,0
"gamesir premium luxurious gen 12 smartwatch, 1.69” amoled display, activity tracker, bluetooth calling, customizable watch faces, water resistant smartwatch for women & girls (red)",1299.0,3.8,29.0,True,Limited time deal,1,0,0,1,0,1,1,0,0,0,0,0,0,0,0,0,0,0,0,1,1,0,gamesir premium luxurious gen 12,Budget,0
"fastrack jupiter s1 1.83"" display smart watch for man & smart watch for women latest with bt calling, 100+ sports modes, spo2, auto sport detection, ip68, up to 5 days battery (teal)",1599.0,4.0,16.0,True,,0,0,0,0,0,0,1,0,0,1,0,0,1,0,0,0,1,0,0,1,1,0,"fastrack jupiter s1 1.83"" display",Budget,0
"gamesir genquira elegant smartwatch for women with call function, amoled touchscreen, 24/7 wellness monitoring, voice assistant, long battery life, ip68 water resistant android support(green)",1299.0,3.5,25.0,True,Limited time deal,1,0,0,1,0,0,0,0,0,0,0,0,0,0,0,0,1,0,0,1,1,0,gamesir genquira elegant smartwatch for,Budget,0
"boat chrome eon, premium metal body, 1.43” (3.63 cm) amoled round display, ai coach health insights, advanced s1 processor, auto heart rate, hrv, vo2 max, smart watch for men & women (sterling blue)",4499.0,4.0,137.0,True,,1,0,0,1,0,0,0,0,1,0,0,0,0,0,0,0,0,0,0,1,1,0,"boat chrome eon, premium metal",Mid-Range,0
"fire-boltt legacy luxury round smart watch 1.43″ super amoled, bluetooth calling, wireless charging, voice assistant, spo₂ & heart rate monitor, 110+ sports modes, smart watch for men & women - brown",1799.0,3.8,2200.0,True,Limited time deal,1,0,0,1,0,1,1,0,1,0,0,0,1,0,0,0,0,0,0,1,1,0,fire-boltt legacy luxury round smart,Budget,0
"gamesir nexoro 2.01” smartwatch for men & women bluetooth call, heart rate, spo2, sleep & 100+ sports modes, ip68 waterproof, compatible with android & iphone(grey)",939.0,3.7,161.0,True,Limited time deal,0,0,0,0,0,1,0,0,1,1,1,0,1,0,0,1,1,0,0,1,1,0,gamesir nexoro 2.01” smartwatch for,Budget,0
punnkfunnk neolux 1.96” hd display smartwatch for men & women 2025 | bluetooth calling | 110+ sports modes | heart rate | spo2 | ip67 waterproof | compatible with android & ios - (sky blue),949.0,3.9,115.0,True,,0,1,0,0,0,1,1,0,1,1,0,0,1,0,0,1,0,1,0,1,1,0,punnkfunnk neolux 1.96” hd display,Budget,0
"punnkfunnk glavito round dial smartwatch 1.49"" amoled display, bluetooth calling, functional crown control, 100+ sports modes, ip67, health tracking, 100+ watch faces for men & women (metal silver)",1199.0,2.9,32.0,True,,1,0,0,1,0,1,1,0,0,0,0,0,1,0,0,0,0,1,0,1,1,0,punnkfunnk glavito round dial smartwatch,Budget,0
"gamesir glavito round dial smartwatch with 1.49"" amoled display, 100+ sports modes, ip67, bluetooth calling, functional crown control, health tracking, 100+ watch faces for men & women (grey)",1055.0,3.6,43.0,True,,1,0,0,1,0,1,1,0,0,0,0,0,1,0,0,0,0,1,0,1,1,0,gamesir glavito round dial smartwatch,Budget,0
"goboult rover pro smartwatch 1.43'' amoled, bt calling 5.3, 1000 nits brightness, ip68, 150+ watchfaces, 120+ sports modes, ai voice assistant, spo2 monitoring (coal black)",1999.0,3.8,567.0,True,,1,0,0,1,0,0,1,0,0,1,0,0,1,0,0,0,1,0,0,0,0,0,goboult rover pro smartwatch 1.43'',Budget,0
"fastrack phantom smart watch|1.85"" ultravu display| functional crown| singlesync bt calling|100+ sports modes|100+ watchfaces|ai voice assistant|in-built games| aluminium case with mesh strap",2499.0,4.0,33.0,True,Limited time deal,0,0,0,0,0,0,1,0,0,0,0,0,1,0,0,0,0,0,0,0,0,0,"fastrack phantom smart watch|1.85"" ultravu",Budget,0
"titan smart smartwatch with alexa built-in, aluminum body with 1.32"" immersive display, upto 14 days battery life, multi-sport modes with vo2 max, spo2, women health monitor(blue) - 90137ap02",8995.0,3.9,190.0,True,,0,0,0,0,0,0,0,1,0,1,0,0,0,0,0,0,0,0,0,1,1,0,titan smart smartwatch with alexa,Premium,0
"fastrack active rugged smartwatch with 1.83"" ultravu hd display|singlesync bt calling|functional crown|100+ sports modes|ai coach|auto multisport recognition|ai voice assistant|24x7 health suite|ip68",3995.0,3.6,6.0,True,,0,1,0,0,0,0,1,0,0,0,0,0,1,0,0,0,1,0,0,0,0,0,fastrack active rugged smartwatch with,Mid-Range,0
"punnkfunnk h18 pro smartwatch for men & women | 2.01"" hd tft display | bluetooth calling | heart rate & spo2 monitor | long battery life | ip67 fitness watch with multiple sports modes- (black)",949.0,3.6,12.0,True,,0,0,0,0,0,1,1,0,1,1,0,0,1,0,0,0,0,1,0,1,1,0,punnkfunnk h18 pro smartwatch for,Budget,0
"gamesir active 5 smart watch amoled display 1.3"" screen, 360 * 360 resolution, ip68 waterproof with multiple watch faces bluetooth calling round dial smartwatch for men & women (metal-gold)",1699.0,3.1,159.0,False,,1,0,0,1,0,1,1,0,0,0,0,0,0,0,0,1,1,0,0,1,1,0,gamesir active 5 smart watch,Budget,0
"pebble regal smartwatch, 1.77-inch true hd display, bluetooth calling, health monitor, sports modes, black (brown)",3499.0,3.3,30.0,True,Limited time deal,0,1,0,0,0,1,1,0,0,0,0,0,1,0,0,0,0,0,0,0,0,0,"pebble regal smartwatch, 1.77-inch true",Mid-Range,0
"myfirst fone s3+ (usa & canada version) kids smartwatch for boys/girls with unlimited data esim, gps tracker, video voice call, 2mp camera (cotton candy)",7990.0,3.7,7.0,True,,0,0,0,0,1,0,0,0,0,0,0,0,0,0,0,0,0,0,0,0,0,1,myfirst fone s3+ (usa &,Premium,0
"fastrack astor fs1 pro smart watch, 1.97"" amoled display, bluetooth calling, 100+ sports modes, spo2 & heart rate monitoring, women's health, ip68, up to 5 days battery, functional crown (wine red)",2499.0,4.0,1400.0,True,,1,0,0,1,0,1,1,0,1,1,0,0,1,0,0,0,1,0,0,1,1,0,fastrack astor fs1 pro smart,Budget,1
pro-fit move veryfitpro smart watch ip68 waterproof fitness tracker heart rate monitor step counter (id205l) (black),8824.0,4.1,2000.0,True,,0,0,0,0,0,0,0,0,1,0,0,0,0,1,1,1,1,0,0,0,0,0,pro-fit move veryfitpro smart watch,Premium,1
punnkfunnk nexoro 2.01” smartwatch for men & women | bluetooth calling | heart rate | spo2 | sleep & fitness tracker | 100+ sports modes | ip67 | compatible with android & iphone - (maroon),949.0,3.3,144.0,True,Limited time deal,0,0,0,0,0,1,1,0,1,1,1,0,1,1,0,0,0,1,0,1,1,0,punnkfunnk nexoro 2.01” smartwatch for,Budget,0
"punnkfunnk novolux hd display smartwatch for men & women answer/make calls, heart rate monitor, 113+ sports modes, step counter, ip68 waterproof, compatible with android & ios(metal grey)",979.0,3.6,163.0,True,Limited time deal,0,1,0,0,0,0,0,0,1,0,0,0,1,0,1,1,1,0,0,1,1,0,punnkfunnk novolux hd display smartwatch,Budget,0
"boat lunar discovery pro, 1.39"" display, premium metal build, round dial, emergency sos, functional crown, multiple sports modes, hr,spo2 & sleep tracking, smart watch for men & women (sports blue)",1699.0,3.8,5600.0,True,,0,0,0,0,0,0,0,0,0,1,1,0,1,0,0,0,0,0,0,1,1,0,"boat lunar discovery pro, 1.39""",Budget,0
"minecraft kids smartwatch - interactive led screen watch with 10 custom watch faces, games, camera, alarm, step tracker & more - fun tech gift for boys and girls - fits wrists 5.5'' to 8.0""",4343.0,4.4,455.0,True,,0,0,0,0,0,0,0,0,0,0,0,0,0,0,0,0,0,0,0,0,0,1,minecraft kids smartwatch - interactive,Mid-Range,0
"lige smart watches for men answer/make calls,1.75"" display fitness tracker with compass altitude and barometric pressure 900mah sleep monitor 110+sport modes for android ios smartwatch(silver)",8723.0,4.1,60.0,True,,0,0,0,0,0,0,0,0,0,0,1,0,0,1,0,0,0,0,0,1,0,0,lige smart watches for men,Premium,0
"punnkfunnk h18 smartwatch for men & women | 2.01"" hd full display | bluetooth calling watch with heart rate | spo₂ & sleep monitor | 100+ sports modes | long battery life | ip67 fitness watch- (black)",949.0,3.8,18.0,True,Limited time deal,0,0,0,0,0,1,1,0,1,0,1,0,1,0,0,0,0,1,0,1,1,0,punnkfunnk h18 smartwatch for men,Budget,0
"fire-boltt ninja x ring smart watch 1.96"" always on display bluetooth calling, voice assistant, spo2 & heart rate, 120+ sports modes, ip67 waterproof smartwatch for men & women - black nylon",2499.0,4.0,3100.0,True,Limited time deal,0,0,0,0,0,1,1,0,1,1,0,0,1,0,0,1,0,1,0,1,1,0,fire-boltt ninja x ring smart,Budget,1
layers anarc smart watch–1.85” amoled octagonal display i stainless steel–designed in london i hisilicon processor i 6-axis motion sensor i precise heart rate & spo2 monitoring i ip68 water resistant,3999.0,3.8,284.0,True,,1,0,0,1,0,0,0,0,1,1,0,0,0,0,0,0,1,0,0,0,0,0,layers anarc smart watch–1.85” amoled,Mid-Range,0
"boat lunar oasis w/tbt navigation, qr tray, watch face studio, bluetooth calling, emergency sos 1.43"" (3.6 cm) amoled display fitness smart watch for men & women(steel black)",3499.0,3.7,963.0,True,,1,0,0,1,0,1,1,0,0,0,0,0,0,0,0,0,0,0,0,1,1,0,"boat lunar oasis w/tbt navigation,",Mid-Range,0
"gamesir premium luxurious gen 12 smartwatch, hd display, activity tracker, bluetooth calling, customizable watch faces, water resistant smartwatch for women & girls (maroon)",1299.0,3.8,29.0,True,Limited time deal,0,1,0,0,0,1,1,0,0,0,0,0,0,0,0,0,0,0,0,1,1,0,gamesir premium luxurious gen 12,Budget,0
"noise champ 2 kids smart watch with habit building (handwash, brushing, etc), ip68 waterproof, activity tracker, in-built games, school mode. noisefit sync app, for boys and girls (mickey black)",1999.0,3.7,14000.0,True,,0,0,0,0,0,0,0,0,0,0,0,0,0,0,0,1,1,0,0,0,0,1,noise champ 2 kids smart,Budget,0
"fastrack noir rizz women smart watch with 1.72"" inch ultra hd display,womens health,ai watchface & ai chat,functional crown,24/7 health suite,bt calling,ip68,additional silicone strap,games - black",3999.0,3.6,71.0,True,,0,1,0,0,0,0,1,0,0,0,0,0,0,0,0,0,1,0,0,1,1,0,fastrack noir rizz women smart,Mid-Range,0
"fastrack vox neo smart watch with 1.91” curved tft display, rotary crown, offline voice commands,to-do list, bt calling, 24/7 health suite, spo2, hrm, sleep tracking, ip68 water resistant - delta clay",2399.0,4.2,21.0,True,,0,0,0,0,0,0,1,0,0,1,1,0,0,0,0,0,1,0,0,0,0,0,fastrack vox neo smart watch,Budget,0
"smart watch for android ios phones compatible with iphone samsung, 2.01'' touchscreen fitness tracker smartwatch with call/sms/heart rate/pedometer for men women (black1)",11239.0,2.7,4.0,True,,0,0,0,0,0,0,0,0,1,0,0,0,0,1,0,0,0,0,0,1,1,0,smart watch for android ios,Premium,0
"acumen a1 4g smart watch with 1.44’’ips display|advance gps with pedometer,calories & sleep monitoring|heart rate,body tempture|sos,phone,camera,upto 4 day battery| magnet charging port|",3990.0,4.2,3.0,False,,0,0,0,0,1,0,0,0,1,0,1,0,0,0,0,0,0,0,0,1,0,0,acumen a1 4g smart watch,Mid-Range,0
"gamesir neolux 1.96” hd display smartwatch for men & women 2025 with 110+ sports modes, heart rate, sleep monitor, ip68 waterproof, answer/make calls for android & ios(black)",939.0,3.4,82.0,True,Limited time deal,0,1,0,0,0,0,0,0,1,0,1,0,1,0,0,1,1,0,0,1,1,0,gamesir neolux 1.96” hd display,Budget,0
"zorbes® compatible with with amazfit active 2/bip 6, usb charging dock smart watch desk magnetic charger dock with self-adhesive backing, 3.3ft long cable",1052.0,4.5,2.0,True,,0,0,0,0,0,0,0,0,0,0,0,0,0,0,0,0,0,0,0,0,0,0,zorbes® compatible with with amazfit,Budget,0
"nervfit vibe smartwatch with 1.85"" truecolor+ led display | bluetooth calling | waterproof | heart rate & spo2 tracking | sleep & stress monitor | 5-day battery | sports modes (grey with silicon)",1599.0,4.4,101.0,True,,0,0,0,0,0,1,1,0,1,1,1,0,1,0,0,1,0,0,0,0,0,0,"nervfit vibe smartwatch with 1.85""",Budget,0
"gamesir safeguard kids smart watch 5g/4g with sim calling, 800mah battery, gps tracker, sos alerts, video calling, face unlock, voice chat, games, ip67 waterproof (olive green)",3129.0,3.1,91.0,True,Limited time deal,0,0,0,0,1,0,1,0,0,0,0,0,0,0,0,1,0,1,0,0,0,1,gamesir safeguard kids smart watch,Mid-Range,0
"punnkfunnk neolux 1.96” hd display smartwatch for men & women 2025 with 110+ sports modes, heart rate, sleep monitor, ip68 waterproof, answer/make calls for android & ios(metal black)",979.0,3.9,115.0,True,Limited time deal,0,1,0,0,0,0,0,0,1,0,1,0,1,0,0,1,1,0,0,1,1,0,punnkfunnk neolux 1.96” hd display,Budget,0
lady's fashion smartwatch bt call 1.32inch round screen health monitoring fitness tracker waterproof ai voice assistant women's i58 smart watch synthetic diamond band (gold),9663.0,4.3,6.0,True,,0,0,0,0,0,0,0,0,0,0,0,0,0,1,0,1,0,0,0,1,1,0,lady's fashion smartwatch bt call,Premium,0
"smart watch for women, 1.19"" amoled hd screen women's smartwatch, fitness tracker with heart rate/sleep monitor, bluetooth call, ip67 waterproof, compatible with ios & android (luxury gold rt-i222)",15115.0,3.9,31.0,True,,1,0,0,1,0,1,0,0,1,0,1,0,0,1,0,1,0,1,0,1,1,0,"smart watch for women, 1.19""",Premium,0
"iaret smart watch for women(call receive/dial), fitness tracker waterproof smartwatch for android ios phones 1.7"" hd full touch screen digital watches with heart rate sleep monitor pedometer (black)",5474.0,4.0,357.0,True,,0,0,0,0,0,0,0,0,1,0,1,0,0,1,0,1,0,0,0,1,1,0,iaret smart watch for women(call,Mid-Range,0
"fastrack reflex beat pro smart watch|large 1.75"" super ultravu display|highest 320x390 pixel resolution|singlesync bt calling|110+ sports modes|nitrofast charging|calculator|passcode protection",2495.0,3.7,31.0,False,,0,0,0,0,0,0,1,0,0,0,0,0,1,0,0,0,0,0,0,0,0,0,fastrack reflex beat pro smart,Budget,0
"gamesir neolux 1.96” hd display smartwatch for men & women 2025 with 110+ sports modes, heart rate, sleep monitor, ip68 waterproof, answer/make calls for android & ios (ocean green)",999.0,3.4,82.0,True,Limited time deal,0,1,0,0,0,0,0,0,1,0,1,0,1,0,0,1,1,0,0,1,1,0,gamesir neolux 1.96” hd display,Budget,0
"gamesir musk 5g/4g kids smart watch with gps tracker, sim calling, face unlock, video calls, sos alerts, ip67 waterproof, 800mah battery, voice chat, live location(orange)",3129.0,3.6,100.0,True,Limited time deal,0,0,0,0,1,0,1,0,0,0,0,0,0,0,0,1,0,1,0,0,0,1,gamesir musk 5g/4g kids smart,Mid-Range,0
"minecraft kids led smartwatch interactive gaming-themed watch 10 changeable faces, step counter, calculator, games, selfie cam, alarm & timer, printed silicone straps – fits wrists 5.5""-8.5"", grey,",4612.0,4.3,155.0,True,,0,0,0,0,0,0,0,0,0,0,0,0,0,0,1,0,0,0,0,0,0,1,minecraft kids led smartwatch interactive,Mid-Range,0
"boat enigma orion men's luxury smart watch enigma orion w/ 1.39”(3.53 cm) hd display, functional crown, bt calling, metal body, activity tracker, 7 days battery, watch for man (active black)",1999.0,3.9,1100.0,True,,0,1,0,0,0,0,1,0,0,0,0,0,0,0,0,0,0,0,0,1,0,0,boat enigma orion men's luxury,Budget,0
"gamesir active 2 smartwatch for men & women, 1.39” hd round display, bluetooth calling, heart rate & spo₂, 100+ sports modes, ip67, long battery life for android & ios (metal black)",1499.0,4.5,16.0,True,,0,0,0,0,0,1,1,0,1,0,0,0,1,0,0,0,0,1,0,1,1,0,gamesir active 2 smartwatch for,Budget,0
punnkfunnk tracknova 4g/5g kids smart watch | hd video call | live gps tracking | app control | safe zone & sos | games | family chat | 800mah long battery | facelock | safety watch for kids - (black),3049.0,3.4,49.0,True,Limited time deal,0,0,0,0,1,0,0,0,0,0,0,0,0,0,0,0,0,0,0,0,0,1,punnkfunnk tracknova 4g/5g kids smart,Mid-Range,0
"fastrack marvellous fx2 1.54"" super amoled smart watch with spo2, sleep monitor, bt calling, metal body, voice assistant, 100+ sports modes – smartwatch for professionals (rose gold)",6799.0,3.8,922.0,True,,1,0,0,1,0,0,1,0,0,1,1,0,1,0,0,0,0,0,0,0,0,0,"fastrack marvellous fx2 1.54"" super",Mid-Range,0
"fire-boltt glitz women smart watch with 1.19” amoled display, bluetooth calling, rotating crown, always on display, 1000 nits brightness, ip68 waterproof soft olive",1999.0,4.1,1100.0,True,Limited time deal,1,0,0,1,0,1,1,0,0,0,0,0,0,0,0,1,1,0,0,1,1,0,fire-boltt glitz women smart watch,Budget,1
"military smart watch with heart rate monitor/compass/flashlight/gps, 1.43"" smartwatch with 170+ sport modes,5atm waterproof fitness watch for men & women, compatible ios android (black)",9863.0,4.4,8.0,True,,0,0,0,0,1,0,0,0,1,0,0,0,0,0,0,1,0,0,1,1,1,0,military smart watch with heart,Premium,0
"smart watch with earbuds, 1.52"" hd screen smartwatch for men, rugged military bluetooth call fitness tracker,3 in 1 bluetooth watch with local music,sleep monitor,heart rate",9205.0,3.6,114.0,True,,0,0,0,0,0,1,0,0,1,0,1,0,0,1,0,0,0,0,0,1,0,0,"smart watch with earbuds, 1.52""",Premium,0
"cellecor m10 vision 2.01"" super-retina amoled display | 1200 nits | aod | bt-calling | ai voice | 60hz refresh rate | ip68 | rotating crown | smartwatch (green)",2599.0,3.7,5.0,True,,1,0,0,1,0,0,1,0,0,0,0,0,0,0,0,0,1,0,0,0,0,0,"cellecor m10 vision 2.01"" super-retina",Budget,0
"military smart watches for men(answer/make calls), 1.39""hd fitness watch, 24/7 heart rate sleep monitor, smart watch for men 110+ sport modes, 30day, ip68 waterproof smartwatch for android ios, brown",3192.0,4.2,120.0,True,,0,0,0,0,0,0,0,0,1,0,1,0,0,0,0,1,1,0,0,1,0,0,military smart watches for men(answer/make,Mid-Range,0
"stainless steel metal chain band adjustable strap compatible with apple watch straps 49mm 46mm 45mm 44mm 42mm, band for iwatch series 11 10 9 8 7 6 5 4 se3 se2 se ultra 3 2 1 (no watch)",1399.0,5.0,2.0,False,,0,0,0,0,0,0,0,0,0,0,0,0,0,0,0,0,0,0,0,0,0,0,stainless steel metal chain band,Budget,0
"bribejat smart watch for women (make/answer call), hd 1.27'' smartwatch with diamonds, fitness tracker pedometer spo2/heart rate/sleep monitor, compatible with iphone samsung ios android phone",3597.0,4.0,64.0,True,,0,0,0,0,0,0,0,0,1,1,1,0,0,1,0,0,0,0,0,1,1,0,bribejat smart watch for women,Mid-Range,0
"helix metalfit 2.0 smartwatch with bluetooth calling, 1.5"" hd ips full-touch display, spo2, body temperature & bp measurement, 20 sports modes and unlimited watch faces",3449.0,3.5,1500.0,True,,0,0,0,0,0,1,1,0,0,1,0,0,1,0,0,0,0,0,0,1,0,0,helix metalfit 2.0 smartwatch with,Mid-Range,0
"gamesir q15 kids smart watch – 1.44"" tft display | 3g/4g sim support | gps tracking & two-way calling | water rasistence| learning & gaming apps smartwatch for boys & girls-(black)",1459.0,3.1,91.0,True,Limited time deal,0,0,0,0,1,0,1,0,0,0,0,0,0,0,0,0,0,0,0,0,0,1,gamesir q15 kids smart watch,Budget,0
"fastrack ella women smart watch with 1.2"" inch amoled display,patterned bezel,ai watchface & ai chat,functional crown,24/7 health suite,bt calling,spo2,hrm,ip68, multiple menu styles,games- dark wine",5999.0,3.5,2.0,True,,1,0,0,1,0,0,1,0,0,1,0,0,0,0,0,0,1,0,0,1,1,0,fastrack ella women smart watch,Mid-Range,0
"kids smart watch for girls age 5-12, kids watch with 26 games, camera music player pedometer habit tracking hd touchscreen flashlight smart watch for kid birthday gifts for girls ages 6 7 8 9 (pink)",5208.0,4.4,238.0,True,,0,0,0,0,0,0,0,0,0,0,0,0,0,0,0,0,0,0,0,0,0,1,kids smart watch for girls,Mid-Range,0
"gamesir glavito round dial smartwatch with 1.49"" amoled display, 100+ sports modes, ip67, bluetooth calling, functional crown control, health tracking, 100+ watch faces for men & women (maroon)",1349.0,3.6,43.0,True,,1,0,0,1,0,1,1,0,0,0,0,0,1,0,0,0,0,1,0,1,1,0,gamesir glavito round dial smartwatch,Budget,0
"boat ultima regal w/ 2.01”(5.10 cm) crystal-clear amoled display, 1000 nits brightness,premium metal body, functional crown, 100+ sports modes, fitness smart watch for men & women (cool grey)",2599.0,3.9,285.0,True,,1,0,0,1,0,0,0,0,0,0,0,0,1,0,0,0,0,0,0,1,1,0,boat ultima regal w/ 2.01”(5.10,Budget,0
"tensky smart watch for women/men, 1.85'' hd activity smartwatch for iphone/android, 100+ sport modes fitness tracker (answer/make call), alexa built-in, sleep/heart rate/spo2 monitor/2atm waterproof",13184.0,4.2,422.0,True,,0,0,0,0,0,0,0,1,1,1,1,0,0,1,0,1,0,0,0,1,1,0,"tensky smart watch for women/men,",Premium,0
"noise twist round dial smart watch with bluetooth calling, 1.38"" tft display, up-to 7 days battery,",2298.0,4.0,1.0,False,,0,0,0,0,0,1,1,0,0,0,0,0,0,0,0,0,0,0,0,0,0,0,noise twist round dial smart,Budget,0
"goodatech kids smart watch for boys girls, 1.54'' smartwatch with 26 puzzle games, hd camera, video music player, pedometer, flashlight, audio book, aluminum case and sport band (blue)",6674.0,4.6,35.0,True,,0,0,0,0,0,0,0,0,0,0,0,0,0,0,0,0,0,0,0,0,0,1,goodatech kids smart watch for,Mid-Range,0
"smart watch with earbuds, 2 in 1 bluetooth smartwatch, 1.39"" hd ips screen smartwatch for men women, fitness tracker long time standby men women sports smart watch (pink)",10985.0,4.1,107.0,True,,0,0,0,0,0,1,0,0,0,0,0,0,1,1,0,0,0,0,0,1,1,0,"smart watch with earbuds, 2",Premium,0
"fastrack active rugged smartwatch with 1.83"" ultravu hd display|singlesync bt calling|functional crown|100+ sports modes|ai coach|auto multisport recognition|ai voice assistant|24x7 health suite|ip68",3499.0,3.6,12.0,False,,0,1,0,0,0,0,1,0,0,0,0,0,1,0,0,0,1,0,0,0,0,0,fastrack active rugged smartwatch with,Mid-Range,0
"french connection smart man full touch smartwatch with mesh band (color: silver) with 1.69'' large display, bluetooth, sport modes, metal body, heart rate monitor, multiple watch faces- e17-d",9999.0,2.6,13.0,True,,0,0,0,0,0,1,0,0,1,0,0,0,0,0,0,0,0,0,0,0,0,0,french connection smart man full,Premium,0
"gamesir novolux hd display smartwatch for men & women answer/make calls, heart rate monitor, 113+ sports modes, step counter, ip68 waterproof, compatible with android & ios(grey)",884.0,3.6,110.0,True,,0,1,0,0,0,0,0,0,1,0,0,0,1,0,1,1,1,0,0,1,1,0,gamesir novolux hd display smartwatch,Budget,0
"kids smart watch with gps tracker, video call function, games (purple)",6613.0,4.6,30.0,True,,0,0,0,0,1,0,0,0,0,0,0,0,0,0,0,0,0,0,0,0,0,1,kids smart watch with gps,Mid-Range,0
"titan crest 1.43” amoled smart watch for productivity with bt calling, ai morning briefs, functional crown, health tracking, aluminium body, 100+ sports modes, smartwatch for men and women – black",5999.0,4.0,726.0,False,,1,0,0,1,0,0,1,0,0,0,0,0,1,0,0,0,0,0,0,1,1,0,titan crest 1.43” amoled smart,Mid-Range,0
"gamesir gen 12 pro bluetooth smartwatch for men & women | amoled display with touchscreen fitness tracker| elegant round dial, sports mode, health monitoring, waterproof (maroon)",1299.0,3.9,13.0,True,Limited time deal,1,0,0,1,0,1,0,0,0,0,0,0,1,1,0,1,0,0,0,1,1,0,gamesir gen 12 pro bluetooth,Budget,0
"noise pulse 2 pro [new launch] 1.8"" vibrant display, bluetooth calling smart watch for men & women, 7 days battery life, metallic finish, built-in games, voice assistance, health suite (elite silver)",1699.0,3.9,24200.0,True,,0,0,0,0,0,1,1,0,0,0,0,0,0,0,0,0,0,0,0,1,1,0,noise pulse 2 pro [new,Budget,0
"setracker connect2kidz lbs-m2 smart watch for kids | safe 2-way calling | lbs based location tracking, sos alerts, voice chat | long battery life | smart watch for kids, girls & boys – pink",1547.0,3.1,5.0,True,,0,0,0,0,0,0,1,0,0,0,0,0,0,0,0,0,0,0,0,0,0,1,setracker connect2kidz lbs-m2 smart watch,Budget,0
"walkerfit rugged smartwatch m6 gps, activity tracker for hiking, cycling, diving, swimming, 5atm waterproof, heart rate/sleep monitor, 70 day battery life, android/iphone compatible, ideal gift, black",12816.0,4.5,2.0,True,,0,0,0,0,1,0,0,0,1,0,1,0,0,0,0,1,0,0,1,0,0,0,"walkerfit rugged smartwatch m6 gps,",Premium,0
"fire-boltt brillia smart watch 2.02” super amoled display, bluetooth calling, spo2, heart rate monitor, 120+ sports modes, fitness tracker, voice assistant, smart watch for man & women",1899.0,4.0,23100.0,True,Limited time deal,1,0,0,1,0,1,1,0,1,1,0,0,1,1,0,0,0,0,0,1,1,0,fire-boltt brillia smart watch 2.02”,Budget,1
"boat storm infinity w/15 days extensive battery life, only charge twice a month, huge 550mah battery, fast charge, 1.83”(4.65cm) display, fitness tracker, smart watch for men & women (deep blue)",1499.0,4.0,873.0,True,,0,0,0,0,0,0,0,0,0,0,0,0,0,1,0,0,0,0,0,1,1,0,boat storm infinity w/15 days,Budget,0
"vtech kidizoom smartwatch dx3, pink",8738.0,4.6,589.0,True,,0,0,0,0,0,0,0,0,0,0,0,0,0,0,0,0,0,0,0,0,0,0,"vtech kidizoom smartwatch dx3, pink",Premium,0
"gamesir evo vista premium smartwatch, 1.3” hd display bluetooth calling, fitness & sleep tracker, 100+ sports modes, ip67 waterproof compatible with android & ios for men’s & women (colour-grey)",1499.0,3.4,16.0,True,Limited time deal,0,1,0,0,0,1,1,0,0,0,1,0,1,0,0,1,0,1,0,1,1,0,"gamesir evo vista premium smartwatch,",Budget,0
"boat enigma daze women's luxury smart watch w/ 1.3”(3.3cm) auravue display w/ 20% higher brightness, emergency sos, female wellness tracking, bt calling, smart watch for women latest (brown leather)",1999.0,3.7,2300.0,True,,0,0,0,0,0,0,1,0,0,0,0,0,0,0,0,0,0,0,0,1,1,0,boat enigma daze women's luxury,Budget,0
"timex iconnect navigator 1.83""(4.6cm) display with turn by turn navigation & bt calling smartwatch for unisex - twixw901t",2269.0,5.0,1.0,True,,0,0,0,0,0,0,1,0,0,0,0,0,0,0,0,0,0,0,0,0,0,0,"timex iconnect navigator 1.83""(4.6cm) display",Budget,0
"hammer active bluetooth calling smart watch with ip67 rating & hd round display with spo2 monitoring, breathing mode, full touch screen & multiple watch faces with camera & music control (black)",1998.0,3.7,112.0,True,,0,0,0,0,0,1,1,0,0,1,0,0,0,0,0,0,0,1,0,0,0,0,hammer active bluetooth calling smart,Budget,0
"gamesir kids smartwatch for boys & girls, men & women, sim card support, location tracker/gps system, music player, camera, video,notification, alarm, waterproof, calling smart watch-red",1330.0,2.9,313.0,True,,0,0,0,0,1,0,1,0,0,0,0,0,0,0,0,1,0,0,0,1,1,1,gamesir kids smartwatch for boys,Budget,0
"military smart watches for men (answer/make calls) with led flashlight 3atm waterproof smartwatch with 100+ sports modes 1.53"" fitness tracker with heart rate monitor for iphone android",7736.0,4.0,168.0,True,,0,0,0,0,0,0,0,0,1,0,0,0,1,1,0,1,0,0,0,1,0,0,military smart watches for men,Premium,0
"matakul smart watch for men women 1.96"" hd screen smartwatch answer/make calls 100+ sport modes ip68 waterproof fitness tracker with step counter,sleep & heart rate monitor for android ios phones",4729.0,4.2,73.0,True,,0,0,0,0,0,0,0,0,1,0,1,0,0,1,1,1,1,0,0,1,1,0,matakul smart watch for men,Mid-Range,0
"fitness smartwatch for women with built-in gps, amoled display - heart rate, blood oxygen & sleep monitoring, step counter, bluetooth call, 50m waterproof, iphone & android compatible（rose gold）",12120.0,4.2,70.0,True,,1,0,0,1,1,1,0,0,1,0,1,1,0,0,1,1,0,0,0,1,1,0,fitness smartwatch for women with,Premium,0
"punnkfunnk newly launched safeguard 5g/4g kids smart watch with sim calling, gps tracker, video call, sos alerts, face unlock, games, ip67, 800mah battery, voice chat, live location(pink)",3129.0,3.6,240.0,False,,0,0,0,0,1,0,1,0,0,0,0,0,0,0,0,0,0,1,0,0,0,1,punnkfunnk newly launched safeguard 5g/4g,Mid-Range,0
"fire-boltt brillia pro smart watch 2.02″ super amoled display with bluetooth calling, spo₂ & heart rate monitor, 120+ sports modes, ip67 waterproof mesh smartwatch for men & women - black",1899.0,3.7,94.0,True,Limited time deal,1,0,0,1,0,1,1,0,1,0,0,0,1,0,0,1,0,1,0,1,1,0,fire-boltt brillia pro smart watch,Budget,0
"smart watch, smartwatches for men women, 1.85"" hd fitness tracker (answer/make calls), 120+ sport modes, heart rate/sleep monitor, ip68 waterproof fitness watch, smartwatch for android ios (pink)",4413.0,3.9,53.0,True,,0,0,0,0,0,0,0,0,1,0,1,0,0,1,0,1,1,0,0,1,1,0,"smart watch, smartwatches for men",Mid-Range,0
"timex iconnect go 1.38""(3.50 cm) display with functional crown and bt calling smartwatch for unisex - twixw802t",2795.0,4.5,2.0,True,,0,0,0,0,0,0,1,0,0,0,0,0,0,0,0,0,0,0,0,0,0,0,"timex iconnect go 1.38""(3.50 cm)",Budget,0
"fastrack magnus fx3 1.46"" smart watch with single sync bt calling, all-round health monitoring, functional crown, metal alloy case, 60+ sports modes,ip68 water resistant – smartwatch for men (black)",4499.0,3.8,922.0,True,,0,0,0,0,0,0,1,0,0,0,0,0,1,0,0,0,1,0,0,1,0,0,"fastrack magnus fx3 1.46"" smart",Mid-Range,0
"smart watches for women, 1.43"" amoled screen bluetooth call smartwatch, 120+ sports modes fitness tracker, blood oxygen heart rate sleep monitor for android ios black gold 2026",7599.0,4.2,5.0,True,,1,0,0,1,0,1,0,0,1,0,1,1,1,1,0,0,0,0,0,1,1,0,"smart watches for women, 1.43""",Premium,0
"new military outdoor sports smart watch with purple anti-counterfeiting identification light flashlight compass ip68 waterproof bluetooth smartwatch for men women., camouflage green, 1.7 inch",7767.0,4.5,2.0,True,,0,0,0,0,0,1,0,0,0,0,0,0,1,0,0,1,1,0,0,1,1,0,new military outdoor sports smart,Premium,0
"smart fitness d-115 watch for xiaomi redmi 8 original sports touchscreen smart watch bluetooth 1.3"" smart watch led with daily activity tracker, heart rate h sleep monitorer (d-115)",999.0,1.0,1.0,False,,0,0,0,0,0,1,0,0,1,0,1,0,1,0,0,0,0,0,0,0,0,0,smart fitness d-115 watch for,Budget,0
"punnkfunnk h9 smart watch 2.01"" tft display, bluetooth 5.0 with 100+ sports mode, heart rate & blood oxygen monitor, call & message reminders compatible with android & ios, ip67 waterproof(pink)",949.0,3.7,227.0,True,Limited time deal,0,0,0,0,0,1,0,0,1,0,0,1,1,0,0,1,0,1,0,0,0,0,"punnkfunnk h9 smart watch 2.01""",Budget,0
"punnkfunnk q18 kids smart watch, 2g/3g connectivity, two-way calling, voice calling, gps tracker, sos function, camera & water rasistence, smartwatch for kids - boys & girls - (blue)",1349.0,3.5,93.0,True,Limited time deal,0,0,0,0,1,0,1,0,0,0,0,0,0,0,0,0,0,0,0,0,0,1,"punnkfunnk q18 kids smart watch,",Budget,0
"military smart watches for men, 2.01"" hd smartwatch with 1000 mah battery/2 straps/answer/make call/led flashlight/heart rate/sleep monitor, 100+ sport modes for android/iphone (black)",10619.0,4.0,29.0,True,,0,0,0,0,0,0,0,0,1,0,1,0,0,0,0,0,0,0,0,1,0,0,"military smart watches for men,",Premium,0
"fastrack vox neo smart watch with 1.91” curved tft display, rotary crown, offline voice commands,to-do list, bt calling, 24/7 health suite, spo2, hrm, sleep tracking, ip68 water resistant - leafy sage",2159.0,4.2,21.0,True,,0,0,0,0,0,0,1,0,0,1,1,0,0,0,0,0,1,0,0,0,0,0,fastrack vox neo smart watch,Budget,0
"smart watches for men(answer/dial calls),1.43'' amoled always-on display,fitness tracker with heart rate/spo2/sleep monitor,400mah/120 sports modes/ ip68 waterproof military smartwatch for ios android",8116.0,4.0,96.0,True,,1,0,0,1,0,0,0,0,1,1,1,0,1,1,0,1,1,0,0,1,0,0,"smart watches for men(answer/dial calls),1.43''",Premium,0
"crossbeats aura round 1.46"" super amoled smart watch, always on, advanced ai enc bluetooth calling, in-built games, fast charge, rotating crown, 123+ sports modes, 454 × 454 pixel (black, black)",2560.0,3.4,272.0,True,Limited time deal,1,0,0,1,0,1,1,0,0,0,0,0,1,0,0,0,0,0,0,0,0,0,"crossbeats aura round 1.46"" super",Budget,0
"punnkfunnk newly launched fitrivo smart watch 2.01"" curved amoled display, 100+ watch faces, crown control, 100+ sports modes, health tracking, bluetooth calling, ip67, for men & women(grey)",1159.0,3.2,79.0,True,Limited time deal,1,0,0,1,0,1,1,0,0,0,0,0,1,0,0,0,0,1,0,1,1,0,punnkfunnk newly launched fitrivo smart,Budget,0
"smart watches for men, 1.73"" amoled smartwatch with 100 sports modes, heart rate/sleep monitor, bluetooth phone calls, ip67 waterproof,fitness tracker for iphone/android (rb black)",13397.0,4.0,6.0,True,,1,0,0,1,0,1,0,0,1,0,1,0,1,1,0,1,0,1,0,1,0,0,"smart watches for men, 1.73""",Premium,0
"gamesir musk 5g/4g kids smart watch with gps tracker, sim calling, face unlock, video calls, sos alerts, ip67 waterproof, 800mah battery, voice chat, live location(blue)",3129.0,3.6,100.0,True,Limited time deal,0,0,0,0,1,0,1,0,0,0,0,0,0,0,0,1,0,1,0,0,0,1,gamesir musk 5g/4g kids smart,Mid-Range,0
"punnkfunnk newly launched safeguard 5g/4g kids smart watch with sim calling, gps tracker, video call, sos alerts, face unlock, games, ip67, 800mah battery, voice chat, live location(olive green)",3129.0,3.6,240.0,False,,0,0,0,0,1,0,1,0,0,0,0,0,0,0,0,0,0,1,0,0,0,1,punnkfunnk newly launched safeguard 5g/4g,Mid-Range,0
"smart watch for men women(answer/make calls), 1.96"" hd smartwatch, fitness tracker with 110+ sport modes, ip68 waterproof, heart rate/sleep/step monitor, pedometer, activity tracker for android ios",4439.0,4.2,74.0,True,,0,0,0,0,0,0,0,0,1,0,1,0,0,1,0,1,1,0,0,1,1,0,smart watch for men women(answer/make,Mid-Range,0
"punnkfunnk h18 pro smartwatch for men & women | 2.01"" hd tft display | bluetooth calling | heart rate & spo2 monitor | long battery life | ip67 fitness watch with multiple sports modes- (metal silver)",949.0,3.6,12.0,True,,0,0,0,0,0,1,1,0,1,1,0,0,1,0,0,0,0,1,0,1,1,0,punnkfunnk h18 pro smartwatch for,Budget,0
"boat wave sigma 3 w/turn-by-turn navigation, 2.01"" hd display, bluetooth calling, crest+ os, qr tray, watch face studio, coins, emergency sos smart watch for men & women(rustic rose)",1499.0,3.8,4800.0,True,,0,1,0,0,0,1,1,0,0,0,0,0,0,0,0,0,0,0,0,1,1,0,boat wave sigma 3 w/turn-by-turn,Budget,0
"military smartwatch for men,relojes para hombres 100 sports modes(answer/dial calls), ip67 waterproof fitness watch, pressure for android and ios,2.01''hd diy screen smartwatch (black)",7121.0,4.2,20.0,True,,0,0,0,0,0,0,0,0,0,0,0,0,1,0,0,1,0,1,0,1,0,0,"military smartwatch for men,relojes para",Premium,0
"smart watch for men women (built-in gps), bluetooth call smartwatches, amoled display fitness tracker with 3atm waterproof pedometer/calories/heart rate/sleep monitor for ios & android",12929.0,3.9,181.0,True,,1,0,0,1,1,1,0,0,1,0,1,0,0,1,0,1,0,0,0,1,1,0,smart watch for men women,Premium,0
"gamesir gendiva smartwatch for women with bluetooth calling, 1.69” amoled display, 100+ sports modes, health & sleep monitor, voice assistant, ip68 waterproof, long battery life,(maroon)",1299.0,3.8,41.0,True,Limited time deal,1,0,0,1,0,1,1,0,0,0,1,0,1,0,0,1,1,0,0,1,1,0,gamesir gendiva smartwatch for women,Budget,0
"boat storm infinity plus w/20 days extensive battery life, huge 680 mah, only charge once a month, 1.96"" display, functional crown, multiple sports modes, smart watch for man & woman (sports black)",1699.0,4.0,873.0,True,,0,0,0,0,0,0,0,0,0,0,0,0,1,0,0,0,0,0,0,0,0,0,boat storm infinity plus w/20,Budget,0
"punnkfunnk glavito round dial smartwatch 1.49"" amoled display, 100+ sports modes, health tracking, bluetooth calling, functional crown control, 100+ watch faces for men & women (millanese silver)",1206.0,2.9,32.0,True,,1,0,0,1,0,1,1,0,0,0,0,0,1,0,0,0,0,0,0,1,1,0,punnkfunnk glavito round dial smartwatch,Budget,0
"punnkfunnk musk safeguard 5g/4g kids smart watch with sim calling, gps tracker, video call, sos alerts, face unlock, games, ip67, 800mah battery, voice chat, maps(black)",2899.0,3.8,28.0,True,,0,0,0,0,1,0,1,0,0,0,0,0,0,0,0,0,0,1,0,0,0,1,punnkfunnk musk safeguard 5g/4g kids,Budget,0
"gamesir h20 pro combo 1.5"" smartwatch for men & women with bluetooth calling, 100h battery, gps, health monitoring, 5 straps, tws earbuds, ip68 waterproof, android & ios compatible(black)",1399.0,3.0,4.0,True,Limited time deal,0,0,0,0,1,1,1,0,0,0,0,0,0,0,0,1,1,0,0,1,1,0,"gamesir h20 pro combo 1.5""",Budget,0
"gamesir evo vista premium metal smartwatch, 1.3” hd display bluetooth calling, fitness & sleep tracker, 100+ sports modes, ip67 waterproof compatible with android & ios (maroon)",1399.0,3.3,133.0,True,Limited time deal,0,1,0,0,0,1,1,0,0,0,1,0,1,0,0,1,0,1,0,0,0,0,gamesir evo vista premium metal,Budget,0
"punnkfunnk h9 metal smart watch 2.01"" tft display, bluetooth 5.0 with 100+ sports mode, heart rate & blood oxygen monitor, call & message reminders compatible with android & ios (metal grey)",979.0,3.7,227.0,True,Limited time deal,0,0,0,0,0,1,0,0,1,0,0,1,1,0,0,0,0,0,0,0,0,0,punnkfunnk h9 metal smart watch,Budget,0
"playzoom 2 kids smartwatch & headphones - video camera selfies stem learning educational fun games, mp3 music player audio books touch screen sports digital watch gift for kids toddlers boys girls",9800.0,4.0,89.0,True,,0,0,0,0,0,0,0,0,0,0,0,0,1,0,0,0,0,0,0,0,0,1,playzoom 2 kids smartwatch &,Premium,0
"smart watch(answer/make call), 1.96"" hd smartwatch for men women, 2025 fitness watch with 110+ sport modes/heart rate/sleep monitor/pedometer, ip68 waterproof fitness activity tracker for android ios",3961.0,4.0,30.0,True,,0,0,0,0,0,0,0,0,1,0,1,0,0,0,0,1,1,0,0,1,1,0,"smart watch(answer/make call), 1.96"" hd",Mid-Range,0
"smart watch, 2.01” hd smart watches for women, fitness tracker watch with blood pressure/heart rate/sleep monitor, bluetooth 5.2 smartwatch for android/ios phones, ip67 waterproof sport watch (pink)",4923.0,4.1,405.0,True,,0,0,0,0,0,1,0,0,1,0,1,0,0,1,0,1,0,1,0,1,1,0,"smart watch, 2.01” hd smart",Mid-Range,0
"meplay kids smart watch m1 - sim enabled works with airtel, vi & bsnl/mtnl, 2-way voice calling, class mode, sos, long lasting battery(berry blue)",1173.0,3.0,24.0,True,,0,0,0,0,0,0,1,0,0,0,0,0,0,0,0,0,0,0,0,0,0,1,meplay kids smart watch m1,Budget,0
"smart fitness d-115 watch for xiaomi mi 10 5g original sports touchscreen smart watch bluetooth 1.3"" smart watch led with daily activity tracker, heart rate h sleep monitorer (d-115)",999.0,2.6,3.0,False,,0,0,0,0,0,1,0,0,1,0,1,0,1,0,0,0,0,0,0,0,0,0,smart fitness d-115 watch for,Budget,0
smartwatch for women compatible for android/ios phones. health and fitness tracker with heart rate blood pressure bluetooth remote photography female menstrual cycle,15627.0,3.6,19.0,True,,0,0,0,0,0,1,0,0,1,0,0,0,0,1,0,0,0,0,0,1,1,0,smartwatch for women compatible for,Premium,0
"smart watch with earbuds, 2 in 1 bluetooth smart watch, 1.85"" hd ips screen smartwatch for men women, fitness tracker long time standby men women sports smartwatch",13184.0,4.1,12.0,True,,0,0,0,0,0,1,0,0,0,0,0,0,1,1,0,0,0,0,0,1,1,0,"smart watch with earbuds, 2",Premium,0
"fire-boltt glitz women smart watch with 1.19” amoled display, bluetooth calling, rotating crown, always on display, 1000 nits brightness, ip68 waterproof pearl white",1999.0,4.1,1100.0,True,Limited time deal,1,0,0,1,0,1,1,0,0,0,0,0,0,0,0,1,1,0,0,1,1,0,fire-boltt glitz women smart watch,Budget,1
"rugged smart watches for men, fitness tracker smartwatch for android/iphone, 1.91"" hd screen bluetooth answer/make calls, ip68 waterproof, ai assistant, heart rate/spo₂/sleep monitor, titanium gray",5612.0,3.0,6.0,True,,0,0,0,0,0,1,0,0,1,0,1,0,0,1,0,1,1,0,0,1,0,0,"rugged smart watches for men,",Mid-Range,0
"fire-boltt glitz women smart watch with 1.19” amoled display, bluetooth calling, rotating crown, always on display, 1000 nits brightness, ip68 waterproof gold",2499.0,4.1,1100.0,True,,1,0,0,1,0,1,1,0,0,0,0,0,0,0,0,1,1,0,0,1,1,0,fire-boltt glitz women smart watch,Budget,1
"fire-boltt brillia smart watch 2.02” super amoled display, bluetooth calling, spo2, heart rate monitor, 120+ sports modes, fitness tracker, voice assistant, smart watch for man & women",1618.0,4.0,23100.0,True,,1,0,0,1,0,1,1,0,1,1,0,0,1,1,0,0,0,0,0,1,1,0,fire-boltt brillia smart watch 2.02”,Budget,1
"gamesir active 2 smartwatch for men & women, 1.39” hd round display, bluetooth calling, heart rate & spo₂, 100+ sports modes, ip67, long battery life for android & ios (metal gold)",1499.0,4.5,16.0,True,,0,0,0,0,0,1,1,0,1,0,0,0,1,0,0,0,0,1,0,1,1,0,gamesir active 2 smartwatch for,Budget,0
"gamesir genquella premium smartwatch for women & girls, bluetooth calling, 1.69” amoled hd display, 100+ fitness modes, spo₂ & sleep monitor, custom watch faces, ip68 waterproof, stylish design(green)",1299.0,3.8,31.0,True,Limited time deal,1,1,0,1,0,1,1,0,0,0,1,0,0,0,0,1,1,0,0,1,1,0,gamesir genquella premium smartwatch for,Budget,0
"hammer active 2.0 1.95"" display bluetooth calling smart watch with metal body, in-built games, wireless charging, aod, 600 nits brightness (blue)",1499.0,3.6,25.0,True,,0,0,0,0,0,1,1,0,0,0,0,0,0,0,0,0,0,0,0,0,0,0,"hammer active 2.0 1.95"" display",Budget,0
"fastrack marvellous fx1 1.43"" amoled smart watch with spo2 monitoring, sleep & mood tracking, bluetooth calling, ai voice assistant, alloy case – smartwatch for men & women (gun grey)",5999.0,3.8,922.0,False,,1,0,0,1,0,1,1,0,0,1,1,0,0,0,0,0,0,0,0,1,1,0,"fastrack marvellous fx1 1.43"" amoled",Mid-Range,0
"military smart watch for men with gps, 5atm waterproof, 500mah battery, compass & altimeter, 170+ sports modes, health/sleep monitor, 1.43'' amoled smartwatch with bluetooth call for android ios",9381.0,3.8,14.0,True,,1,0,0,1,1,1,0,0,0,0,1,0,1,0,0,1,0,0,1,1,0,0,military smart watch for men,Premium,0
"punnkfunnk newly launched safeguard 5g/4g kids smart watch with sim calling, gps tracker, video call, sos alerts, face unlock, games, ip67, 800mah battery, voice chat, live location(black)",3129.0,3.6,240.0,False,,0,0,0,0,1,0,1,0,0,0,0,0,0,0,0,0,0,1,0,0,0,1,punnkfunnk newly launched safeguard 5g/4g,Mid-Range,0
fastrack reflex beat+ 1.69 ultravu display|500 nits brightness|60 sports modes|24 * 7 heart rate monitor|spo2 monitor|sleep tracker|ip68 water resistant|music & camera control,1799.0,3.9,3600.0,True,,0,0,0,0,0,0,0,0,1,1,1,0,1,0,0,0,1,0,0,0,0,0,fastrack reflex beat+ 1.69 ultravu,Budget,0
"accutime kids dc comics batman superman wonder woman justice league educational learning touchscreen smart watch for boys, girls and toddlers - selfie cam, learning games,alarm,calculator pedometer",3631.0,4.4,2000.0,True,,0,0,0,0,0,0,0,0,0,0,0,0,0,0,0,0,0,0,0,0,0,1,accutime kids dc comics batman,Mid-Range,1
"punnkfunnk kids smart watch 1.44"" tft display, 4g sim card phone with long-lasting voice call, kids gps, music player, alarm clock, games, & ip67 waterproof(black)(made by melbon)",1349.0,2.8,191.0,True,,0,0,0,0,1,0,0,0,0,0,0,0,0,0,0,1,0,1,0,0,0,1,"punnkfunnk kids smart watch 1.44""",Budget,0
"miracle digital smartwatch for men with bluetooth calling – 1.46"" hd screen, ai assistant, 30-day battery, health monitoring, 100+ sports modes, ipx68 waterproof, silver strap, android/ios",1929.0,3.6,36.0,True,Limited time deal,0,0,0,0,0,1,1,0,0,0,0,0,1,0,0,1,0,0,0,1,0,0,miracle digital smartwatch for men,Budget,0
pebble endure 2 1.43” amoled smartwatch with always-on display | rotating crown | bt calling | health suite | premium rugged build | multiple sports modes| diy watch faces | step tracker (blue),2999.0,4.0,393.0,True,Limited time deal,1,0,0,1,0,0,1,0,0,0,0,0,1,0,0,0,0,0,0,0,0,0,pebble endure 2 1.43” amoled,Budget,0
"gamesir fitrivo silver dial smart watch combo 2.01"" amoled display with 4 straps, bluetooth calling, ip67, crown control, 100+ sports modes, spo₂ & health tracking, for men & women (silver dial)",1690.0,4.4,18.0,True,Limited time deal,1,0,0,1,0,1,1,0,0,0,0,0,1,0,0,0,0,1,0,1,1,0,gamesir fitrivo silver dial smart,Budget,0
punnkfunnk nexoro 1.96” smartwatch for men & women | bluetooth calling | heart rate | spo2 | sleep & fitness tracker | 100+ sports modes | ip67 | compatible with android & iphone - (dark blue),949.0,3.3,144.0,True,,0,0,0,0,0,1,1,0,1,1,1,0,1,1,0,0,0,1,0,1,1,0,punnkfunnk nexoro 1.96” smartwatch for,Budget,0
"nervfit orion s1 1.43"" truecolor+amoled+aod, functional crown control, bluetooth calling, ai voice assistant, ip68 waterproof, heart rate & spo2 monitor, & 100+ sports modes (midnight black silicone)",2299.0,4.1,60.0,True,,1,0,0,1,0,1,1,0,1,1,0,0,1,0,0,1,1,0,0,0,0,0,"nervfit orion s1 1.43"" truecolor+amoled+aod,",Budget,0
"cubitt jr. smartwatch fitness tracker for kids and teens with games, step counter, sleep monitor, heart rate monitor, calculator, activity tracking, 1.75"" amoled touchscreen, waterproof – dusty lilac",10487.0,4.4,126.0,True,,1,0,0,1,0,0,0,0,1,0,1,0,0,1,1,1,0,0,0,0,0,1,cubitt jr. smartwatch fitness tracker,Premium,0
punnkfunnk nexoro 2.01” smartwatch for men & women | bluetooth calling | heart rate | spo2 | sleep & fitness tracker | 100+ sports modes | ip67 | compatible with android & iphone - (light green),949.0,3.3,144.0,True,Limited time deal,0,0,0,0,0,1,1,0,1,1,1,0,1,1,0,0,0,1,0,1,1,0,punnkfunnk nexoro 2.01” smartwatch for,Budget,0
"fire-boltt phoenix aura women smart watch with 1.26” diamond-cut hd display, rotating crown, wireless charging, bluetooth calling, voice assistant, 120+ sports modes - white rosé",1699.0,4.1,1700.0,True,,0,1,0,0,0,1,1,0,0,0,0,0,1,0,0,0,0,0,0,1,1,0,fire-boltt phoenix aura women smart,Budget,1
"vibez majestic luxury smartwatch for women & men - stainless steel strap, 1.83""display, high resolution, 60 sports modes,100+ watch faces, long battery & bluetooth calling smart watch for women & men",1199.0,2.8,190.0,True,,0,0,0,0,0,1,1,0,0,0,0,0,1,0,0,0,0,0,0,1,1,0,vibez majestic luxury smartwatch for,Budget,0
"gamesir h20 silver dial smart watch combo 1.49"" amoled display with 4 straps, bluetooth calling, ip67, crown control, 100+ sports modes, spo₂ & health tracking, for men & women (silver dial)",1690.0,4.4,18.0,True,,1,0,0,1,0,1,1,0,0,0,0,0,1,0,0,0,0,1,0,1,1,0,gamesir h20 silver dial smart,Budget,0
"punnkfunnk glavito round dial smartwatch 1.49"" amoled display, bluetooth calling, functional crown control, 100+ sports modes, ip67, health tracking, 100+ watch faces for men & women (metal gold)",1199.0,2.9,32.0,True,,1,0,0,1,0,1,1,0,0,0,0,0,1,0,0,0,0,1,0,1,1,0,punnkfunnk glavito round dial smartwatch,Budget,0
"smart watch for men women, 2026 smartwatch(answer/make call) , 1.91"" new fitness watch with 120+ sport modes, fitness tracke with pedometer/sleep monitor/heart rate/ip68 waterproof, for android/iphone",4896.0,4.2,173.0,True,,0,0,0,0,0,0,0,0,1,0,1,0,0,0,0,1,1,0,0,1,1,0,"smart watch for men women,",Mid-Range,0
"casio g-shock g-squad athleisure series digital men's smartwatch (gbd-100-1dr, g1040)",12396.0,4.1,170.0,True,,0,0,0,0,0,0,0,0,0,0,0,0,0,0,0,0,0,0,0,1,0,0,casio g-shock g-squad athleisure series,Premium,0
"pebble junior 4g kids smartwatch | gps safety tracking, parental control, sos, video & voice calling | free detachable cover & strap | large display",4499.0,3.2,30.0,True,,0,0,0,0,1,0,1,0,0,0,0,0,0,0,0,0,0,0,0,0,0,1,pebble junior 4g kids smartwatch,Mid-Range,0
"sekyo 'spark' kids smart watch | activity tracker, games, class mode, parent control app, good habit app, waterproof, alarm, calculator, calendar, flashlight, stopwatch | best gift for kids/boys/girls",2390.0,4.2,24.0,True,,0,0,0,0,0,0,0,0,0,0,0,0,0,0,0,1,0,0,0,0,0,1,sekyo 'spark' kids smart watch,Budget,0
"smart watch for men women(answer/make call), smartwatches with heart rate/spo2/sleep/stress monitor, ip68 waterproof activity tracker for android iphone, 100+ sports fitness watch (silver, 2.01"")",5481.0,4.2,979.0,True,,0,0,0,0,0,0,0,0,1,1,1,0,1,0,0,1,1,0,0,1,1,0,smart watch for men women(answer/make,Mid-Range,0
smart watch with earbuds 3 in 1 round fitness tracker 1.28inch smartwatch for men answer/make call speaker recording sleep monitor sports smart watch long time standby,15303.0,3.8,784.0,True,,0,0,0,0,0,0,0,0,0,0,1,0,1,1,0,0,0,0,0,1,0,0,smart watch with earbuds 3,Premium,0
"toobur small smart watch for women, 1.1'' amoled screen smartwatch, compatible android & ios phones, answer/make calls, fitness tracker with heart rate/step/calories monitor, ip68 waterproof, pink",12020.0,4.0,240.0,True,,1,0,0,1,0,0,0,0,1,0,0,0,0,1,0,1,1,0,0,1,1,0,toobur small smart watch for,Premium,0
"vtech kidizoom smartwatch dx3, purple",14164.0,4.6,380.0,True,,0,0,0,0,0,0,0,0,0,0,0,0,0,0,0,0,0,0,0,0,0,0,"vtech kidizoom smartwatch dx3, purple",Premium,0
"punnkfunnk genquira smartwatch for women with bluetooth calling, 1.69"" hd amoled display, health & fitness tracker with spo2, heart rate, 100+ sports modes, ip67 for android & iphone(skyblue)",1239.0,4.0,185.0,True,Limited time deal,1,0,0,1,0,1,1,0,1,1,0,0,1,1,0,0,0,1,0,1,1,0,punnkfunnk genquira smartwatch for women,Budget,0
"amoled 1.75"" smart watch for men (answer/make calls),lightweight 100+ sport modes fitness watchs with sleep monitor, health monitor men's smartwatch for android phones iphone(2 bands)",4918.0,3.9,8.0,True,,1,0,0,1,0,0,0,0,0,0,1,0,0,0,0,0,0,0,0,1,0,0,"amoled 1.75"" smart watch for",Mid-Range,0
"fire-boltt legacy luxury round smart watch 1.43″ super amoled,bluetooth calling,wireless charging,voice assistant,spo₂ & heart rate monitor,110+ sports modes,metal smart watch for men & women - silver",1899.0,3.8,2200.0,True,Limited time deal,1,0,0,1,0,1,1,0,1,0,0,0,1,0,0,0,0,0,0,1,1,0,fire-boltt legacy luxury round smart,Budget,0
"pebble newly launched cosmos ultra 2.0 smartwatch for men & women 1.91” infinite display, bluetooth calling, sleek ultra-thin design fitness & sleep monitor works with android & ios - obsidian black",1999.0,3.8,49.0,True,Limited time deal,0,0,0,0,0,1,1,0,0,0,1,0,0,0,0,0,0,0,0,1,1,0,pebble newly launched cosmos ultra,Budget,0
"fastrack limitless fs2 classic smart watch, 1.83” tft display, 240 * 284 pixel resolution, singlesync bt calling, ai voice assistant, 100+ sports modes & smartwatch faces, ip68 (gun)",2299.0,3.9,168.0,True,,0,0,0,0,0,0,1,0,0,0,0,0,1,0,0,0,1,0,0,0,0,0,fastrack limitless fs2 classic smart,Budget,0
"timex smart neo 1.43""(3.6cm) amoled display with bt calling smartwatch for unisex - twtxw1204t",5294.0,1.0,1.0,True,,1,0,0,1,0,0,1,0,0,0,0,0,0,0,0,0,0,0,0,0,0,0,"timex smart neo 1.43""(3.6cm) amoled",Mid-Range,0
"smart watch for man women with bluetooth call, android ＆ ios compatible 1.96"" amoled touchscreen ai voice fitness tracker heart rate/sleep/spo2/stress monitor pedometer, 120+ sport modes",2500.0,4.0,16.0,True,,1,0,0,1,0,1,0,0,1,1,1,0,0,1,0,0,0,0,0,1,1,0,smart watch for man women,Budget,0
"kids smartwatch, ages 3-12 | gps tracker & phone watch with two-way calling, text messaging, sos alert, camera, school mode, safety tracker – blue",12302.0,3.8,23.0,True,,0,0,0,0,1,0,1,0,0,0,0,0,0,0,0,0,0,0,0,0,0,1,"kids smartwatch, ages 3-12 |",Premium,0
"gamesir active 5 max round smart watch hd display 1.3"" screen ip68 waterproof, sunlight resistance bluetooth calling, multi features round dial wireless charging smart watch for men & women (pink)",1549.0,3.1,159.0,False,,0,1,0,0,0,1,1,0,0,0,0,0,0,0,0,1,1,0,0,1,1,0,gamesir active 5 max round,Budget,0
"noise twist round dial smart watch with bluetooth calling, 1.38"" tft display, up-to 7 days battery,",2298.0,3.0,1.0,False,,0,0,0,0,0,1,1,0,0,0,0,0,0,0,0,0,0,0,0,0,0,0,noise twist round dial smart,Budget,0
"military smart watch for men(answer/make call), outdoor sports smartwatch with flashlight/100 days battery/compass/heart rate/spo2/sleep monitor/2 straps, fitness tracker for iphone/android phones",13160.0,4.1,1200.0,True,,0,0,0,0,0,0,0,0,1,1,1,0,1,1,0,0,0,0,0,1,0,0,military smart watch for men(answer/make,Premium,1
"4g kids smart watch boys with gps tracker & video calling kids cell phone watch age 5-12,one-key sos call voice chat camera alarm clock hd touch screen gps smart watch gifts for kids (blue)",3949.0,3.7,32.0,True,,0,0,0,0,1,0,1,0,0,0,0,0,0,0,0,0,0,0,0,0,0,1,4g kids smart watch boys,Mid-Range,0
"gamesir genquira elegant smartwatch for women with call function, amoled touchscreen, 24/7 wellness monitoring, voice assistant, long battery life, ip68 water resistant android support(grey)",1299.0,3.5,25.0,True,Limited time deal,1,0,0,1,0,0,0,0,0,0,0,0,0,0,0,0,1,0,0,1,1,0,gamesir genquira elegant smartwatch for,Budget,0
"poounur smart watch, 1.95"" smartwatch for men women(answer/make call), fitness watch with 110+ sports modes/heart rate/sleep monitor",5168.0,4.0,24.0,True,,0,0,0,0,0,0,0,0,1,0,1,0,1,0,0,0,0,0,0,1,1,0,"poounur smart watch, 1.95"" smartwatch",Mid-Range,0
punnkfunnk tracknova 4g/5g kids smart watch | hd video call | live gps tracking | app control | safe zone & sos | games | family chat | 800mah long battery | facelock | safety watch for kids - (blue),3049.0,3.4,49.0,True,Limited time deal,0,0,0,0,1,0,0,0,0,0,0,0,0,0,0,0,0,0,0,0,0,1,punnkfunnk tracknova 4g/5g kids smart,Mid-Range,0
"skmei smartwatch bluetooth call for android & ios for men's fitness tracker with heart rate, blood pressure & sleep monitor, ip68 waterproof, long battery life - s232 (black steel band)",2449.0,2.5,3.0,True,,0,0,0,0,0,1,0,0,1,0,1,0,0,1,0,1,1,0,0,1,0,0,skmei smartwatch bluetooth call for,Budget,0
"alpha smartwatch with bluetooth calling, 1.7"" full touch color display, 24/7 heart rate tracking, spo2, multiple faces, 10-12 days runtime, sleep/health/fitness trackers(gray)",1052.0,4.5,4.0,True,,0,0,0,0,0,1,1,0,1,1,1,0,0,1,0,0,0,0,0,0,0,0,"alpha smartwatch with bluetooth calling,",Budget,0
"boat storm infinity plus w/20 days extensive battery life, huge 680 mah, only charge once a month, 1.96"" display, functional crown, multiple sports modes, smart watch for man & woman (sports white)",1699.0,4.0,873.0,True,,0,0,0,0,0,0,0,0,0,0,0,0,1,0,0,0,0,0,0,0,0,0,boat storm infinity plus w/20,Budget,0
"parsonver smart watch for men women, built-in gps, fitness watch with answer/make calls, 100+ sport modes, heart rate, sleep monitor, pedometer, ip68 waterproof, smartwatch for android & iphone, black",9574.0,4.1,433.0,True,,0,0,0,0,1,0,0,0,1,0,1,0,0,0,0,1,1,0,0,1,1,0,parsonver smart watch for men,Premium,0
"smart fitness d-115 watch for realme 11x original sports touchscreen smart watch bluetooth 1.3"" smart watch led with daily activity tracker, heart rate n sleep monitorer (d-115)",999.0,1.0,1.0,False,,0,0,0,0,0,1,0,0,1,0,1,0,1,0,0,0,0,0,0,0,0,0,smart fitness d-115 watch for,Budget,0
"punnkfunnk q18 kids smart watch, 2g/3g connectivity, two-way calling, voice calling, gps tracker, sos function, camera & water rasistence, smartwatch for kids - boys & girls - (pink)",1349.0,3.5,93.0,True,Limited time deal,0,0,0,0,1,0,1,0,0,0,0,0,0,0,0,0,0,0,0,0,0,1,"punnkfunnk q18 kids smart watch,",Budget,0
"fastrack nitro pro premium smartwatch with 1.85"" amoled display with aod|390x450 pixels|singlesync bt calling|functional crown|100+ sports modes|ai coach|ai voice assistant|24x7 health suite",2499.0,2.7,6.0,True,,1,0,0,1,0,0,1,0,0,0,0,0,1,0,0,0,0,0,0,0,0,0,fastrack nitro pro premium smartwatch,Budget,0
"fastrack noir charm women smart watch 1.65"" inch amoled display,sleek design,ai watchface & ai chat,functional crown,24/7 health suite,bt calling,spo2,hrm,ip68, multiple menu styles,games - black",4999.0,3.6,71.0,True,,1,0,0,1,0,0,1,0,0,1,0,0,0,0,0,0,1,0,0,1,1,0,fastrack noir charm women smart,Mid-Range,0
"gamesir active 5 smart watch amoled display 1.3"" screen, 360 * 360 resolution, ip68 waterproof with multiple watch faces bluetooth calling round dial smartwatch for men & women(light green)",1286.0,3.1,159.0,True,,1,0,0,1,0,1,1,0,0,0,0,0,0,0,0,1,1,0,0,1,1,0,gamesir active 5 smart watch,Budget,0
"punnkfunnk genquella smartwatch for women with bluetooth calling, 1.69"" hd touchscreen, heart rate spo2 sleep tracker, 100+ sports modes, ip67 fitness watch for android iphone(rose gold plain)",1329.0,3.2,32.0,True,Limited time deal,0,0,0,0,0,1,1,0,1,1,1,0,1,0,0,0,0,1,0,1,1,0,punnkfunnk genquella smartwatch for women,Budget,0
"nervfit activ pro smart watch 1.39'' truecolor+ led display, bluetooth calls, heart rate, spo2, bp, calorie, step count, camera & music control",2099.0,4.1,60.0,True,,0,0,0,0,0,1,0,0,1,1,0,0,0,0,0,0,0,0,0,0,0,0,nervfit activ pro smart watch,Budget,0
"boat wave sigma 3 w/turn-by-turn navigation, 2.01"" hd display, bluetooth calling, crest+ os, qr tray, watch face studio, coins, emergency sos smart watch for men & women(cool grey)",1499.0,3.8,4800.0,True,,0,1,0,0,0,1,1,0,0,0,0,0,0,0,0,0,0,0,0,1,1,0,boat wave sigma 3 w/turn-by-turn,Budget,0
"fastrack reflex beat pro smart watch|large 1.75"" super ultravu display|highest 320x390 pixel resolution|singlesync bt calling|110+ sports modes|nitrofast charging|calculator|passcode protection, blue",2495.0,3.7,31.0,False,,0,0,0,0,0,0,1,0,0,0,0,0,1,0,0,0,0,0,0,0,0,0,fastrack reflex beat pro smart,Budget,0
x10 smart watch with earbuds for iphone android smartphones 1.39 inch round bluetooth call smartwatch fitness tracker all-in-one smartwatches long time standby tws music watch for men women (silver),9699.0,4.3,10.0,True,,0,0,0,0,0,1,0,0,0,0,0,0,0,1,0,0,0,0,0,1,1,0,x10 smart watch with earbuds,Premium,0
"gamesir evo vista premium metal smartwatch, 1.3” hd display bluetooth calling, fitness & sleep tracker, 100+ sports modes, ip67 waterproof compatible with android & ios (light green)",1367.0,3.3,133.0,True,,0,1,0,0,0,1,1,0,0,0,1,0,1,0,0,1,0,1,0,0,0,0,gamesir evo vista premium metal,Budget,0
"punnkfunnk h9 smart watch 2.01"" tft display, bluetooth 5.0 with 100+ sports mode, heart rate & blood oxygen monitor, call & message reminders compatible for android & ios, ip67 waterproof(black)",949.0,3.7,227.0,True,Limited time deal,0,0,0,0,0,1,0,0,1,0,0,1,1,0,0,1,0,1,0,0,0,0,"punnkfunnk h9 smart watch 2.01""",Budget,0
"smart watch for men with answer/make call 100+ sports modes fitness smart watch, ip68 waterproof 30 days extra-long battery smartwatch for android and ios silver",6539.0,4.0,875.0,True,,0,0,0,0,0,0,0,0,0,0,0,0,1,0,0,1,1,0,0,1,0,0,smart watch for men with,Mid-Range,0
"gamesir newest & luxury round dial gen 12 smart watch golden chain 1.69"" amoled display with high resolutions bluetooth calling multiple watch faces & sports mode smartwatch for women & men (green)",1299.0,3.4,45.0,True,Limited time deal,1,0,0,1,0,1,1,0,0,0,0,0,1,0,0,0,0,0,0,1,1,0,gamesir newest & luxury round,Budget,0
"gamesir active 2 smartwatch for men & women with 1.39” hd round display, bluetooth calling, heart rate & spo₂ monitor, 100+ sports modes, ip67, long battery life for android & ios (light green)",1499.0,4.5,16.0,True,,0,0,0,0,0,1,1,0,1,0,0,0,1,0,0,0,0,1,0,1,1,0,gamesir active 2 smartwatch for,Budget,0
"smartwatch for men with bluetooth calling,1.85” hd display fitness tracker with 100+ sports modes, ip68 waterproof rugged military heart rate monitor built-in led flashlight smartwatch for android ios",8593.0,4.4,12.0,True,,0,1,0,0,0,1,1,0,1,0,0,0,1,1,0,1,1,0,0,1,0,0,smartwatch for men with bluetooth,Premium,0
"gamesir gendiva smartwatch for women with bluetooth calling, 1.69” amoled display, 100+ sports modes, health & sleep monitor, voice assistant, ip68 waterproof, long battery life, (grey)",1299.0,3.8,41.0,True,Limited time deal,1,0,0,1,0,1,1,0,0,0,1,0,1,0,0,1,1,0,0,1,1,0,gamesir gendiva smartwatch for women,Budget,0
"gamesir premium luxurious gen 12 smartwatch, hd display, activity tracker, bluetooth calling, customizable watch faces, water resistant smartwatch for women & girls (rose gold)",1419.0,2.0,2.0,True,,0,1,0,0,0,1,1,0,0,0,0,0,0,0,0,0,0,0,0,1,1,0,gamesir premium luxurious gen 12,Budget,0
"timex iconnect navigator 1.83""(4.6cm) display with turn by turn navigation & bt calling smartwatch for unisex - twixw904t",2694.0,2.5,2.0,True,,0,0,0,0,0,0,1,0,0,0,0,0,0,0,0,0,0,0,0,0,0,0,"timex iconnect navigator 1.83""(4.6cm) display",Budget,0
"turbo bluetooth calling smartwatch with snap sync, 1.85 prima 2.5d curved display, 450 nits brightness, health tracker, custom smart watch faces & rotating functional crown - silver black",1452.0,3.6,57.0,True,,0,0,0,0,0,1,1,0,0,0,0,0,0,0,0,0,0,0,0,0,0,0,turbo bluetooth calling smartwatch with,Budget,0
"aeac smart watch for women, amoled ultra-clear screen activity trackers with heart rate/sleep/spo2 monitor, smartwatch for iphone/samsung/android, 110+ sport modes waterproof",11393.0,4.8,13.0,True,,1,0,0,1,0,0,0,0,1,1,1,0,0,0,0,1,0,0,0,1,1,0,"aeac smart watch for women,",Premium,0
"cellular medical alert smart watch with emergency button for elderly, 24/7 monitoring, fall detection for seniors, water-resistant watch with 2-way communication, gps tracking, heart rate monitor",8262.0,3.7,115.0,True,,0,0,0,0,1,0,0,0,1,0,0,0,0,0,0,0,0,0,0,0,0,0,cellular medical alert smart watch,Premium,0
"gamesir musk pro 5g/4g kids smart watch with gps tracker, sim calling, video calls, sos alerts, ip67 water rasistance, 800mah battery, voice chat, live location (gray)",3129.0,3.7,56.0,True,Limited time deal,0,0,0,0,1,0,1,0,0,0,0,0,0,0,0,0,0,1,0,0,0,1,gamesir musk pro 5g/4g kids,Mid-Range,0
"punnkfunnk musk safeguard 5g/4g kids smart watch with sim calling, gps tracker, video call, sos alerts, face unlock, games, ip67, 800mah battery, voice chat, maps(blue)",2899.0,3.8,28.0,True,,0,0,0,0,1,0,1,0,0,0,0,0,0,0,0,0,0,1,0,0,0,1,punnkfunnk musk safeguard 5g/4g kids,Budget,0
"voice recorder smart watch, fitness tracker with heart rate monitor, sleep monitor, mp3, waterproof pedometer step calories smartwatch for android & iphone",12374.0,3.8,11.0,True,,0,0,0,0,0,0,0,0,1,0,1,0,0,1,0,1,0,0,0,0,0,0,"voice recorder smart watch, fitness",Premium,0
"military smart watches for men with bluetooth call, 1.6"" amoled waterproof smartwatch with flashlight, 116 sport modes, 600mah heart rate/spo2/sleep monitor fitness tracker for android ios",11499.0,4.2,6.0,True,,1,0,0,1,0,1,0,0,1,1,1,0,0,1,0,1,0,0,0,1,0,0,military smart watches for men,Premium,0
"fastrack ella women smart watch with 1.2"" inch amoled display,patterned bezel,ai watchface & ai chat,functional crown,24/7 health suite,bt calling,spo2,hrm,ip68, multiple menu styles,games - black",5999.0,3.5,2.0,True,,1,0,0,1,0,0,1,0,0,1,0,0,0,0,0,0,1,0,0,1,1,0,fastrack ella women smart watch,Mid-Range,0
"fire-boltt phoenix aura women smart watch with 1.26” diamond-cut hd display, rotating crown, wireless charging, bluetooth calling, voice assistant, 120+ sports modes - lavender mist",1699.0,4.1,1700.0,True,Limited time deal,0,1,0,0,0,1,1,0,0,0,0,0,1,0,0,0,0,0,0,1,1,0,fire-boltt phoenix aura women smart,Budget,1
"smart watches for men women, 1.39""hd touch screen smartwatch with bluetooth calls and dialing function, 112+ sports modes fitness tracker with usb-c fast charging, smartwatch for android ios. rosegold",4633.0,4.1,95.0,True,,0,0,0,0,0,1,0,0,0,0,0,0,1,1,0,0,0,0,0,1,1,0,"smart watches for men women,",Mid-Range,0
"gamesir musk pro 5g/4g kids smart watch with gps tracker, sim calling, face unlock, video calls, sos alerts, ip67 waterproof, 800mah battery, voice chat, live location(main -colour) (pink)",3129.0,3.7,56.0,True,Limited time deal,0,0,0,0,1,0,1,0,0,0,0,0,0,0,0,1,0,1,0,0,0,1,gamesir musk pro 5g/4g kids,Mid-Range,0
"punnkfunnk active 2 smartwatch, 1.39” hd round display, bluetooth calling, heart rate & spo₂, 100+ sports modes, ip67, long battery life for men & women (magnetic dark blue)",1489.0,3.5,8.0,True,Limited time deal,0,0,0,0,0,1,1,0,1,0,0,0,1,0,0,0,0,1,0,1,1,0,"punnkfunnk active 2 smartwatch, 1.39”",Budget,0
"fitpolo smart watch for men women,1.3"" amoled touchscreen fitness tracker, make/answer calls, heart rate spo2 monitor, ip68 waterproof, sleep & activity tracking smartwatch for android phones iphone",13184.0,4.2,490.0,True,,1,0,0,1,0,0,0,0,1,1,1,0,0,1,0,1,1,0,0,1,1,0,fitpolo smart watch for men,Premium,0
"muse grandeur milanese edition hybrid smartwatch for men & women with bluetooth connectivity, step counter, sleep monitoring, 5atm water resistant (40mm, shiny silver green)",8599.0,4.3,21.0,True,,0,0,0,0,0,1,0,0,0,0,1,0,0,0,1,0,0,0,1,1,1,0,muse grandeur milanese edition hybrid,Premium,0
"gamesir q18 kids smart watch 1.44"" tft display 3g / 4g sim support, learning & gaming apps, gift watch, waterproof, lbs tracking/gps, 2 way calling smart watch for boys & girls (purple)",1339.0,3.0,245.0,True,,0,0,0,0,1,0,1,0,0,0,0,0,0,0,0,1,0,0,0,0,0,1,gamesir q18 kids smart watch,Budget,0
"noise pro 6r 1.46"" amoled smart watch, 1000 nits, powered by ai pro, built-in gps, strava integration, stainless steel dial, video watch faces, 3atm, emergency sos, tws connectivity (classic black)",6999.0,3.9,5100.0,True,,1,0,0,1,1,0,0,0,0,0,0,0,0,0,0,0,0,0,0,0,0,0,"noise pro 6r 1.46"" amoled",Mid-Range,0
"minecraft kids led smartwatch with 10 creeper and mob watch faces, step counter, selfie camera, video recorder, voice recorder, timer, fun games, calculator, and wallpapers – fits wrists 5.5""-8.0"",",11110.0,4.2,37.0,True,,0,0,0,0,0,0,0,0,0,0,0,0,0,0,1,0,0,0,0,0,0,1,minecraft kids led smartwatch with,Premium,0
"gamesir nexoro 2.01” smartwatch for men & women bluetooth call, heart rate, spo2, sleep & 100+ sports modes, ip68 waterproof, compatible with android & iphone (ocean green)",1129.0,3.7,161.0,True,Limited time deal,0,0,0,0,0,1,0,0,1,1,1,0,1,0,0,1,1,0,0,1,1,0,gamesir nexoro 2.01” smartwatch for,Budget,0
"punnkfunnk h18 smartwatch for men & women | 2.01"" hd full display | bluetooth calling watch with heart rate | sleep monitor | 100+ sports modes | long battery life | ip67 fitness watch- (light green)",949.0,3.8,18.0,True,Limited time deal,0,0,0,0,0,1,1,0,1,0,1,0,1,0,0,0,0,1,0,1,1,0,punnkfunnk h18 smartwatch for men,Budget,0
"gamesir newly launched fitrivo smartwatch 2.01"" curved amoled display, bluetooth calling, ip67, 100+ watch faces, crown control, 100+ sports modes, health tracking for men & women (metal silver)",1429.0,3.6,38.0,True,,1,0,0,1,0,1,1,0,0,0,0,0,1,0,0,0,0,1,0,1,1,0,gamesir newly launched fitrivo smartwatch,Budget,0
"fire-boltt ring x smart watch with 2.01” always-on display, bluetooth calling, wireless charging, ai voice assistant, 500+ watch faces, health suite, smart watch for man & woman – black s",1751.0,3.5,553.0,True,,0,0,0,0,0,1,1,0,0,0,0,0,0,0,0,0,0,0,0,0,0,0,fire-boltt ring x smart watch,Budget,0
"smart watch for android ios phones compatible iphone samsung, 2.09'' fitness activity tracker watch with bluetooth call/sms/sleep monitor/pedometer smartwatch for men women kids with 2 bands (black)",8619.0,3.3,11.0,True,,0,0,0,0,0,1,0,0,0,0,1,0,0,0,0,0,0,0,0,1,1,1,smart watch for android ios,Premium,0
"accutime avengers interactive kids watch touch-screen, built in selfie-camera, easy-to-buckle strap smartwatch (multicolour)",7029.0,4.4,1300.0,True,,0,0,0,0,0,0,0,0,0,0,0,0,0,0,0,0,0,0,0,0,0,1,accutime avengers interactive kids watch,Premium,1
"gamesir premium luxurious gen 12 smartwatch, 1.69” amoled display, activity tracker, bluetooth calling, customizable watch faces, water resistant smartwatch for women & girls (green)",1299.0,3.8,29.0,True,Limited time deal,1,0,0,1,0,1,1,0,0,0,0,0,0,0,0,0,0,0,0,1,1,0,gamesir premium luxurious gen 12,Budget,0
"punnkfunnk active 2 smartwatch, 1.39” hd round display, bluetooth calling, heart rate & spo₂, 100+ sports modes, ip67, long battery life for men & women (magnetic white)",1489.0,3.5,8.0,True,Limited time deal,0,0,0,0,0,1,1,0,1,0,0,0,1,0,0,0,0,1,0,1,1,0,"punnkfunnk active 2 smartwatch, 1.39”",Budget,0
"tyberley smart watch for women, 1.27"" hd screen, bluetooth calls fitness tracker sports women's smartwatch for android ios phones, heart rate/sleep monitor/ip67 waterproof (gold silver)",9059.0,3.5,16.0,True,,0,0,0,0,0,1,0,0,1,0,1,0,1,1,0,1,0,1,0,1,1,0,"tyberley smart watch for women,",Premium,0
"punnkfunnk safeguard kids smart watch 5g/4g with sim calling, gps tracker, video calling, sos alerts, face unlock, voice chat, games, ip67 waterproof, 800mah battery (blue)",2833.0,3.5,93.0,True,,0,0,0,0,1,0,1,0,0,0,0,0,0,0,0,1,0,1,0,0,0,1,punnkfunnk safeguard kids smart watch,Budget,0
"agptek ip68 men's and women's waterproof smartwatch activity tracker with full touch color screen heart rate monitor pedometer sleep monitor for android and ios phones, black",4604.0,4.2,56000.0,True,,0,0,0,0,0,0,0,0,1,0,1,0,0,0,0,1,1,0,0,1,1,0,agptek ip68 men's and women's,Mid-Range,1
"gamesir musk 5g/4g kids smart watch with gps tracker, sim calling, face unlock, video calls, sos alerts, ip67 waterproof, 800mah battery, voice chat, live location (pink)",3129.0,3.6,100.0,True,Limited time deal,0,0,0,0,1,0,1,0,0,0,0,0,0,0,0,1,0,1,0,0,0,1,gamesir musk 5g/4g kids smart,Mid-Range,0
"punnkfunnk gendiva smart watch for women, 1.69"" amoled display, bluetooth calling, 100+ sports modes, heart rate & spo2 tracker, sleep monitor (grey)",1239.0,3.8,47.0,True,Limited time deal,1,0,0,1,0,1,1,0,1,1,1,0,1,0,0,0,0,0,0,1,1,0,punnkfunnk gendiva smart watch for,Budget,0
"hammer polar 2.01"" ips always on display, advanced bluetooth calling smartwatch, dual mode, voice assistant, rotating crown, sleek desgin, sports modes, 500 nits brightness, 240x296 px (jet black)",1299.0,3.8,419.0,True,,0,0,0,0,0,1,1,0,0,0,0,0,1,0,0,0,0,0,0,0,0,0,"hammer polar 2.01"" ips always",Budget,0
"gamesir s9 ultra smart watch with high resolution, 2.19"" display 100+sports mode & customizable watch faces, bluetooth calling watch, golden bracelet, luxury smartwatch for men & women-golden",1199.0,2.3,16.0,True,,0,0,0,0,0,1,1,0,0,0,0,0,1,0,0,0,0,0,0,1,1,0,gamesir s9 ultra smart watch,Budget,0
"gamesir h18 smartwatch with long battery life, 2.01"" high-resolution screen, bluetooth calling, ip68 waterproof, tft display, luxury design for men & women (light green)",939.0,3.5,103.0,True,Limited time deal,0,0,0,0,0,1,1,0,0,0,0,0,0,0,0,1,1,0,0,1,1,0,gamesir h18 smartwatch with long,Budget,0
french connection nexus premium smart watch with orange silicone strap - fcsw03-1,1949.0,2.0,1.0,True,,0,0,0,0,0,0,0,0,0,0,0,0,0,0,0,0,0,0,0,0,0,0,french connection nexus premium smart,Budget,0
"gamesir musk 5g/4g kids smart watch with gps tracker, sim calling, face unlock, video calls, sos alerts, ip67 waterproof, 800mah battery, voice chat, live location(black)",3129.0,3.6,100.0,True,Limited time deal,0,0,0,0,1,0,1,0,0,0,0,0,0,0,0,1,0,1,0,0,0,1,gamesir musk 5g/4g kids smart,Mid-Range,0
"gamesir q18 kids smart watch 1.44"" tft display 3g / 4g sim support, learning & gaming apps, gift watch, waterproof, lbs tracking/gps, 2 way calling smart watch for boys & girls (pink)",1499.0,3.0,245.0,False,,0,0,0,0,1,0,1,0,0,0,0,0,0,0,0,1,0,0,0,0,0,1,gamesir q18 kids smart watch,Budget,0
"punnkfunnk h18 smartwatch for men & women | 2.01"" hd full display | bluetooth calling watch with heart rate | spo₂ & sleep monitor | 100+ sports modes | long battery life | ip67 fitness watch-(maroon)",949.0,3.8,18.0,True,Limited time deal,0,0,0,0,0,1,1,0,1,0,1,0,1,0,0,0,0,1,0,1,1,0,punnkfunnk h18 smartwatch for men,Budget,0
"boat enigma ascend men's luxury smart watch w/ 1.76”(4.47 cm) hd display, functional crown, bt calling, upto 5 days battery, 100+sports modes, 200+watch faces, ip68, hr & spo2(midnight gold)",2699.0,3.9,1100.0,True,,0,1,0,0,0,0,1,0,0,1,0,0,1,0,0,0,1,0,0,1,0,0,boat enigma ascend men's luxury,Budget,0
"gamesir newest & luxury round dial gen 12 smart watch 1.69"" amoled display with high resolutions bluetooth calling multiple watch faces & sports mode smartwatch for women & men (red)",1299.0,3.4,45.0,True,Limited time deal,1,0,0,1,0,1,1,0,0,0,0,0,1,0,0,0,0,0,0,1,1,0,gamesir newest & luxury round,Budget,0
"fire-boltt phoenix aura women smart watch with 1.26” diamond-cut hd display, rotating crown, wireless charging, bluetooth calling, voice assistant, 120+ sports modes - rose quartz",1699.0,4.1,1700.0,True,Limited time deal,0,1,0,0,0,1,1,0,0,0,0,0,1,0,0,0,0,0,0,1,1,0,fire-boltt phoenix aura women smart,Budget,1
"tixpc kids game smart watches girls with 39 puzzle games camera music player pedometer alarm clock calculator torch, 12/24 hr hd touch screen kids watches toys for girls age 3-12 year olds gifts",4509.0,4.2,1100.0,True,,0,0,0,0,0,0,0,0,0,0,0,0,0,0,0,0,0,0,0,0,0,1,tixpc kids game smart watches,Mid-Range,1
"punnkfunnk gendiva smart watch for women, 1.69"" amoled display, bluetooth calling, 100+ sports modes, heart rate & spo2 tracker, sleep monitor (gendiva red, red)",1239.0,3.8,47.0,True,Limited time deal,1,0,0,1,0,1,1,0,1,1,1,0,1,0,0,0,0,0,0,1,1,0,punnkfunnk gendiva smart watch for,Budget,0
"csasan smart watch, 1.91"" hd screen smartwatch for men women(answer/make call), blue",4046.0,4.2,9.0,True,,0,0,0,0,0,0,0,0,0,0,0,0,0,0,0,0,0,0,0,1,1,0,"csasan smart watch, 1.91"" hd",Mid-Range,0
"punnkfunnk glavito round dial smartwatch 1.49"" amoled display, 100+ sports modes, ip67, health tracking, bluetooth calling, crown control, 100+ watch faces for men & women (magnetic black)",1206.0,2.9,32.0,True,,1,0,0,1,0,1,1,0,0,0,0,0,1,0,0,0,0,1,0,1,1,0,punnkfunnk glavito round dial smartwatch,Budget,0
"beatxp marv neo smart watch with 1.85” ultra hd display, bluetooth calling, 240*280px, ai voice assistant, 100+ sports modes, heart rate monitoring, spo2, ip68, fast charging, 100+ watch faces (blue)",4299.0,3.8,582.0,True,,0,1,0,0,0,1,1,0,1,1,0,0,1,0,0,0,1,0,0,0,0,0,beatxp marv neo smart watch,Mid-Range,0
fire-boltt combo ninja call pro plus smart watch 1.83 inch with bluetooth calling (black) ninja call pro plus smart watch 1.83 inch with bluetooth calling (grey),2198.0,5.0,1.0,False,,0,0,0,0,0,1,1,0,0,0,0,0,0,0,0,0,0,0,0,0,0,0,fire-boltt combo ninja call pro,Budget,0
"noise colorfit ultra 3 bluetooth calling smart watch with biggest 1.96"" amoled display, premium metallic build, functional crown, gesture control with leather strap (classic dark brown)",2299.0,4.1,7600.0,True,,1,0,0,1,0,1,1,0,0,0,0,0,0,0,0,0,0,0,0,0,0,0,noise colorfit ultra 3 bluetooth,Budget,1
smart watch for men(make/answer call) fitness tracker watch with heart rate sleep monitor pedometer full touch screen waterproof smartwatch for android ios phones(black),3806.0,3.0,13.0,True,,0,0,0,0,0,0,0,0,1,0,1,0,0,1,0,1,0,0,0,1,0,0,smart watch for men(make/answer call),Mid-Range,0
"military smart watch with earbuds, 1.52"" screen smartwatch for men, rugged fitness tracker, local music，answer/make call,speaker,recording,sleep monitor,sports smart watch long time standby",9734.0,4.1,17.0,True,,0,0,0,0,0,0,0,0,0,0,1,0,1,1,0,0,0,0,0,1,0,0,"military smart watch with earbuds,",Premium,0
"gamesir gen 12 pro bluetooth smartwatch for men & women | amoled display with touchscreen fitness tracker| elegant round dial, sports mode, health monitoring, waterproof (grey)",1299.0,3.9,13.0,True,Limited time deal,1,0,0,1,0,1,0,0,0,0,0,0,1,1,0,1,0,0,0,1,1,0,gamesir gen 12 pro bluetooth,Budget,0
"punnkfunnk active 2 smartwatch, 1.39” hd round display, bluetooth calling, heart rate & spo₂, 100+ sports modes, ip67, long battery life for men & women (magnetic dark grey)",1489.0,3.5,8.0,True,Limited time deal,0,0,0,0,0,1,1,0,1,0,0,0,1,0,0,0,0,1,0,1,1,0,"punnkfunnk active 2 smartwatch, 1.39”",Budget,0
"elevea 𝟏𝟓 𝐘𝐞𝐚𝐫𝐬 𝐆𝐮𝐚𝐫𝐚𝐧𝐭𝐞𝐞 multifunction smart watch with bluetooth calling, fitness tracker sports smartwatch for men and women with music control health tracking and daily use design",2889.0,5.0,1.0,True,,0,0,0,0,0,1,1,0,0,0,0,0,1,1,0,0,0,0,0,1,1,0,elevea 𝟏𝟓 𝐘𝐞𝐚𝐫𝐬 𝐆𝐮𝐚𝐫𝐚𝐧𝐭𝐞𝐞 multifunction,Budget,0
filiekeu 1.3in full touch screen ip67 waterproof stainless steel men's activity fitness tracker smartwatch,6618.0,4.0,2000.0,True,,0,0,0,0,0,0,0,0,0,0,0,0,0,1,0,1,0,1,0,1,0,0,filiekeu 1.3in full touch screen,Mid-Range,1
smart watches for women men with call - fitness trackers with 24-hour heart rate spo2 sleep monitor ip68 waterproof 100+ sport mode watches for women gift compatible with iphone android phones,4142.0,3.7,14.0,True,,0,0,0,0,0,0,0,0,1,1,1,0,0,1,0,1,1,0,0,1,1,0,smart watches for women men,Mid-Range,0
"punnkfunnk h18 pro smartwatch for men & women | 2.01"" hd tft display | bluetooth calling | heart rate & spo2 monitor | long battery life | ip67 fitness watch with multiple sports modes- (pink)",892.0,3.6,12.0,True,,0,0,0,0,0,1,1,0,1,1,0,0,1,0,0,0,0,1,0,1,1,0,punnkfunnk h18 pro smartwatch for,Budget,0
"smart watch for men- bluetooth call, ip68 fitness watch, 24/7 sleep monitor, fitness step tracker watch with 110 sports mode, smartwatch for android ios (casual, blue, 1.39)",6875.0,4.2,191.0,True,,0,0,0,0,0,1,0,0,0,0,1,0,1,0,0,0,1,0,0,1,0,0,smart watch for men- bluetooth,Mid-Range,0
"gamesir active 5 smart watch amoled display 1.3"" screen, 360 * 360 resolution, ip68 waterproof with multiple watch faces bluetooth calling round dial smartwatch for men & women (red)",1369.0,3.1,159.0,True,Limited time deal,1,0,0,1,0,1,1,0,0,0,0,0,0,0,0,1,1,0,0,1,1,0,gamesir active 5 smart watch,Budget,0
"smart watch for men, compass, stainless steel body, 30m waterproof, 400mah extra-large battery, rugged military smartwatch answer/make call, 1.43"" amoled screen, compatible for android ios",8132.0,4.1,41.0,True,,1,0,0,1,0,0,0,0,0,0,0,0,0,0,0,1,0,0,0,1,0,0,"smart watch for men, compass,",Premium,0
"gamesir gen 12 pro bluetooth smartwatch for men & women | amoled display with touchscreen fitness tracker| elegant round dial, sports mode, health monitoring, waterproof (rose gold)",1299.0,3.9,13.0,True,,1,0,0,1,0,1,0,0,0,0,0,0,1,1,0,1,0,0,0,1,1,0,gamesir gen 12 pro bluetooth,Budget,0
"military smart watch for men (make/answer call), 2.01"" hd screen smartwatches for android and iphone,long time standby fitness tracker/flashlight/waterproof/heart rate/sleep/100+ sport modes",7512.0,4.5,2.0,True,,0,0,0,0,0,0,0,0,1,0,1,0,0,1,0,1,0,0,0,1,0,0,military smart watch for men,Premium,0
"military smart watch for men with built-in gps,1.52"" hd waterproof smartwatch with answer/make call,outdoor smart watch with heart rate,spo2,sleep monitoring compatible with ios and android",4958.0,3.8,4.0,True,,0,0,0,0,1,0,0,0,1,1,1,0,0,0,0,1,0,0,0,1,0,0,military smart watch for men,Mid-Range,0
"runlio fitness tracker, 1.47 inch smartwatch, touchscreen activity tracker with thin smartband design, 5atm waterproof fitness watch blood oxygen heart rate monitor for android/ios (pink)",5213.0,4.0,118.0,True,,0,0,0,0,0,0,0,0,1,0,0,1,0,1,0,1,0,0,1,0,0,0,"runlio fitness tracker, 1.47 inch",Mid-Range,0
"smart watch for men,rugged 1.83"" smartwatch(answer/make call), tracker with heart rate, sleep monitor, ip68 water resistance (black)",4430.0,3.7,6.0,True,,0,0,0,0,0,0,0,0,1,0,1,0,0,0,0,0,1,0,0,1,0,0,"smart watch for men,rugged 1.83""",Mid-Range,0
"gamesir glavito round dial smartwatch with 1.49"" amoled display, 100+ sports modes, ip67, bluetooth calling, functional crown control, health tracking, 100+ watch faces, men & women (magnetic black)",1429.0,3.6,43.0,True,,1,0,0,1,0,1,1,0,0,0,0,0,1,0,0,0,0,1,0,1,1,0,gamesir glavito round dial smartwatch,Budget,0
"3plus mega smartwatch with 2.02"" amoled screen/answer & make calls/sleep monitoring/heart rate/100+ workout modes/quick reply/ios and android",9561.0,4.6,43.0,True,,1,0,0,1,0,0,0,0,1,0,1,0,0,0,0,0,0,0,0,0,0,0,"3plus mega smartwatch with 2.02""",Premium,0
"smart watch for men women, 1.96"" hd fitness tracker running watch (answer/make call), ip68 waterproof,pedometer, sleep/step/activity/heart rate monitor,110+ sport mode smartwatch for ios android,pink",5901.0,5.0,1.0,True,,0,0,0,0,0,0,0,0,1,0,1,0,0,1,0,1,1,0,0,1,1,0,"smart watch for men women,",Mid-Range,0
"beatxp marv neo smart watch with 1.85” ultra hd display, bluetooth calling, 240 * 280px, ai voice assistant, 100+ sports modes, heart rate monitoring, spo2, ip68, fast charging (ice silver)",4299.0,4.0,1300.0,True,,0,1,0,0,0,1,1,0,1,1,0,0,1,0,0,0,1,0,0,0,0,0,beatxp marv neo smart watch,Mid-Range,1
"vtech kidizoom smartwatch dx2, ll, fba-pink224c",12879.0,4.6,11000.0,True,,0,0,0,0,0,0,0,0,0,0,0,0,0,0,0,0,0,0,0,0,0,0,"vtech kidizoom smartwatch dx2, ll,",Premium,1
punnkfunnk h9 1.96” hd display smartwatch for men & women | bluetooth calling | heart rate | spo2 | sleep monitor | 100+ sports modes | ip67 waterproof fitness watch for android & ios - (green),949.0,3.7,227.0,True,,0,1,0,0,0,1,1,0,1,1,1,0,1,0,0,1,0,1,0,1,1,0,punnkfunnk h9 1.96” hd display,Budget,0
"gamesir premium luxurious gen 12 smartwatch, hd display activity tracker with bluetooth calling, customizable watch faces, water resistant smartwatch for women & girls (grey)",1299.0,3.8,29.0,True,Limited time deal,0,1,0,0,0,1,1,0,0,0,0,0,0,0,0,0,0,0,0,1,1,0,gamesir premium luxurious gen 12,Budget,0
"cellecor m4 rush 1.91” hd display smart watch, bluetooth calling, unlimited watch faces, 100+ sports modes, health suite, voice assistance (garnish/blue grey)",1199.0,3.9,15.0,True,,0,1,0,0,0,1,1,0,0,0,0,0,1,0,0,0,0,0,0,0,0,0,cellecor m4 rush 1.91” hd,Budget,0
"smart watch with alexa built-in, 1.83"" hd touchscreen fitness tracker with bluetooth calling, fitness watch with heart rate/sleep monitor, 120+ sports modes, ip68 waterproof smartwatch for android ios",5886.0,4.3,261.0,True,,0,0,0,0,0,1,1,1,1,0,1,0,1,1,0,1,1,0,0,0,0,0,"smart watch with alexa built-in,",Mid-Range,0
"military smart watch for men with led flashlight (call/message), ip68 waterproof, 530mah battery, 1.43"" amoled 110 sport modes smartwatch for android ios （black）",7397.0,4.4,209.0,True,,1,0,0,1,0,0,0,0,0,0,0,0,0,0,0,1,1,0,0,1,0,0,military smart watch for men,Premium,0
punnkfunnk nexoro 2.01” smartwatch for men & women | bluetooth calling | heart rate | spo2 | sleep & fitness tracker | 100+ sports modes | ip67 | compatible with android & iphone - (green),949.0,3.3,144.0,True,,0,0,0,0,0,1,1,0,1,1,1,0,1,1,0,0,0,1,0,1,1,0,punnkfunnk nexoro 2.01” smartwatch for,Budget,0
"hot wheels interactive kids smartwatch – touchscreen watch with camera, games, voice recorder, step tracker, alarm & timer – racing-inspired design, usb rechargeable – fits wrists 5.5"" to 8""",8426.0,4.3,168.0,True,,0,0,0,0,0,0,0,0,0,0,0,0,0,0,0,0,0,0,0,0,0,1,hot wheels interactive kids smartwatch,Premium,0
"gamesir gendiva smartwatch for women with bluetooth calling, 1.69” amoled display, 100+ sports modes, health & sleep monitor, voice assistant, ip68 waterproof, long battery life, (red)",1299.0,3.8,41.0,True,Limited time deal,1,0,0,1,0,1,1,0,0,0,1,0,1,0,0,1,1,0,0,1,1,0,gamesir gendiva smartwatch for women,Budget,0
"fastrack sleek 1.32"" amoled 42mm round display smart watch with silicone strap, qr hub, bt calling, spo2, hotkey, functional crown, ip68 water resistant upto, 5 days battery life - onyx black",4399.0,3.8,28.0,True,,1,0,0,1,0,0,1,0,0,1,0,0,0,0,0,0,1,0,0,0,0,0,"fastrack sleek 1.32"" amoled 42mm",Mid-Range,0
"fastrack vox pro smart watch with offline voice commands,to-do list, rotary crown, 1.38” tft display, bt calling, 24/7 health suite, spo2, hrm, sleep tracking, ip68 water resistant - deep salmon",2399.0,4.1,25.0,True,,0,0,0,0,0,0,1,0,0,1,1,0,0,0,0,0,1,0,0,0,0,0,fastrack vox pro smart watch,Budget,0
"gamesir h18 pro smartwatch with long battery life, 2.01"" high-resolution screen, bluetooth calling, ip68 waterproof, tft display, luxury design for men & women (maroon)",939.0,3.9,116.0,True,Limited time deal,0,0,0,0,0,1,1,0,0,0,0,0,0,0,0,1,1,0,0,1,1,0,gamesir h18 pro smartwatch with,Budget,0
"punnkfunnk glavito round dial smartwatch with 1.49"" amoled display, bluetooth calling, functional crown control, 100+ sports modes, ip67, health tracking, 100+ watch faces for men & women (black)",1200.0,3.4,3.0,True,,1,0,0,1,0,1,1,0,0,0,0,0,1,0,0,0,0,1,0,1,1,0,punnkfunnk glavito round dial smartwatch,Budget,0
"drumstone [𝐎𝐍 𝐎𝐅𝐅𝐄𝐑 𝟏𝟓 𝐘𝐄𝐀𝐑𝐒 𝐖𝐀𝐑𝐑𝐀𝐍𝐓𝐘 smart watch for kids, men, women - d20 touchscreen with 1.44 hd screen, heart rate sensor, sleep monitor, and daily activity tracker",1249.0,3.9,6.0,True,,0,0,0,0,0,0,0,0,1,0,1,0,0,0,0,0,0,0,0,1,1,1,drumstone [𝐎𝐍 𝐎𝐅𝐅𝐄𝐑 𝟏𝟓 𝐘𝐄𝐀𝐑𝐒,Budget,0
"gamesir pf-11 newly launched smartwatch with metal strap health monitoring, activity tracker, hd display, bluetooth callling watch, luxury & round dial smart watch for women & girls-rose gold",1699.0,3.8,29.0,True,Limited time deal,0,1,0,0,0,1,0,0,0,0,0,0,0,0,0,0,0,0,0,1,1,0,gamesir pf-11 newly launched smartwatch,Budget,0
smart watch for women fitness tracker: 1.83 inch bluetooth call smartwatch with blood oxygen blood pressure monitor compatible with android ios 100+ sport mode heart rate steps counter waterproof ip67,6965.0,4.0,635.0,True,,0,0,0,0,0,1,0,0,1,0,0,1,0,1,0,1,0,1,0,1,1,0,smart watch for women fitness,Mid-Range,0
"noise pro 6 smart watch:intelligent ai, endless ai watch faces, ai companion, 1.85” amoled, en2 processor, nebula ui 2.0, emergency sos, compatible with ios & android(ice blue)",5000.0,4.0,24100.0,True,,1,0,0,1,0,0,0,0,0,0,0,0,0,0,0,0,0,0,0,0,0,0,noise pro 6 smart watch:intelligent,Mid-Range,1
"parsonver smart watch for men women(answer/make calls), 5atm waterproof swimming monitor, 44mm hd screen fitness tracker 100+ sport modes, heart rate sleep monitor, smartwatch for android ios, black",4701.0,3.7,616.0,True,,0,0,0,0,0,0,0,0,1,0,1,0,0,1,0,1,0,0,1,1,1,0,parsonver smart watch for men,Mid-Range,0
"cellecor m4 rush 1.91” hd display smart watch, bluetooth calling, unlimited watch faces, 100+ sports modes, health suite, voice assistance (garnish/blackgreen)",1055.0,3.9,15.0,True,,0,1,0,0,0,1,1,0,0,0,0,0,1,0,0,0,0,0,0,0,0,0,cellecor m4 rush 1.91” hd,Budget,0
punnkfunnk h9 1.96” hd display smartwatch for men & women | bluetooth calling | heart rate | spo2 | sleep monitor | 100+ sports modes | ip67 waterproof fitness watch for android & ios - (light green),949.0,3.7,227.0,True,,0,1,0,0,0,1,1,0,1,1,1,0,1,0,0,1,0,1,0,1,1,0,punnkfunnk h9 1.96” hd display,Budget,0
"gamesir glavito round dial smartwatch with 1.49"" amoled display, 100+ sports modes, ip67, bluetooth calling, functional crown control, health tracking, 100+ watch faces for men & women (metal silver)",1429.0,3.6,43.0,True,,1,0,0,1,0,1,1,0,0,0,0,0,1,0,0,0,0,1,0,1,1,0,gamesir glavito round dial smartwatch,Budget,0
"gen 9 smartwatch for women with metal strap & hd display, bluetooth calling, 100+ watch faces, health tracker, sports modes & ip67 waterproof(rose gold)",1199.0,2.9,6.0,False,,0,1,0,0,0,1,1,0,0,0,0,0,1,0,0,1,0,1,0,1,1,0,gen 9 smartwatch for women,Budget,0
"hammer cyclone 1.39"" round dial rotating crown smart watch with calling function, high refresh rate, multi sports modes, spo2, hr, voice assistant (midnight black)",1398.0,2.5,217.0,True,,0,0,0,0,0,0,1,0,0,1,0,0,1,0,0,0,0,0,0,0,0,0,"hammer cyclone 1.39"" round dial",Budget,0
"smart watch for kids with 26 puzzle games, hd touch screen kids watch, camera, music player, alarm clock, calculator, pedometer, learn card - 12/24hr toys for age 3-12 year old, birthday gift for boys",5910.0,4.5,132.0,True,,0,0,0,0,0,0,0,0,0,0,0,0,0,0,0,0,0,0,0,0,0,1,smart watch for kids with,Mid-Range,0
gen 8 rose-gold daimond edition stainless-steel women bluetooth calling/sleep monitor/sedentary reminder/gift smartwatch with wireless charging and amoled display,1549.0,4.0,1.0,False,,1,0,0,1,0,1,1,0,0,0,1,0,0,0,0,0,0,0,0,1,1,0,gen 8 rose-gold daimond edition,Budget,0
"smart watch for kids no phone no app needed, 1.83"" fitness tracker watch with pedometer, step counter, heart rate/sleep monitor, ip68 waterproof, puzzle games for girls boys teens 5-16 nylon",6182.0,4.5,143.0,True,,0,0,0,0,0,0,0,0,1,0,1,0,0,1,1,1,1,0,0,0,0,1,smart watch for kids no,Mid-Range,0
"gamesir active 5 smart watch amoled display 1.3"" screen, 360 * 360 resolution, ip68 waterproof with multiple watch faces bluetooth calling round dial smartwatch for men & women (millanese silver)",1429.0,3.1,159.0,True,Limited time deal,1,0,0,1,0,1,1,0,0,0,0,0,0,0,0,1,1,0,0,1,1,0,gamesir active 5 smart watch,Budget,0
"filiekeu smart watch support voice calls, 1.28 '' hd touch screen with heart rate/sleep monitoring fitness tracker pedometer ip67 waterproof for android/ios men's steel band smart watch(silver)",9774.0,4.0,485.0,True,,0,0,0,0,0,0,0,0,1,0,1,0,0,1,0,1,0,1,0,1,0,0,filiekeu smart watch support voice,Premium,0
"beatxp vector 1.30” hd display bluetooth calling smart watch, rotary crown, 320 * 320px, 60hz refresh rate, 100+ sports modes, 24/7 health tracking (champagne gold)",3974.0,3.8,115.0,True,,0,1,0,0,0,1,1,0,0,0,0,0,1,0,0,0,0,0,0,0,0,0,beatxp vector 1.30” hd display,Mid-Range,0
"gamesir glavito round dial smartwatch with 1.49"" amoled display, 100+ sports modes, ip67, bluetooth calling, functional crown control, health tracking, 100+ watch faces for men & women (metal black)",1429.0,3.6,43.0,True,,1,0,0,1,0,1,1,0,0,0,0,0,1,0,0,0,0,1,0,1,1,0,gamesir glavito round dial smartwatch,Budget,0
"bluey kids smartwatch with camera, games, pedometer and audio recorder for creative play and learning, 1.5"" touchscreen, blue, fits 5.5""-8.0"" wrists, for boys and girls ages 3+",6866.0,4.6,722.0,True,,0,0,0,0,0,0,0,0,0,0,0,0,0,0,0,0,0,0,0,0,0,1,"bluey kids smartwatch with camera,",Mid-Range,0
"fastrack mynd 1.93” amoled display smart watch for men & women with ai watch faces,ai chat,offline voice commands,curved metallic design,functional crown,bt calling, health suite,100+ multisport modes",3999.0,3.8,922.0,True,,1,0,0,1,0,0,1,0,0,0,0,0,0,0,0,0,0,0,0,1,1,0,fastrack mynd 1.93” amoled display,Mid-Range,0
"jugeman smart watch, 1.96"" hd smartwatch for women men, 2025 fitness activity with with heart rate/pedometer/sleep/ip68 waterproof",3810.0,5.0,2.0,True,,0,0,0,0,0,0,0,0,1,0,1,0,0,0,0,1,1,0,0,1,1,0,"jugeman smart watch, 1.96"" hd",Mid-Range,0
"gamesir newly launched fitrivo smartwatch 2.01"" curved amoled display, bluetooth calling, ip67, 100+ watch faces, crown control, 100+ sports modes, health tracking for men & women (magnetic purple)",1429.0,3.6,38.0,True,,1,0,0,1,0,1,1,0,0,0,0,0,1,0,0,0,0,1,0,1,1,0,gamesir newly launched fitrivo smartwatch,Budget,0
"gamesir musk pro 5g/4g kids smart watch with gps tracker, sim calling, face unlock, video calls, sos alerts, ip67 waterproof, 800mah battery, voice chat, live location(main -colour) (light-blue)",3129.0,3.7,56.0,True,Limited time deal,0,0,0,0,1,0,1,0,0,0,0,0,0,0,0,1,0,1,0,0,0,1,gamesir musk pro 5g/4g kids,Mid-Range,0
"fastrack navstar 1.85"" amoled square display smart watch with gps, offline voice command, ai enabled, 100+ sports mode, bt calling, ip68 water resistant upto 5 days battery life -midnigt blue",5399.0,2.9,15.0,True,,1,0,0,1,1,0,1,0,0,0,0,0,1,0,0,0,1,0,0,0,0,0,"fastrack navstar 1.85"" amoled square",Mid-Range,0
"jugeman smart watches for women(answer/make call), 1.96"" hd new smartwatch with heart rate/sleep monitor/pedometer/calories, 113+ sports modes, fitness watch ip68 waterproof for android ios beige",4554.0,4.2,148.0,True,,0,0,0,0,0,0,0,0,1,0,1,0,1,0,0,1,1,0,0,1,1,0,jugeman smart watches for women(answer/make,Mid-Range,0
"aolon gps smart watch for men, 1.43'' amoled smartwatch with compass/barometer/altimeter, heart rate/sleep monitor, 30m waterproof, 60+ sports fitness tracker for android/ios, black & orange (2 bands)",10830.0,3.8,40.0,True,,1,0,0,1,1,0,0,0,1,0,1,0,1,1,0,1,0,0,0,1,0,0,aolon gps smart watch for,Premium,0
"gamesir active 2 smartwatch for men & women, 1.39” hd round display, bluetooth calling, heart rate & spo₂, 100+ sports modes, ip67, long battery life for android & ios (millanese silver)",1499.0,4.5,16.0,True,,0,0,0,0,0,1,1,0,1,0,0,0,1,0,0,0,0,1,0,1,1,0,gamesir active 2 smartwatch for,Budget,0
"skg smart watch for men women, 1.8"" men's military smartwatch for android iphone with alexa built-in, ip68 waterproof, fitness tracker with 100+ sports, r8",3977.0,4.0,341.0,True,,0,0,0,0,0,0,0,1,0,0,0,0,1,1,0,1,1,0,0,1,1,0,skg smart watch for men,Mid-Range,0
"punnkfunnk newly launched safeguard 5g/4g kids smart watch with sim calling, gps tracker, video call, sos alerts, face unlock, games, ip67, 800mah battery, voice chat, live location(grey)",3129.0,3.6,240.0,False,,0,0,0,0,1,0,1,0,0,0,0,0,0,0,0,0,0,1,0,0,0,1,punnkfunnk newly launched safeguard 5g/4g,Mid-Range,0
"smart watch, 1.85"" hd smartwatch for men (answer/make call), fitness activity tracker, 110+ sports modes/heart rate/sleep monitor/pedometer, ip68 waterproof fitness watch for android ios, blue (2025)",4296.0,4.4,10.0,True,,0,0,0,0,0,0,0,0,1,0,1,0,1,0,0,1,1,0,0,1,0,0,"smart watch, 1.85"" hd smartwatch",Mid-Range,0
"noise twist 2 smart watch with 1.43” amoled screen, ai search & voice assistant, bluetooth calling, stainless steel back, 7-day battery, 100+ watch faces, health suite, ip68 (gold link)",2799.0,4.1,7600.0,True,,1,0,0,1,0,1,1,0,0,0,0,0,0,0,0,0,1,0,0,0,0,0,noise twist 2 smart watch,Budget,1
"smart watch for women men- answer/make call, 2025 fitness tracker watch with ip68 waterproof sleep step counter activity smartwatch for samsung andriod iphone ios compatible (black, 1.81)",3233.0,4.7,8.0,True,,0,0,0,0,0,0,0,0,0,0,1,0,0,1,1,1,1,0,0,1,1,0,smart watch for women men-,Mid-Range,0
"punnkfunnk genquella smartwatch for women with bluetooth calling, 1.69"" hd touchscreen, heart rate spo2 sleep tracker, 100+ sports modes, ip67 fitness watch for android iphone(skyblue)",1239.0,3.2,32.0,True,Limited time deal,0,0,0,0,0,1,1,0,1,1,1,0,1,0,0,0,0,1,0,1,1,0,punnkfunnk genquella smartwatch for women,Budget,0
"goboult mirage smart watch 1.39''hd screen, bluetooth calling, ip67, zinc alloy frame, 500 nits brightness, ai voice assistant, spo2 monitoring, 120+ sports mode (inox steel)",1799.0,3.9,54.0,True,,0,0,0,0,0,1,1,0,0,1,0,0,1,0,0,0,0,1,0,0,0,0,goboult mirage smart watch 1.39''hd,Budget,0
"boat chrome eon, premium metal body, 1.43” (3.63 cm) amoled round display, ai coach health insights, advanced s1 processor, auto heart rate, hrv, vo2 max, smart watch for men & women (cocoa brown)",4499.0,4.0,137.0,True,,1,0,0,1,0,0,0,0,1,0,0,0,0,0,0,0,0,0,0,1,1,0,"boat chrome eon, premium metal",Mid-Range,0
"fastrack navstar 1.85"" amoled square display smart watch with gps, offline voice command, ai enabled, 100+ sports mode, bt calling, ip68 water resistant upto 5 days battery life - onyx black",5399.0,2.9,15.0,True,,1,0,0,1,1,0,1,0,0,0,0,0,1,0,0,0,1,0,0,0,0,0,"fastrack navstar 1.85"" amoled square",Mid-Range,0
"french connection r8 series women smartwatch (40 mm dial) with full touch hd screen, metal case, leather strap, continues heart rate & blood pressure monitoring, temperature monitor and ip68 waterproof",3313.0,3.4,26.0,True,,0,0,0,0,0,0,0,0,1,0,0,0,0,0,0,1,1,0,0,1,1,0,french connection r8 series women,Mid-Range,0
"punnkfunnk newly launched active 2 max bluetooth calling smartwatch 1.3"" amoled display 360 * 360 high resolution 4.2 bt with, 100+ sports mode with ip68, sp02 tracking, ai voice assistant(peach)",1349.0,3.4,46.0,True,Limited time deal,1,0,0,1,0,1,1,0,0,0,0,0,1,0,0,0,1,0,0,0,0,0,punnkfunnk newly launched active 2,Budget,0
myfirst kids smart watch (gray),5999.0,2.8,7.0,True,,0,0,0,0,0,0,0,0,0,0,0,0,0,0,0,0,0,0,0,0,0,1,myfirst kids smart watch (gray),Mid-Range,0
"smart watch for kids, 1.85"" fitness tracker with heart rate, sleep monitor, ip68 waterproof smartwatches with video music, pedometer, game, no app/phone, gift for boys girls. (classic, black)",7623.0,4.4,323.0,True,,0,0,0,0,0,0,0,0,1,0,1,0,0,1,0,1,1,0,0,0,0,1,"smart watch for kids, 1.85""",Premium,0
"muse grandeur milanese edition hybrid smartwatch for men & women with bluetooth connectivity, step counter, sleep monitoring, 5atm water resistant (40mm, shiny silver black)",8599.0,4.3,21.0,True,,0,0,0,0,0,1,0,0,0,0,1,0,0,0,1,0,0,0,1,1,1,0,muse grandeur milanese edition hybrid,Premium,0
"goodatech smart watch for kids 4-12 years boys girls, 26 puzzle games,hd camera,video music player,pedometer,flashlight,alarm clock,parent control, aluminum case,sport band (blue)",4635.0,4.8,11.0,True,,0,0,0,0,0,0,0,0,0,0,0,0,0,0,0,0,0,0,0,0,0,1,goodatech smart watch for kids,Mid-Range,0
"fire-boltt glitz women smart watch with 1.19” amoled display, bluetooth calling, rotating crown, always on display, 1000 nits brightness, ip68 waterproof onyx gold",2499.0,4.1,1100.0,True,,1,0,0,1,0,1,1,0,0,0,0,0,0,0,0,1,1,0,0,1,1,0,fire-boltt glitz women smart watch,Budget,1
"gamesir gen 12 pro bluetooth smartwatch for men & women | amoled display with touchscreen fitness tracker| elegant round dial, sports mode, health monitoring, waterproof (green)",1299.0,3.9,13.0,True,Limited time deal,1,0,0,1,0,1,0,0,0,0,0,0,1,1,0,1,0,0,0,1,1,0,gamesir gen 12 pro bluetooth,Budget,0
"minecraft kids smartwatch – pink axolotl design, 10 watch faces, step counter, selfie camera, calculator, games, voice recorder, alarm & timer, printed silicone straps – fits wrists 5.5""-8.5"", pink,",5352.0,4.5,149.0,True,,0,0,0,0,0,0,0,0,0,0,0,0,0,0,1,0,0,0,0,0,0,1,minecraft kids smartwatch – pink,Mid-Range,0
"fire-boltt brillia smart watch 2.02” super amoled display, bluetooth calling, spo2, heart rate monitor, 120+ sports modes, fitness tracker, voice assistant, smart watch for man & women– blue",1699.0,3.9,202.0,True,Limited time deal,1,0,0,1,0,1,1,0,1,1,0,0,1,1,0,0,0,0,0,1,1,0,fire-boltt brillia smart watch 2.02”,Budget,0
"acumen 4g a1 phone watch for kids,1.69’’ips touch screen|smart watch with water proof ip 67 |video & phone call|camera,sos,sms, chat,games, with gps tracking| with magnet charger| (pink)",3490.0,4.2,3.0,False,,0,0,0,0,1,0,0,0,0,0,0,0,0,0,0,0,0,0,0,1,0,1,acumen 4g a1 phone watch,Mid-Range,0
"gen 9 1.5"" hd display smartwatch: the next generation of women music yoga alarm smartwatch (gold strap, free size)",1349.0,5.0,1.0,True,,0,1,0,0,0,0,0,0,0,0,0,0,0,0,0,0,0,0,0,1,1,0,"gen 9 1.5"" hd display",Budget,0
"hwagol smart watches for men (call/notification),1.52'' military smart watch, two style kits,flashlight,100+sport modes/heart rate/sleep monitor/pedometer (orange-blue)",8375.0,4.3,175.0,True,,0,0,0,0,0,0,0,0,1,0,1,0,0,0,0,0,0,0,0,1,0,0,hwagol smart watches for men,Premium,0
"smart watch for women, 2025 new smartwatch (answer/make call) for iphone/android, 1.85"" hd dynamic dial fitness tracker with 110+ sport modes, sleep/health monitor, ip68 waterproof, with 2 bands",12342.0,4.4,267.0,True,,0,0,0,0,0,0,0,0,0,0,1,0,0,1,0,1,1,0,0,1,1,0,"smart watch for women, 2025",Premium,0
"punnkfunnk active 2 smartwatch with 1.39” hd round display, bluetooth calling, heart rate & spo₂ monitor, 100+ sports modes, ip67, long battery life for men & women (maroon)",1439.0,3.5,8.0,True,Limited time deal,0,0,0,0,0,1,1,0,1,0,0,0,1,0,0,0,0,1,0,1,1,0,punnkfunnk active 2 smartwatch with,Budget,0
kids smart watch girls toys for 6 7 8 9 year olds pink,6060.0,4.5,148.0,True,,0,0,0,0,0,0,0,0,0,0,0,0,0,0,0,0,0,0,0,0,0,1,kids smart watch girls toys,Mid-Range,0
"punnkfunnk genquira smartwatch for women with bluetooth calling, 1.69"" hd amoled display, health & fitness tracker with spo2, heart rate, 100+ sports modes, ip67 for android & iphone(maroon)",1239.0,4.0,185.0,True,Limited time deal,1,0,0,1,0,1,1,0,1,1,0,0,1,1,0,0,0,1,0,1,1,0,punnkfunnk genquira smartwatch for women,Budget,0
"lige smart watches with 900mah battery,1.73"" amoled relojes para hombres with bluetooth call,110+sports mode tactical fitness watch/heart rate sleep health monitor/android ios smart watch",5952.0,4.1,60.0,True,,1,0,0,1,0,1,0,0,1,0,1,0,1,0,0,0,0,0,0,0,0,0,lige smart watches with 900mah,Mid-Range,0
"smart watch, 2.01"" ultra hd display with bluetooth calling, voice assistance, 7 days battery, multiple sports mode, smartwatch for men, women, boys and girls (silver)",820.0,4.3,7.0,True,,0,1,0,0,0,1,1,0,0,0,0,0,1,0,0,0,0,0,0,1,1,0,"smart watch, 2.01"" ultra hd",Budget,0
"gamesir h18 smartwatch with long battery life, 2.01"" high-resolution screen, bluetooth calling, ip68 waterproof, tft display, luxury design for men & women (ocean green)",939.0,3.5,103.0,True,Limited time deal,0,0,0,0,0,1,1,0,0,0,0,0,0,0,0,1,1,0,0,1,1,0,gamesir h18 smartwatch with long,Budget,0
"timex iconnect calling lite 1.83""(4.6cm) display and bt calling smartwatch for unisex - twixw602t",1919.0,1.0,1.0,True,,0,0,0,0,0,0,1,0,0,0,0,0,0,0,0,0,0,0,0,0,0,0,"timex iconnect calling lite 1.83""(4.6cm)",Budget,0
"military smart watches for men (answer/make calls) with led flashlight 3atm waterproof smartwatch with 100+ sports modes 1.53"" fitness tracker with heart rate monitor for iphone android",6429.0,4.0,168.0,True,,0,0,0,0,0,0,0,0,1,0,0,0,1,1,0,1,0,0,0,1,0,0,military smart watches for men,Mid-Range,0
"punnkfunnk h18 smartwatch for men & women | 2.01"" hd full display | bluetooth calling watch with heart rate | spo₂ & sleep monitor | 100+ sports modes | long battery life | ip67 fitness watch-(green)",949.0,3.8,18.0,True,Limited time deal,0,0,0,0,0,1,1,0,1,0,1,0,1,0,0,0,0,1,0,1,1,0,punnkfunnk h18 smartwatch for men,Budget,0
"military smart watch for men,1.6"" amoled screen /600mah battery/5atm waterproof smartwatches (answer/dial calls) fitness tracker with heart rate/sleep tracking/blood oxygen for android/ios black",7099.0,3.9,26.0,True,,1,0,0,1,0,0,0,0,1,0,1,1,0,1,0,1,0,0,1,1,0,0,"military smart watch for men,1.6""",Premium,0
"lige military smart watches for men, 1.96'' hd screen with answer make call smart watch for ios android phone, fitness tracker with heart rate/blood pressure/sleep monitor, 5atm waterproof smartwatch",6224.0,4.0,76.0,True,,0,0,0,0,0,0,0,0,1,0,1,0,0,1,0,1,0,0,1,1,0,0,lige military smart watches for,Mid-Range,0
"flix (beetel) s12 pro talkon smart watch bluetooth calling,1.54"" touch color display 2.5d glass,ipx65,real time 24x7(heart rate tracking,body temp) multiple watch-faces,sports mode,standby upto 25days",859.0,3.4,178.0,True,,0,0,0,0,0,1,1,0,1,0,0,0,1,0,0,0,0,0,0,0,0,0,flix (beetel) s12 pro talkon,Budget,0
"smart watch for women, 1.19"" amoled hd screen women's smartwatch, fitness tracker with heart rate/sleep monitor, bluetooth call, ip67 waterproof, compatible with ios & android (elegant silver rt-i222)",14110.0,3.9,31.0,True,,1,0,0,1,0,1,0,0,1,0,1,0,0,1,0,1,0,1,0,1,1,0,"smart watch for women, 1.19""",Premium,0
"smart watch for women, hd amoled display fitness tracker bluetooth make/answer call, 1.19"" watches with 110+ sports modes/heart rate/sleep monitor/spo2, smartwatch ip68 waterproof for android ios",6348.0,4.5,40.0,True,,1,0,0,1,0,1,0,0,1,1,1,0,1,1,0,1,1,0,0,1,1,0,"smart watch for women, hd",Mid-Range,0
"cosmetic bazar smartwatch t-55 new edition 2021 smart watch, black",810.0,1.0,1.0,False,,0,0,0,0,0,0,0,0,0,0,0,0,0,0,0,0,0,0,0,0,0,0,cosmetic bazar smartwatch t-55 new,Budget,0
"elevea 𝟏𝟓 𝐘𝐞𝐚𝐫𝐬 𝐆𝐮𝐚𝐫𝐚𝐧𝐭𝐞𝐞 bluetooth smart watch with heart rate fitness tracker sports watch for men with dial call feature music control step tracking, everyday activity monitoring",889.0,5.0,1.0,True,,0,0,0,0,0,1,0,0,1,0,0,0,1,1,0,0,0,0,0,1,0,0,elevea 𝟏𝟓 𝐘𝐞𝐚𝐫𝐬 𝐆𝐮𝐚𝐫𝐚𝐧𝐭𝐞𝐞 bluetooth,Budget,0
techking model launched bluetooth d20 smartwatch with heart rate monitor for all mens/womens/boys/girls with beautiful rosegold color,959.0,5.0,1.0,True,,0,0,0,0,0,1,0,0,1,0,0,0,0,0,0,0,0,0,0,1,1,0,techking model launched bluetooth d20,Budget,0
"gamesir genquella premium smartwatch for women & girls, bluetooth calling, 1.69” amoled hd display, 100+ fitness modes, spo₂ & sleep monitor, custom watch faces, ip68 waterproof,(skyblue)",1299.0,3.8,31.0,True,Limited time deal,1,1,0,1,0,1,1,0,0,0,1,0,0,0,0,1,1,0,0,1,1,0,gamesir genquella premium smartwatch for,Budget,0
"biggerfive smart watch for kids, 1.8"" fitness tracker watch pedometer, heart rate, ip68 waterproof, sleep monitor, calorie step counter, puzzle game with/without app for girls boys teens 5-16, nylon",8157.0,4.4,960.0,True,,0,0,0,0,0,0,0,0,1,0,1,0,0,1,1,1,1,0,0,0,0,1,"biggerfive smart watch for kids,",Premium,0
"smart watch for men women (answer/make call), 2025 new 1.91"" hd smartwatch, fitness watch with 120+ sport modes, ip68 waterproof, heart rate/sleep monitor, pedometer, activity tracker for android ios",4312.0,3.8,15.0,True,,0,0,0,0,0,0,0,0,1,0,1,0,0,0,0,1,1,0,0,1,1,0,smart watch for men women,Mid-Range,0
"accutime frozen smart watch (model: fzn4587az), blue",6097.0,4.4,2100.0,True,,0,0,0,0,0,0,0,0,0,0,0,0,0,0,0,0,0,0,0,0,0,0,accutime frozen smart watch (model:,Mid-Range,1
"fastrack magnus fx1 1.38"" display metal case smart watch with single sync bt calling, functional crown, 100+ sports modes, health tracking, in-built games – smartwatch for men (black)",3499.0,3.8,922.0,True,,0,0,0,0,0,0,1,0,0,0,0,0,1,0,0,0,0,0,0,1,0,0,"fastrack magnus fx1 1.38"" display",Mid-Range,0
"vi vintrons gb-s10, gb-s10-353235-0100 replacement battery for sony smartwatch 3, swr50,",5250.0,2.4,2.0,True,,0,0,0,0,0,0,0,0,0,0,0,0,0,0,0,0,0,0,0,1,0,0,"vi vintrons gb-s10, gb-s10-353235-0100 replacement",Mid-Range,0
"waterproof smart watch for kids with 32 games, dual camera, video habit tracking, music player, pedometer, screen protectors, neck strap, hd touch screen, kids smart watch toys",5397.0,4.3,346.0,True,,0,0,0,0,0,0,0,0,0,0,0,0,0,0,0,1,0,0,0,0,0,1,waterproof smart watch for kids,Mid-Range,0
"military smart watches for men, fitness watch,ip68 waterproof 20days standby,2.02"" screen tactical watch with app for heart rate/sleep monitor/blood oxygen,smartwatch for android & iphone",5161.0,4.2,20.0,True,,0,0,0,0,0,0,0,0,1,0,1,1,0,0,0,1,1,0,0,1,0,0,"military smart watches for men,",Mid-Range,0
"techking waterproof jb20 smartwatch 1.3? led display, customize watch faces, heart & pedometer monitoring, sleep monitor and all other basic functionality for men/women/boys/girls (rosegold)",959.0,3.5,2.0,True,,0,0,0,0,0,0,0,0,0,0,1,0,0,0,0,1,0,0,0,1,1,0,techking waterproof jb20 smartwatch 1.3?,Budget,0
"iowodo smart watch(answer/make call), 1.85"" smartwatch for men women, 100+ sport modes, pedometer, ip68 waterproof fitness tracker, heart rate/sleep monitor, smart watches for android & ios (2 straps)",3357.0,4.3,276.0,True,,0,0,0,0,0,0,0,0,1,0,1,0,0,1,0,1,1,0,0,1,1,0,"iowodo smart watch(answer/make call), 1.85""",Mid-Range,0
"melbon® 2g sim card smartwatch for kids, lbs location tracking, voice message, cameras, 2g voice calling & message, sos, geo-fencing, games - perfect for child safety and entertainment (blue)",1349.0,3.1,131.0,True,Limited time deal,0,0,0,0,0,0,1,0,0,0,0,0,0,0,0,0,0,0,0,1,0,1,melbon® 2g sim card smartwatch,Budget,0
"punnkfunnk h18 pro smartwatch for men & women | 2.01"" hd tft display | bluetooth calling | heart rate & spo2 monitor | long battery life | ip67 fitness watch with multiple sports modes- (green)",949.0,3.6,12.0,True,Limited time deal,0,0,0,0,0,1,1,0,1,1,0,0,1,0,0,0,0,1,0,1,1,0,punnkfunnk h18 pro smartwatch for,Budget,0
"hwagol smart watch (answer/make calls), 1.39"" fitness tracker, smartwatch heart rate/sleep monitor/pedometer/calories, 140+ sports modes, waterproof women's men's fitness watch for android ios",8204.0,4.1,981.0,True,,0,0,0,0,0,0,0,0,1,0,1,0,1,1,0,1,0,0,0,1,1,0,"hwagol smart watch (answer/make calls),",Premium,0
"watch h9 smart watch, 2.01"" ultra hd display with bluetooth calling, voice assistance, 7 days battery, multiple sports mode, smartwatch for men, women, boys, girls and kids (pink)",829.0,4.3,7.0,True,,0,1,0,0,0,1,1,0,0,0,0,0,1,0,0,0,0,0,0,1,1,1,"watch h9 smart watch, 2.01""",Budget,0
"gamesir safeguard kids smart watch 5g/4g with sim calling, 800mah battery, gps tracker, sos alerts, video calling, face unlock, voice chat, games, ip67 waterproof (pink)",3129.0,3.1,91.0,True,Limited time deal,0,0,0,0,1,0,1,0,0,0,0,0,0,0,0,1,0,1,0,0,0,1,gamesir safeguard kids smart watch,Mid-Range,0
"gamesir gen 12 pro bluetooth smartwatch for men & women | amoled display with touchscreen fitness tracker| elegant round dial, sports mode, health monitoring, waterproof (red)",1183.0,3.9,13.0,True,,1,0,0,1,0,1,0,0,0,0,0,0,1,1,0,1,0,0,0,1,1,0,gamesir gen 12 pro bluetooth,Budget,0
"noise pro 6 smart watch:intelligent ai, endless ai watch faces, ai companion, 1.85” amoled, en2 processor, nebula ui 2.0, emergency sos, compatible with ios & android(ivory gold)",5000.0,4.0,24100.0,True,,1,0,0,1,0,0,0,0,0,0,0,0,0,0,0,0,0,0,0,0,0,0,noise pro 6 smart watch:intelligent,Mid-Range,1
"accutime kids microsoft minecraft green educational learning touchscreen smart watch toy for boys, girls, toddlers - selfie cam, learning games, alarm, calculator, pedometer & more (model: min4045az)",8085.0,4.4,6100.0,True,,0,0,0,0,0,0,0,0,0,0,0,0,0,0,0,0,0,0,0,0,0,1,accutime kids microsoft minecraft green,Premium,1
"spiky griffin kid's 2g voice call smart watch with sos, torch, camera | dual cameras, voice calling, sos, selfie stickers, games | perfect for kids boys and girls| age 4-12 years | pink",3599.0,3.4,41.0,True,,0,0,0,0,0,0,1,0,0,0,0,0,0,0,0,0,0,0,0,0,0,1,spiky griffin kid's 2g voice,Mid-Range,0
"punnkfunnk h18 pro smartwatch for men & women | 2.01"" hd tft display | bluetooth calling | heart rate & spo2 monitor | long battery life | ip67 fitness watch with multiple sports modes- (ocean green)",949.0,3.6,12.0,True,Limited time deal,0,0,0,0,0,1,1,0,1,1,0,0,1,0,0,0,0,1,0,1,1,0,punnkfunnk h18 pro smartwatch for,Budget,0
"gamesir h18 pro smartwatch with long battery life, 2.01"" high-resolution screen, bluetooth calling, ip68 waterproof, tft display, luxury design for men & women (green)",939.0,3.9,116.0,True,,0,0,0,0,0,1,1,0,0,0,0,0,0,0,0,1,1,0,0,1,1,0,gamesir h18 pro smartwatch with,Budget,0
"setracker 'l2-lite' video & voice calling 4g kids smartwatch | 4g/5g sim supported | indoor location tracking, camera, sos | app control | voice chat | long battery life - green",4750.0,2.8,9.0,True,,0,0,0,0,0,0,1,0,0,0,0,0,0,0,0,0,0,0,0,0,0,1,setracker 'l2-lite' video & voice,Mid-Range,0
"toobur smart watch for women, smartwatch compatible android phone and ios phone, answer/make calls, fitness tracker watch, heart rate/sleep tracker/100 sports/ip68 waterproof, pink",10577.0,4.3,339.0,True,,0,0,0,0,0,0,0,0,1,0,1,0,1,1,0,1,1,0,0,1,1,0,"toobur smart watch for women,",Premium,0
"gamesir musk pro 5g/4g kids smart watch with gps tracker, sim calling, face unlock, video calls, sos alerts, ip67 waterproof, 800mah battery, voice chat, live location(main -colour) (olivegreen)",3129.0,3.7,56.0,True,Limited time deal,0,0,0,0,1,0,1,0,0,0,0,0,0,0,0,1,0,1,0,0,0,1,gamesir musk pro 5g/4g kids,Mid-Range,0
"setracker connect2kidz lbs-m2 smart watch for kids | safe 2-way calling | lbs based location tracking, sos alerts, voice chat | long battery life | smart watch for kids, girls & boys – black",1837.0,2.7,9.0,True,,0,0,0,0,0,0,1,0,0,0,0,0,0,0,0,0,0,0,0,0,0,1,setracker connect2kidz lbs-m2 smart watch,Budget,0
"punnkfunnk safeguard kids smart watch 5g/4g with sim calling, gps tracker, video calling, sos alerts, face unlock, voice chat, games, ip67 waterproof, 800mah battery (pink)",2833.0,3.5,93.0,True,,0,0,0,0,1,0,1,0,0,0,0,0,0,0,0,1,0,1,0,0,0,1,punnkfunnk safeguard kids smart watch,Budget,0
"punnkfunnk genquella smartwatch for women with bluetooth calling, 1.69"" hd touchscreen, heart rate spo2 sleep tracker, 100+ sports modes, ip67 fitness watch for android iphone(green)",1239.0,3.2,32.0,True,Limited time deal,0,0,0,0,0,1,1,0,1,1,1,0,1,0,0,0,0,1,0,1,1,0,punnkfunnk genquella smartwatch for women,Budget,0
"vrpefit smart watch for men women 1.8"" fitness tracker, bluetooth call, heart rate sleep blood oxygen monitor, 100+ sports modes, ip68 waterproof smartwatch for android iphone, alexa built-in",15955.0,4.2,14.0,True,,0,0,0,0,0,1,0,1,1,0,1,1,1,1,0,1,1,0,0,1,1,0,vrpefit smart watch for men,Premium,0
"minecraft kids smart watch - interactive touchscreen with games, camera, step counter, alarm, timer, voice recorder, and cool minecraft silicone strap - fits wrists 5.5"" to 8.5"", black, 40mm,",5753.0,4.4,266.0,True,,0,0,0,0,0,0,0,0,0,0,0,0,0,0,1,0,0,0,0,0,0,1,minecraft kids smart watch -,Mid-Range,0
"gydom smart watch for women/men, 1.85"" amoled vivid smartwatch compatible iphone/samsung/android (bluetooth call), 120+ sport modes fitness tracker with heart rate/sleep/spo2 monitor, 3atm waterproof",14230.0,4.1,16.0,True,,1,0,0,1,0,1,0,0,1,1,1,0,0,1,0,1,0,0,0,1,1,0,"gydom smart watch for women/men,",Premium,0
"noise endeavour 2 rugged smart watch – 1.46″ amoled display, built-in gps, abc sensors, up to 7-day battery, 5atm water resistance, ai, strava integration, for ios & android (silver grey)",5499.0,3.8,20.0,True,,1,0,0,1,1,0,0,0,0,0,0,0,0,0,0,0,0,0,1,0,0,0,noise endeavour 2 rugged smart,Mid-Range,0
"smart watch for men android/iphone, 2.06"" hd anti-impact touchscreen gps smartwatch with heart rate/spo2/sleep/monitor, answer/make call/notifications, fitness watch ip68 waterproof, 100+ sport mode",5328.0,3.8,9.0,True,,0,0,0,0,1,0,0,0,1,1,1,0,0,0,0,1,1,0,0,1,0,0,"smart watch for men android/iphone,",Mid-Range,0
"smart watch for men women (answer/make calls), 1.91"" hd smartwatch with heart rate monitor sleep monitor, ip68 waterproof, 115+ sports activity trackers with pedometer, fitness watch for android/ios",7999.0,4.1,72.0,True,,0,0,0,0,0,0,0,0,1,0,1,0,1,0,0,1,1,0,0,1,1,0,smart watch for men women,Premium,0
esfoe smartwatch,4966.0,4.0,41.0,True,,0,0,0,0,0,0,0,0,0,0,0,0,0,0,0,0,0,0,0,0,0,0,esfoe smartwatch,Mid-Range,0
"smart watch for men women, 1.85"" (46mm) smartwatch compatible iphone/samsung/android (answer/make calls), 100+ sport modes fitness tracker with heart rate/sleep/spo2 monitor, ip68 waterproof, 2 bands",12273.0,4.1,96.0,True,,0,0,0,0,0,0,0,0,1,1,1,0,0,1,0,1,1,0,0,1,1,0,"smart watch for men women,",Premium,0
tuanzi t20 smart watch with earbuds 1.3 inch smartwatch built-in wireless combo tws hifi stereo headset heart rate monitor fitness tracker t20-black,11761.0,3.4,30.0,True,,0,0,0,0,0,0,0,0,1,0,0,0,0,1,0,0,0,0,0,0,0,0,tuanzi t20 smart watch with,Premium,0
smartwatch for women compatible for iphone samsung android ios phones. smart bracelet with female menstrual cycle heart rate blood pressure remote photography waterproof pedometer (gold),15228.0,3.7,111.0,True,,0,0,0,0,0,0,0,0,1,0,0,0,0,0,0,1,0,0,0,1,1,0,smartwatch for women compatible for,Premium,0
punnkfunnk novolux hd display smartwatch for men & women | bluetooth calling | heart rate | sleep monitor | 113+ sports modes | ip67 waterproof smartwatch for android & ios - (ocean green),949.0,3.6,163.0,True,Limited time deal,0,1,0,0,0,1,1,0,1,0,1,0,1,0,0,1,0,1,0,1,1,0,punnkfunnk novolux hd display smartwatch,Budget,0
"watchout next-gen+ smart watch for kids, gps watch for kid tracker, with sim slot 5g, video & voice calling, heart rate & fever alert, sos emergency alerts, smart watch for kids 3-13 (captain blue)",4999.0,4.0,323.0,True,Limited time deal,0,0,0,0,1,0,1,0,1,0,0,0,0,0,0,0,0,0,0,0,0,1,watchout next-gen+ smart watch for,Mid-Range,0
"military smart watch for men with led flashlight (call/message), ip68 waterproof, 530mah battery, 1.43"" amoled 110 sport modes smartwatch for android ios",8777.0,3.9,24.0,True,,1,0,0,1,0,0,0,0,0,0,0,0,0,0,0,1,1,0,0,1,0,0,military smart watch for men,Premium,0
"gamesir musk 5g 5g/4g kids smart watch with gps tracker, sim calling, face unlock, video calls, sos alerts, ip67 waterproof, 800mah battery, voice chat, live location (grey)",3129.0,3.6,100.0,True,Limited time deal,0,0,0,0,1,0,1,0,0,0,0,0,0,0,0,1,0,1,0,0,0,1,gamesir musk 5g 5g/4g kids,Mid-Range,0
"maxx sx25 ace smartwatch - 1.69"" display, bluetooth, 100+ sports modes, health suite, voice assistance, includes 2 bonus straps (black)",5949.0,3.4,6.0,True,,0,0,0,0,0,1,0,0,0,0,0,0,1,0,0,0,0,0,0,0,0,0,maxx sx25 ace smartwatch -,Mid-Range,0
"smart watch for men with answer/make call 100+ sports modes fitness smart watch, ip68 waterproof 30 days extra-long battery heart rate/blood oxygen/sleep monitor smartwatch for android and ios black",5940.0,4.0,875.0,True,,0,0,0,0,0,0,0,0,1,0,1,1,1,0,0,1,1,0,0,1,0,0,smart watch for men with,Mid-Range,0
"octandra move 2 veryfit 1.8"" bluetooth answer call alexa smart watch heart rate blood oxygen saturation sleep monitor step counter ip68 activity fitness tracker watches for men women (idw13) (blue)",8683.0,4.1,2000.0,True,,0,0,0,0,0,1,0,1,1,0,1,1,0,1,1,0,1,0,0,1,1,0,"octandra move 2 veryfit 1.8""",Premium,1
"fire-boltt phoenix aura women smart watch with 1.26” diamond-cut hd display, rotating crown, wireless charging, bluetooth calling, voice assistant, 120+ sports modes - slate grey",1699.0,4.1,1700.0,True,Limited time deal,0,1,0,0,0,1,1,0,0,0,0,0,1,0,0,0,0,0,0,1,1,0,fire-boltt phoenix aura women smart,Budget,1
"hammer polar 2.01"" ips always on display, advanced bluetooth calling smart watch, dual mode, voice assistant, rotating crown, sleek desgin, sports modes, 500 nits brightness, 240x296 px (ice grey)",1299.0,3.8,419.0,True,,0,0,0,0,0,1,1,0,0,0,0,0,1,0,0,0,0,0,0,0,0,0,"hammer polar 2.01"" ips always",Budget,0
"parsonver smart watch for women(answer/make calls), hd screen fitness tracker ip68 waterproof, 100+ sport modes, heart rate/sleep/spo2/steps monitor, round smartwatch for android & iphone, rose gold",6812.0,4.1,6000.0,True,,0,0,0,0,0,0,0,0,1,1,1,0,0,1,0,1,1,0,0,1,1,0,parsonver smart watch for women(answer/make,Mid-Range,1
"gamesir active 2 smartwatch for men & women, 1.39” hd round display, bluetooth calling, heart rate & spo₂, 100+ sports modes, ip67, long battery life for android & ios (magnetic dark grey)",1499.0,4.5,16.0,True,,0,0,0,0,0,1,1,0,1,0,0,0,1,0,0,0,0,1,0,1,1,0,gamesir active 2 smartwatch for,Budget,0
"wearfit scout 4g kids smart watch with gps tracker - 2-way video calling, location tracking, sos alert & parental controls 7 games - smartwatch for boys & girls ages 3-12 no jio support (black)",5499.0,3.1,5.0,True,,0,0,0,0,1,0,1,0,0,0,0,0,0,0,0,0,0,0,0,0,0,1,wearfit scout 4g kids smart,Mid-Range,0
"gamesir musk 5g/4g kids smart watch with gps tracker, sim calling, face unlock, video calls, sos alerts, ip67 waterproof, 800mah battery, voice chat, live location(lightblue)",3129.0,3.6,100.0,True,Limited time deal,0,0,0,0,1,0,1,0,0,0,0,0,0,0,0,1,0,1,0,0,0,1,gamesir musk 5g/4g kids smart,Mid-Range,0
"esfoe smart watches for women,1.19” amoled smartwatch for android ios phone,ip68 waterproof fitness tracker watch with heart rate sleep monitor 100+ sports pedometer,ceramic(answer/make calls)",6761.0,4.0,38.0,True,,1,0,0,1,0,0,0,0,1,0,1,0,1,1,0,1,1,0,0,1,1,0,"esfoe smart watches for women,1.19”",Mid-Range,0
"active2- round bt calling with 25+ new features round watch for man & women smartwatch (black strap, free size)",1299.0,2.6,4.0,True,,0,0,0,0,0,0,1,0,0,0,0,0,0,0,0,0,0,0,0,1,1,0,active2- round bt calling with,Budget,0
"care case gen 9 smartwatch for women with metal strap & hd display, bluetooth calling, 100+ watch faces, health tracker, sports modes & ip67 waterproof(rose gold)",1299.0,2.0,1.0,False,,0,1,0,0,0,1,1,0,0,0,0,0,1,0,0,1,0,1,0,1,1,0,care case gen 9 smartwatch,Budget,0
"children's smart watch, 4g gps watch for kids with wifi, sms, call, voice video chat, bluetooth, audio recording, alarm, pedometer, children's smartwatch, christmas birthday gift for",8446.0,3.1,8.0,True,,0,0,0,0,1,1,0,0,0,0,0,0,0,0,0,0,0,0,0,0,0,1,"children's smart watch, 4g gps",Premium,0
"h9 smart watch with 2.01"" ultra hd display, bluetooth 5.0, 100+ sports mode, heart rate & blood oxygen monitor, 7-days battery life, compatible with men & women (silver) (silver)",871.0,3.4,4.0,True,,0,1,0,0,0,1,0,0,1,0,0,1,1,0,0,0,0,0,0,1,1,0,"h9 smart watch with 2.01""",Budget,0
"smart watch for men women(answer/make calls), 1.96"" hd smartwatch, fitness tracker with 110+ sport modes, ip68 waterproof, heart rate/sleep/step monitor, pedometer, activity tracker for android ios",5806.0,4.2,40.0,True,,0,0,0,0,0,0,0,0,1,0,1,0,0,1,0,1,1,0,0,1,1,0,smart watch for men women(answer/make,Mid-Range,0
"hwagol smart watches for men (call/notification),1.52'' military smart watch, two style kits,flashlight,100+sport modes/heart rate/sleep monitor/pedometer (steelblack)",10639.0,4.1,31.0,True,,0,0,0,0,0,0,0,0,1,0,1,0,0,0,0,0,0,0,0,1,0,0,hwagol smart watches for men,Premium,0
"military smart watch for men with bluetooth call, 1.43"" amoled fitness tracker with blood pressure/heart rate/sleep monitor, 100+ sports modes waterproof tactical smartwatch for android ios",11898.0,4.2,28.0,True,,1,0,0,1,0,1,0,0,1,0,1,0,1,1,0,1,0,0,0,1,0,0,military smart watch for men,Premium,0
"smart watch with alexa built-in, 1.83"" hd touchscreen fitness tracker with bluetooth calling",12842.0,3.9,12.0,True,,0,0,0,0,0,1,1,1,0,0,0,0,0,1,0,0,0,0,0,0,0,0,"smart watch with alexa built-in,",Premium,0
"smart watch, 1.43'' amoled smart watches for men women (answer/make call), fitness tracker with heart rate/sleep monitor, ip68 waterproof activity tracker, pedometer for android ios",15694.0,5.0,2.0,True,,1,0,0,1,0,0,0,0,1,0,1,0,0,1,0,1,1,0,0,1,1,0,"smart watch, 1.43'' amoled smart",Premium,0
"efolen smart watches for women with diamonds (answer/make call), 1.57'' bluetooth smartwatch for android ios phones, waterproof fitness watch with heart rate/spo2/sleep/bp/ai voicer (rose gold)",11556.0,4.0,260.0,True,,0,0,0,0,0,1,0,0,1,1,1,0,0,0,0,1,0,0,0,1,1,0,efolen smart watches for women,Premium,0
"military smart watches for men(3 bands),1000mah/1.75"" hd large screen smartwatch, flashlight/110+ sports modes/ip68 waterproof/sleep monitor fitness tracker watch for android ios,gunmetal",13257.0,4.0,12.0,True,,0,0,0,0,0,0,0,0,0,0,1,0,1,1,0,1,1,0,0,1,0,0,military smart watches for men(3,Premium,0
"goboult dire smartwatch: 1.38'' 2.5d curved hd display, bt calling, 500 nits brightness, ip67, 250+ watchfaces, 120+ sports modes, ai voice assistant, spo2 monitoring (jet black)",1369.0,3.5,296.0,True,,0,1,0,0,0,0,1,0,0,1,0,0,1,0,0,0,0,1,0,0,0,0,goboult dire smartwatch: 1.38'' 2.5d,Budget,0
"military smart watch for men (answer/dial calls), 1.45"" fitness tracker with 100-day battery/flashlight/compass/heart rate/sleep 120+ sports ip68 waterproof smartwatch for ios android(2 straps)",9507.0,4.1,58.0,True,,0,0,0,0,0,0,0,0,1,0,1,0,1,1,0,1,1,0,0,1,0,0,military smart watch for men,Premium,0
"gamesir genquira elegant smartwatch for women with call function, amoled touchscreen, 24/7 wellness monitoring, voice assistant, long battery life, ip68 water resistant android support(red)",1299.0,3.5,25.0,True,Limited time deal,1,0,0,1,0,0,0,0,0,0,0,0,0,0,0,0,1,0,0,1,1,0,gamesir genquira elegant smartwatch for,Budget,0
"punnkfunnk gendiva smart watch for women, 1.69"" amoled display, bluetooth calling, 100+ sports modes, heart rate & spo2 tracker, sleep monitor (gendiva green, green)",1158.0,3.8,47.0,True,,1,0,0,1,0,1,1,0,1,1,1,0,1,0,0,0,0,0,0,1,1,0,punnkfunnk gendiva smart watch for,Budget,0
"smart watches for men answer/make calls, 1.52"" rugged smartwatch, 5atm waterproof fitness watch with 118 sports modes,24/7 heart rate/bp/sleep tracker, military smart watch for android/iphone",7261.0,4.0,1100.0,True,,0,0,0,0,0,0,0,0,1,0,1,0,1,0,0,1,0,0,1,1,0,0,smart watches for men answer/make,Premium,1
"military smarty watch for men, 2.01"" smartwatch with 1000mah battery, flashlight, answer/make calls, heart rate/sleep monitor 100+ sport modes fitness tracker for android/ipone",8491.0,4.2,64.0,True,,0,0,0,0,0,0,0,0,1,0,1,0,0,1,0,0,0,0,0,1,0,0,"military smarty watch for men,",Premium,0
"gamesir h18 pro smartwatch with long battery life, 2.01"" high-resolution screen, bluetooth calling, ip68 waterproof, tft display, luxury design for men & women (light sky blue)",939.0,3.9,116.0,True,Limited time deal,0,0,0,0,0,1,1,0,0,0,0,0,0,0,0,1,1,0,0,1,1,0,gamesir h18 pro smartwatch with,Budget,0
"smart watches for women, 1.43"" amoled screen bluetooth call smartwatch, 120+ sports modes fitness tracker, blood oxygen heart rate sleep monitor for android ios gold",5636.0,4.2,5.0,True,,1,0,0,1,0,1,0,0,1,0,1,1,1,1,0,0,0,0,0,1,1,0,"smart watches for women, 1.43""",Mid-Range,0
"nickwatch by nickelodeon gps tracking smartwatch with app, chat & call, durable, sos call, motion games, step counter, school mode & more endless fun for all requires data plan-first month free",14110.0,3.1,72.0,True,,0,0,0,0,1,0,0,0,0,0,0,0,0,0,1,0,0,0,0,0,0,0,nickwatch by nickelodeon gps tracking,Premium,0
"fastrack vox neo smart watch with 1.91” curved tft display, rotary crown, offline voice commands,to-do list, bt calling, 24/7 health suite, spo2, hrm, sleep tracking, ip68 water resistant - onyx black",2399.0,4.2,21.0,True,,0,0,0,0,0,0,1,0,0,1,1,0,0,0,0,0,1,0,0,0,0,0,fastrack vox neo smart watch,Budget,0
"punnkfunnk gendiva smart watch for women, 1.69"" amoled display, bluetooth calling, 100+ sports modes, heart rate & spo2 tracker, sleep monitor (rose gold plain)",1329.0,3.8,47.0,True,Limited time deal,1,0,0,1,0,1,1,0,1,1,1,0,1,0,0,0,0,0,0,1,1,0,punnkfunnk gendiva smart watch for,Budget,0
"gamesir novolux hd display smartwatch for men & women answer/make calls, heart rate monitor, 113+ sports modes, step counter, ip68 waterproof, compatible with android & ios (red)",892.0,3.6,110.0,True,,0,1,0,0,0,0,0,0,1,0,0,0,1,0,1,1,1,0,0,1,1,0,gamesir novolux hd display smartwatch,Budget,0
"gamesir genquira elegant smartwatch for women with call function, amoled touchscreen, 24/7 wellness monitoring, voice assistant, long battery life, ip68 water resistant android support(maroon)",1299.0,3.5,25.0,True,Limited time deal,1,0,0,1,0,0,0,0,0,0,0,0,0,0,0,0,1,0,0,1,1,0,gamesir genquira elegant smartwatch for,Budget,0
"smartwatch for men and women with make/answer calls, 1.85'' hd smartwatch with sleep pedometer, 110 sports watch beige",3223.0,4.5,93.0,True,,0,0,0,0,0,0,0,0,0,0,1,0,1,0,0,0,0,0,0,1,1,0,smartwatch for men and women,Mid-Range,0
"kids smart watch for boys girls,child smartwatches with 16 games music player camera alarm clock calculator 12/24 hr touch screen for kids age 4-12 birthday educational learning toys, blue",7604.0,4.3,589.0,True,,0,0,0,0,0,0,0,0,0,0,0,0,0,0,0,0,0,0,0,0,0,1,kids smart watch for boys,Premium,0
"smart watch for men women, 1.8"" full touch screen fitness tracker with heart rate spo2 sleep monitor, 100+ sports 5atm waterproof swim smartwatch for android ios phones (black, 1.8"")",3506.0,4.1,37.0,True,,0,0,0,0,0,0,0,0,1,1,1,0,1,1,0,1,0,0,1,1,1,0,"smart watch for men women,",Mid-Range,0
"smart watch(answer/make call), 1.96""hd smartwatch for men women with heart rate/sleep monitor/pedometer, 2025 new activity fitness watch 113+ sport modes, ip68 waterproof running watch for android ios",5168.0,4.1,26.0,True,,0,0,0,0,0,0,0,0,1,0,1,0,0,0,0,1,1,0,0,1,1,0,"smart watch(answer/make call), 1.96""hd smartwatch",Mid-Range,0
"rugged smart watch for men, original smartwatch, waterproof digital watch for the toughest jobs, with fitness trackers, heart rate monitor, ip68, pedometer, workout modes and more",16010.0,3.6,18.0,True,,0,0,0,0,0,0,0,0,1,0,0,0,0,1,0,1,1,0,0,1,0,0,"rugged smart watch for men,",Premium,0
"military smart watches for men,1000mah/1.7"" hd large screen smartwatch, led flashlight, answer/make calls,waterproof,heart rate/sleep monitor/110+ sport modes fitness watch for android/iphone",10093.0,4.5,29.0,True,,0,0,0,0,0,0,0,0,1,0,1,0,0,0,0,1,0,0,0,1,0,0,"military smart watches for men,1000mah/1.7""",Premium,0
"smart watch for men women (answer/make call), 1.96"" hd fitness tracker running watch, ip68 waterproof,pedometer, sleep/step/activity/heart rate monitor,110+ sport mode smartwatch for ios android phone",11793.0,3.4,13.0,True,,0,0,0,0,0,0,0,0,1,0,1,0,0,1,0,1,1,0,0,1,1,0,smart watch for men women,Premium,0
"fastrack rider plus smart watch for man and smart watch for women latest with 1.83"" display, fast charge, bluetooth calling, 100+ sports modes, spo2, ip68, ideal for boys and girls (blue)",1749.0,4.2,13.0,True,,0,0,0,0,0,1,1,0,0,1,0,0,1,0,0,0,1,0,0,1,1,0,fastrack rider plus smart watch,Budget,0
"toobur smart watch for women, alexa built-in, answer/make calls, 1.91"" hd screen fitness watch, ip68 waterproof, 100 sports, heart rate monitor, sleep tracker, smartwatch compatible android ios, lilac",9695.0,4.4,162.0,True,,0,0,0,0,0,0,0,1,1,0,1,0,1,0,0,1,1,0,0,1,1,0,"toobur smart watch for women,",Premium,0
"smart watch for men women, 1.92"" smartwatches (answer/make call), 112+ sports modes fitness activity tracker, calories/heart rate/sleep monitor, ip68 waterproof step counter",7934.0,4.2,24.0,True,,0,0,0,0,0,0,0,0,1,0,1,0,1,0,1,1,1,0,0,1,1,0,"smart watch for men women,",Premium,0
"boat lunar discovery pro, 1.39"" display, premium metal build, round dial, emergency sos, functional crown, multiple sports modes, hr,spo2 & sleep tracking, smart watch for men & women (cocoa brown)",1499.0,3.8,5600.0,True,,0,0,0,0,0,0,0,0,0,1,1,0,1,0,0,0,0,0,0,1,1,0,"boat lunar discovery pro, 1.39""",Budget,0
"elevea 𝟏𝟓 𝐘𝐞𝐚𝐫𝐬 𝐆𝐮𝐚𝐫𝐚𝐧𝐭𝐞𝐞, smart watch with 1.54 inch display, bluetooth calling fitness watch, heart rate and sleep monitoring waterproof smartwatch",889.0,5.0,3.0,True,,0,0,0,0,0,1,1,0,1,0,1,0,0,0,0,1,0,0,0,0,0,0,"elevea 𝟏𝟓 𝐘𝐞𝐚𝐫𝐬 𝐆𝐮𝐚𝐫𝐚𝐧𝐭𝐞𝐞, smart",Budget,0
"boat enigma daze women's luxury smart watch w/ 1.3”(3.3cm) auravue display w/ 20% higher brightness, emergency sos, female wellness tracking, bt calling, smart watch for women latest (elegant silver)",1999.0,3.7,2300.0,True,,0,0,0,0,0,0,1,0,0,0,0,0,0,0,0,0,0,0,0,1,1,0,boat enigma daze women's luxury,Budget,0
"4g kids smart watch - kids smart watch with sim card, sos call camera, video alarm, stopwatch, audiobook, music games, pedometer, gift, toy for boys and girls ages 4-12",6875.0,4.8,5.0,True,,0,0,0,0,0,0,0,0,0,0,0,0,0,0,0,0,0,0,0,0,0,1,4g kids smart watch -,Mid-Range,0
"military smart watch for men (answer/make calls), 2.01"" fitness watch tracker with 100-day battery/flashlight/compass/heart rate/120+ sports modes/ip68 waterproof smartwatch for ios android(2 straps)",12218.0,4.0,7.0,True,,0,0,0,0,0,0,0,0,1,0,0,0,1,0,0,1,1,0,0,1,0,0,military smart watch for men,Premium,0
"punnkfunnk h18 pro smartwatch for men & women | 2.01"" hd tft display | bluetooth calling | heart rate & spo2 monitor | long battery life | ip67 fitness watch with multiple sports modes- (grey)",949.0,3.6,12.0,True,,0,0,0,0,0,1,1,0,1,1,0,0,1,0,0,0,0,1,0,1,1,0,punnkfunnk h18 pro smartwatch for,Budget,0
"boat storm verge, 1.72"" (4.4 cm) unisex design, auravue display with 20% higher brightness, premium metal body, 80+ sports mode, bluetooth calling, smart watch for men & women (rose gold)",1799.0,4.0,127.0,True,Limited time deal,0,0,0,0,0,1,1,0,0,0,0,0,1,0,0,0,0,0,0,1,1,0,"boat storm verge, 1.72"" (4.4",Budget,0
"benyar smart smartwatch for men with bluetooth calling,1.85” hd display fitness tracker with 100+ sports modes, 1000mah battery & heart rate monitor built-in led flashlight for android ios",12138.0,4.2,5.0,True,,0,1,0,0,0,1,1,0,1,0,0,0,1,1,0,0,0,0,0,1,0,0,benyar smart smartwatch for men,Premium,0
"smart watch with alexa & bluetooth calling-1.83"" hd touchscreen fitness watch, fitness tracker w/heart rate/sleep monitor, 30-day standby, 120+ sports modes, ip68 waterproof smartwatch for android ios",9511.0,4.4,7.0,True,,0,0,0,0,0,1,1,1,1,0,1,0,1,1,0,1,1,0,0,0,0,0,smart watch with alexa &,Premium,0
"ticwatch gth pro smartwatch arty heart health&dual sensor technology 5atm waterproof gps fitness tracker with heart rate&sleep monitor blood oxygen for men women ios/android compatible,black",6599.0,3.5,137.0,True,,0,0,0,0,1,0,0,0,1,0,1,1,0,1,0,1,0,0,1,1,1,0,ticwatch gth pro smartwatch arty,Mid-Range,0
"monowul smart watch for kids, 1.85"" fitness tracker with heart rate, sleep monitor, ip68 waterproof smartwatches with video music, pedometer, game, no app/phone, gift for boys girls. (classic, pink)",7360.0,4.4,323.0,True,,0,0,0,0,0,0,0,0,1,0,1,0,0,1,0,1,1,0,0,0,0,1,"monowul smart watch for kids,",Premium,0
"smart watch 1.91” super amoled display, bluetooth calling, spo2, heart rate monitor, 120+ sports modes, voice assistant, 7 days battery life smart watch for man, women, boys & girls",899.0,3.0,5.0,True,,1,0,0,1,0,1,1,0,1,1,0,0,1,0,0,0,0,0,0,1,1,0,smart watch 1.91” super amoled,Budget,0
"smart fitness d-115 watch for xiaomi mi mix 2 original sports touchscreen smart watch bluetooth 1.3"" smart watch led with daily activity tracker, heart rate h sleep monitorer (d-115)",999.0,1.0,1.0,False,,0,0,0,0,0,1,0,0,1,0,1,0,1,0,0,0,0,0,0,0,0,0,smart fitness d-115 watch for,Budget,0
"sunkta military smartwatches for men,120 sports modes smart watches with bluetooth call (answer/dial calls), 5atm waterproof rugged tactical fitness tracker 1.39''hd smart watch for iphone android",10954.0,4.1,75.0,True,,0,0,0,0,0,1,0,0,0,0,0,0,1,1,0,1,0,0,1,1,0,0,"sunkta military smartwatches for men,120",Premium,0
"accutime minecraft kids smartwatch with 10 watch faces, selfie&video camera, step counter, voice recorder, fun games, timer, stopwatch, alarm, calculator,&wallpapers – fits wrists 5.5""-8.0"", purple,",6902.0,5.0,1.0,True,,0,0,0,0,0,0,0,0,0,0,0,0,0,0,1,0,0,0,0,0,0,1,accutime minecraft kids smartwatch with,Mid-Range,0
"smart watch for women (answer/make calls) 1.83"" hd fitness running smartwatch compatible android ios phones with step/heart rate/sleep monitor,120+ sports modes ip68 waterproof, purple gold/3 bands",10136.0,4.2,4.0,True,,0,0,0,0,0,0,0,0,1,0,1,0,1,0,0,1,1,0,0,1,1,0,smart watch for women (answer/make,Premium,0
"smart watch for men women, 2026 new smartwatch(answer/make call) , 1.91"" fitness watch with 120+ sport modes, fitness tracke with pedometer/sleep monitor/heart rate/ip68, for android/iphone pink",5140.0,4.3,49.0,True,,0,0,0,0,0,0,0,0,1,0,1,0,0,0,0,0,1,0,0,1,1,0,"smart watch for men women,",Mid-Range,0
"hd smart fitness watch for google pixel 4a / 4 a original sports touchscreen smart watch bluetooth 1.3"" smart watch led with daily activity tracker, heart rate sensor, sleep monitor (black)",999.0,5.0,1.0,False,,0,0,0,0,0,1,0,0,1,0,1,0,1,0,0,0,0,0,0,0,0,0,hd smart fitness watch for,Budget,0
"smart watches for men women, 1.8"" screen activity tracker, heart rate/sleep/spo2 monitor, make/answer calls, ip68 waterproof smartwatch for iphone & android, 101+ sport modes fitness reloj inteligente",9992.0,4.2,212.0,True,,0,0,0,0,0,0,0,0,1,1,1,0,0,0,0,1,1,0,0,1,1,0,"smart watches for men women,",Premium,0
"military smart watch with led flashlight, bluetooth make/answer call, 1.43"" hd outdoor tactical rugged smartwatch, sports fitness tracker watch with health monitor, sleep monitor",9802.0,4.0,12.0,True,,0,0,0,0,0,1,0,0,0,0,1,0,1,1,0,0,0,0,0,0,0,0,military smart watch with led,Premium,0
"smart watch for women with bluetooth call answer/dail,1.85"" diy dial fitness watch with heart rate sleep monitor step counter 120+ sports modes waterproof smartwatch for android ios (rose gold)",10434.0,3.9,27.0,True,,0,0,0,0,0,1,0,0,1,0,1,0,1,0,1,1,0,0,0,1,1,0,smart watch for women with,Premium,0
"jugeman smart watch, smartwatch for women men (answer/make calls), activity trackersheart rate/sleep monitor, fitness watch for ios/android",14225.0,4.0,24.0,True,,0,0,0,0,0,0,0,0,1,0,1,0,0,0,0,0,0,0,0,1,1,0,"jugeman smart watch, smartwatch for",Premium,0
"smart watches for women, 1,27'' amoled ultra-clear screen ladies smart watch with heart rate/sleep/spo2 monitor, smartwatch for iphone/samsung/android, fitness watch 120+ sport modes 5atm waterproof",15320.0,4.4,161.0,True,,1,0,0,1,0,0,0,0,1,1,1,0,0,0,0,1,0,0,1,1,1,0,"smart watches for women, 1,27''",Premium,0
"fire-boltt phoenix aura women smart watch with 1.26” diamond-cut hd display, rotating crown, wireless charging, bluetooth calling, voice assistant, 120+ sports modes - air blue",1699.0,4.1,1700.0,True,Limited time deal,0,1,0,0,0,1,1,0,0,0,0,0,1,0,0,0,0,0,0,1,1,0,fire-boltt phoenix aura women smart,Budget,1
"smart watch for men women, fitness tracker with ip67 waterproof, health monitor for blood pressure heart rate spo2 sleep, activity tracker 1.32 in and smartwatches for ios and android, black",4446.0,3.3,25.0,True,,0,0,0,0,0,0,0,0,1,1,1,0,0,1,0,1,0,1,0,1,1,0,"smart watch for men women,",Mid-Range,0
"gelishi compatible for fitbit versa 2 bands with case, men protective case band rugged sport wristbands strap for fitbit versa 2 smartwatch - army green",2515.0,4.4,2000.0,True,,0,0,0,0,0,0,0,0,0,0,0,0,0,0,0,0,0,0,0,1,0,0,gelishi compatible for fitbit versa,Budget,1
"gamesir q18 kids smart watch 1.44"" tft display 3g / 4g sim support, learning & gaming apps, gift watch, waterproof, lbs tracking/gps, 2 way calling smart watch for boys & girls (green)",1499.0,3.0,245.0,False,,0,0,0,0,1,0,1,0,0,0,0,0,0,0,0,1,0,0,0,0,0,1,gamesir q18 kids smart watch,Budget,0
"punnkfunnk fitrivo silver dial smart watch combo 2.01"" amoled display with 4 straps, bluetooth calling, ip67, crown control, 100+ sports modes, health tracking, for men & women (silver dial)",1449.0,2.7,4.0,True,,1,0,0,1,0,1,1,0,0,0,0,0,1,0,0,0,0,1,0,1,1,0,punnkfunnk fitrivo silver dial smart,Budget,0
"wearfit active plus call 1.69"" hd full touch bluetooth calling smartwatch with 28 sports mode, heart rate spo2, bp monitoring & ai voice assistant (rose gold)",5999.0,3.4,8.0,True,,0,0,0,0,0,1,1,0,1,1,0,0,1,0,0,0,0,0,0,0,0,0,"wearfit active plus call 1.69""",Mid-Range,0
"smart watch(answer/make call), 1.96"" smartwatch for men women, 2025 new fitness watch with 110+ sport modes, pedometer, heart rate/sleep monitor, ip68 waterproof activity tracker for android ios",4999.0,3.9,72.0,True,,0,0,0,0,0,0,0,0,1,0,1,0,0,0,0,1,1,0,0,1,1,0,"smart watch(answer/make call), 1.96"" smartwatch",Mid-Range,0
"compatible for amazfit gtr 47mm/ gtr 2/ gtr 2e/ stratos 3 soft silicone smartwatch (10 colors, 5.5""-8.1"")",3512.0,4.5,83.0,True,,0,0,0,0,0,0,0,0,0,0,0,0,0,0,0,0,0,0,0,0,0,0,compatible for amazfit gtr 47mm/,Mid-Range,0
"noise twist go smart watch 1.39"" display, trusyncᵀᴹ bt calling, glossy metal finish, 150+ watch faces, ip68, sleep tracking, 100+ sports modes, smart watch for men and women (forest green)",1599.0,3.4,12.0,True,,0,0,0,0,0,0,1,0,0,0,1,0,1,0,0,0,1,0,0,1,1,0,noise twist go smart watch,Budget,0
"smart watch,100m waterproof rugged military smartwatch with bluetooth call(answer/dial calls) 2-inch utral large hd display 70 days extra long battery life,100+ sports modes fitness tracker",9198.0,3.8,36.0,True,,0,1,0,0,0,1,0,0,0,0,0,0,1,1,0,1,0,0,0,0,0,0,"smart watch,100m waterproof rugged military",Premium,0
"fire-boltt legacy luxury round smart watch 1.43″ super amoled, bluetooth calling, wireless charging, voice assistant, spo₂ & heart rate monitor, 110+ sports modes, smart watch for men & women - black",1799.0,3.8,2200.0,True,Limited time deal,1,0,0,1,0,1,1,0,1,0,0,0,1,0,0,0,0,0,0,1,1,0,fire-boltt legacy luxury round smart,Budget,0
punnkfunnk tracknova 4g/5g kids smart watch | hd video call | live gps tracking | app control | safe zone & sos | games | family chat | 800mah long battery | facelock | safety watch for kids - (pink),3049.0,3.4,49.0,True,Limited time deal,0,0,0,0,1,0,0,0,0,0,0,0,0,0,0,0,0,0,0,0,0,1,punnkfunnk tracknova 4g/5g kids smart,Mid-Range,0
"karma’s world kids smartwatch – interactive touchscreen with games, camera, step tracker & voice recorder – 10 watch faces & wallpapers – adjustable fit for wrist sizes 5.5""-8"", green, 40mm, smart",5503.0,4.5,15.0,True,,0,0,0,0,0,0,0,0,0,0,0,0,0,0,0,0,0,0,0,0,0,1,karma’s world kids smartwatch –,Mid-Range,0
smart watch for men fitness tracker: military smart watches for men digital mens watches make/answer call running waterproof smartwatch android phones iphone samsung compatible heart rate monitor,11044.0,3.7,16.0,True,,0,0,0,0,0,0,0,0,1,0,0,0,0,1,0,1,0,0,0,1,0,0,smart watch for men fitness,Premium,0
"smartwatch for men women, fitness watch with 110+ sport modes",6236.0,3.5,342.0,True,,0,0,0,0,0,0,0,0,0,0,0,0,0,0,0,0,0,0,0,1,1,0,"smartwatch for men women, fitness",Mid-Range,0
"setracker m1 calling kids smart watch for boys & girls | two-way calling, sos, location tracking, camera | 4g/5g sim supported | app control | voice chat (pink)",2690.0,3.3,23.0,True,,0,0,0,0,0,0,1,0,0,0,0,0,0,0,0,0,0,0,0,0,0,1,setracker m1 calling kids smart,Budget,0
"gamesir musk 5g/4g kids smart watch with gps tracker, sim calling, face unlock, video calls, sos alerts, ip67 waterproof, 800mah battery, voice chat, live location(olivegreen)",3129.0,3.6,100.0,True,Limited time deal,0,0,0,0,1,0,1,0,0,0,0,0,0,0,0,1,0,1,0,0,0,1,gamesir musk 5g/4g kids smart,Mid-Range,0
"boat chrome endeavour, premium metal body, 1.96”(4.97cm) amoled display,ai coach health insights,advanced s1 processor,hrv,vo2 max,auto watchface refresh, smart watch for men & women (fusion blue)",4299.0,3.9,254.0,True,,1,0,0,1,0,0,0,0,0,0,0,0,0,0,0,0,0,0,0,1,1,0,"boat chrome endeavour, premium metal",Mid-Range,0
"benyar smart smart watches for men answer/make call, 1.62"" amoled/730mah battery/led flashlight military smartwatch, 110+ sports modes ip68 waterproof fitness tracker for android ios silver",7395.0,4.5,2.0,True,,1,0,0,1,0,0,0,0,0,0,0,0,1,1,0,1,1,0,0,1,0,0,benyar smart smart watches for,Premium,0
"yunir smart watch with earbuds, 2 in 1 water proof fitness tracker smartwatch with 2.01 inch screen, bt earphone, silicone band, multi modes, for android for osx",7605.0,3.4,5.0,True,,0,0,0,0,0,0,0,0,0,0,0,0,0,1,0,0,0,0,0,0,0,0,"yunir smart watch with earbuds,",Premium,0
"4g smart watch for kids with gps tracker two way calling, text voice & video chat, sos, wifi, waterproof touch screen wrist watch suitable for 4-12 boys girls birthday gifts. (blue)",16083.0,2.8,10.0,True,,0,0,0,0,1,0,1,0,0,0,0,0,0,0,0,1,0,0,0,0,0,1,4g smart watch for kids,Premium,0
"wearfit champ 4g plus kids smart watch - 1.7"" hd display, gps tracker, 2-way video calls, 7 games & sos alert - ip67 waterproof smartwatch with parental controls for ages 3-12 (no jio sim) (orange)",6995.0,1.8,2.0,True,,0,1,0,0,1,0,0,0,0,0,0,0,0,0,0,1,0,1,0,0,0,1,wearfit champ 4g plus kids,Mid-Range,0
"zopsc smart watch with earbuds, 2.01 inch hd touch screen 2 in 1 smartwatch for ios for android, sport fitness tracker watch with bluetooth earbuds for men women (silver)",9534.0,3.5,8.0,True,,0,0,0,0,0,1,0,0,0,0,0,0,0,1,0,0,0,0,0,1,1,0,"zopsc smart watch with earbuds,",Premium,0
"punnkfunnk glavito round dial smartwatch 1.49"" amoled display, bluetooth calling, functional crown control, 100+ sports modes, ip67, health tracking, 100+ watch faces for men & women (metal black)",1199.0,2.9,32.0,True,,1,0,0,1,0,1,1,0,0,0,0,0,1,0,0,0,0,1,0,1,1,0,punnkfunnk glavito round dial smartwatch,Budget,0
"middow smart watch with flashlight (answer/make call), compass/sleep/heart rate/sports monitor, ip68 water proof, compatible with android & ios (camouflage green)",13499.0,4.4,71.0,True,,0,0,0,0,0,0,0,0,1,0,1,0,1,0,0,0,1,0,0,0,0,0,middow smart watch with flashlight,Premium,0
"armitron connect matrix smartwatch, health and fitness tracker, sport modes, water resistant and more",12342.0,3.7,6.0,True,,0,0,0,0,0,0,0,0,0,0,0,0,0,1,0,0,0,0,0,0,0,0,"armitron connect matrix smartwatch, health",Premium,0
"fastrack marvellous fx2 1.54"" super amoled smart watch with spo2, sleep monitor, bt calling, metal body, voice assistant, 100+ sports modes – smartwatch for professionals (silver)",6799.0,3.8,922.0,False,,1,0,0,1,0,0,1,0,0,1,1,0,1,0,0,0,0,0,0,0,0,0,"fastrack marvellous fx2 1.54"" super",Mid-Range,0
"gamesir neolux 1.96” hd display smartwatch for men & women 2025 with 110+ sports modes, heart rate, sleep monitor, ip68 waterproof, answer/make calls for android & ios (light green)",939.0,3.4,82.0,True,Limited time deal,0,1,0,0,0,0,0,0,1,0,1,0,1,0,0,1,1,0,0,1,1,0,gamesir neolux 1.96” hd display,Budget,0
"fastrack navstar 1.85"" amoled square display smart watch with gps, offline voice command, ai enabled, 100+ sports mode, bt calling, ip68 water resistant upto 5 days battery life -forest green",5399.0,2.9,15.0,True,,1,0,0,1,1,0,1,0,0,0,0,0,1,0,0,0,1,0,0,0,0,0,"fastrack navstar 1.85"" amoled square",Mid-Range,0
"jugeman smart watch, smartwatch for women men (answer/make calls), activity trackers 110+ sport modes white",14282.0,2.4,4.0,True,,0,0,0,0,0,0,0,0,0,0,0,0,0,0,0,0,0,0,0,1,1,0,"jugeman smart watch, smartwatch for",Premium,0
kids smart watch boys with 24 puzzle games hd touch screen camera music player pedometer alarm clock calculator flashlight 12/24 hr gift for 4-12 year old boys toys,7070.0,4.5,21.0,True,,0,0,0,0,0,0,0,0,0,0,0,0,0,0,0,0,0,0,0,0,0,1,kids smart watch boys with,Premium,0
"3plus callie smartwatch with 1.43"" round amoled display/answer & make calls/sleep monitoring/heart rate/ip68 waterproof/100+ workout modes/quick reply/ios and android",9104.0,4.2,35.0,True,,1,0,0,1,0,0,0,0,1,0,1,0,0,0,0,1,1,0,0,0,0,0,"3plus callie smartwatch with 1.43""",Premium,0
"military smart watches for men (answer/make calls), fitness smart watch for android and iphone, waterproof fitness tracker with blood pressure/heart rate/sleep/100+ sport modes, 410 mah, 2.02''",5859.0,4.1,30.0,True,,0,0,0,0,0,0,0,0,1,0,1,0,0,1,0,1,0,0,0,1,0,0,military smart watches for men,Mid-Range,0
"aqfit w9 quad bluetooth calling smartwatch for men and women| 1.69"" full touch screen hd display with voice assistant |spo2 , heart rate monitoring | up to 10 days of battery life | ip67 water resistant | (silver)",1181.0,3.6,715.0,True,,0,1,0,0,0,1,1,0,1,1,0,0,0,0,0,0,0,1,0,1,1,0,aqfit w9 quad bluetooth calling,Budget,0
"military smart watches for men with bluetooth call, 1.6"" amoled waterproof smartwatch with flashlight, 116 sport modes, 600mah heart rate/spo2/sleep monitor fitness tracker for android ios",9511.0,4.6,19.0,True,,1,0,0,1,0,1,0,0,1,1,1,0,0,1,0,1,0,0,0,1,0,0,military smart watches for men,Premium,0
"nfiniity dm56 best sport smartwatch for men with amoled 1.43"" screen, smart watch with fitness tracker, make/answer call, sleep monitoring, pedometer, silver belt, for android and ios.",6999.0,4.7,5.0,True,,1,0,0,1,0,0,0,0,0,0,1,0,0,1,0,0,0,0,0,1,0,0,nfiniity dm56 best sport smartwatch,Mid-Range,0
"military smart watches for men (answer/make calls) with led flashlight 3atm waterproof smartwatch with 100+ sports modes 1.53"" fitness tracker with heart rate monitor for iphone android",6574.0,4.0,168.0,True,,0,0,0,0,0,0,0,0,1,0,0,0,1,1,0,1,0,0,0,1,0,0,military smart watches for men,Mid-Range,0
"fastrack cosmix 1.32"" amoled display metal case smart watch with heart rate monitor,ai watchface & chat,push button interactions,bt calling,ip68 water resistant upto 5 days battery life -granite grey",5499.0,3.8,28.0,False,,1,0,0,1,0,0,1,0,1,0,0,0,0,0,0,0,1,0,0,0,0,0,"fastrack cosmix 1.32"" amoled display",Mid-Range,0
"gamesir newly launched fitrivo smartwatch 2.01"" curved amoled display, bluetooth calling, ip67, 100+ watch faces, crown control, 100+ sports modes, health tracking for men & women (dark grey)",1429.0,3.6,38.0,True,,1,0,0,1,0,1,1,0,0,0,0,0,1,0,0,0,0,1,0,1,1,0,gamesir newly launched fitrivo smartwatch,Budget,0
"smart watch for women (answer/make call), fitness tracker for android and ios phones waterproof smartwatch with 1.32"" hd full touch screen ai voice control heart rate sleep monitor pedometer, silver",11798.0,4.1,1800.0,True,,0,0,0,0,0,0,0,0,1,0,1,0,0,1,0,1,0,0,0,1,1,0,smart watch for women (answer/make,Premium,1
speedtalk mobile smartwatch sim card for 2g 3g 4g lte gsm smartwatches and wearables,1600.0,3.3,10700.0,True,,0,0,0,0,0,0,0,0,0,0,0,0,0,0,0,0,0,0,0,0,0,0,speedtalk mobile smartwatch sim card,Budget,0
"stecei smart watch for men women bluetooth call, 1.85"" hd screen smartwatch with heart rate/sleep monitor, 110+ sport modes activity trackers ip68 waterproof, fitness watch for android ios, blush pink",3773.0,4.4,36.0,True,,0,0,0,0,0,1,0,0,1,0,1,0,0,0,0,1,1,0,0,1,1,0,stecei smart watch for men,Mid-Range,0
"smart watches for men, 1.32"" hd round touchscreen smartwatch, heart rate/spo2/sleep monitor, call notification, 100+ sports modes, ip68 waterproof fitness watch for iphone android compatible (blue)",4207.0,3.9,90.0,True,,0,0,0,0,0,0,0,0,1,1,1,0,1,0,0,1,1,0,0,1,0,0,"smart watches for men, 1.32""",Mid-Range,0
"spigen classic c1 smartwatch charger stand for apple watch ultra 3/2/1 49mm, series 11/10 46/42mm, 9/8/7 45/41mm, se3/se2/se/6/5/4 44/40mm (charging cable not included) - bondi blue",999.0,4.6,369.0,True,,0,0,0,0,0,0,0,0,0,0,0,0,0,0,0,0,0,0,0,0,0,0,spigen classic c1 smartwatch charger,Budget,0
military smart watch for men with led flashlight watch 2.0'' big screen tactical smartwatch 430mah big battery fitness tracker with heart rate sleep monitor make calls for iphone android,6028.0,3.7,4.0,True,,0,0,0,0,0,0,0,0,1,0,1,0,0,1,0,0,0,0,0,1,0,0,military smart watch for men,Mid-Range,0
"gamesir active 5 smart watch amoled display 1.3"" screen, 360 * 360 resolution, ip68 waterproof with multiple watch faces bluetooth calling round dial smartwatch for men & women (millanese gold)",1429.0,3.1,159.0,True,Limited time deal,1,0,0,1,0,1,1,0,0,0,0,0,0,0,0,1,1,0,0,1,1,0,gamesir active 5 smart watch,Budget,0
"smart watch for men women (answer/make call), 1.96""hd smartwatch with heart rate/sleep monitor/pedometer, 113+ sports fitness tracker watches, ip68 waterproof activity tracker for android ios-blue",4590.0,4.2,19.0,True,,0,0,0,0,0,0,0,0,1,0,1,0,1,1,0,1,1,0,0,1,1,0,smart watch for men women,Mid-Range,0
"smart watch for women, 1.57"" smartwatch (answer/make call), 2025 new fitness tracker with 110+ sport modes, heart rate/sleep monitor, ip68 waterproof, pedometer, fitness watch for android ios pink",3106.0,4.1,92.0,True,,0,0,0,0,0,0,0,0,1,0,1,0,0,1,0,1,1,0,0,1,1,0,"smart watch for women, 1.57""",Mid-Range,0
"gamesir newly launched fitrivo smartwatch 2.01"" curved amoled display, bluetooth calling, ip67, 100+ watch faces, crown control, 100+ sports modes, health tracking for men & women (metal black)",1429.0,3.6,38.0,True,,1,0,0,1,0,1,1,0,0,0,0,0,1,0,0,0,0,1,0,1,1,0,gamesir newly launched fitrivo smartwatch,Budget,0
"smart watch for kids, games, dual camera, music player flashlight, alarm clock,touch screen, kids smart watch gift age 3-12(purple)",10173.0,4.8,64.0,True,,0,0,0,0,0,0,0,0,0,0,0,0,0,0,0,0,0,0,0,0,0,1,"smart watch for kids, games,",Premium,0
"military smart watches for men,1000mah/1.7"" hd large screen smartwatch, led flashlight, answer/make calls,waterproof,heart rate/sleep monitor/110+ sport modes fitness watch for android/iphone",9511.0,4.5,29.0,True,,0,0,0,0,0,0,0,0,1,0,1,0,0,0,0,1,0,0,0,1,0,0,"military smart watches for men,1000mah/1.7""",Premium,0
"smart watches for women answer/make call, 1.19"" amoled smartwatch with bluetooth for android ios phones, ip68 waterproof fitness tracker with heart rate spo2 sleep monitor, rose gold",6485.0,4.1,99.0,True,,1,0,0,1,0,1,0,0,1,1,1,0,0,1,0,1,1,0,0,1,1,0,smart watches for women answer/make,Mid-Range,0
"smart watch, 1.85"" hd smartwatch for men women (answer/make calls), fitness watch with heart rate/sleep/ip68 waterproof/120+ sports modes, pedometer, android smart watch for android ios (purple)",5470.0,4.8,6.0,True,,0,0,0,0,0,0,0,0,1,0,1,0,1,0,0,1,1,0,0,1,1,0,"smart watch, 1.85"" hd smartwatch",Mid-Range,0
"hd smart fitness watch for xiaomi mi pad 4 original sports touchscreen smart watch bluetooth 1.3"" smart watch led with daily activity tracker, heart rate sensor, sleep monitor b (blk)",999.0,1.0,1.0,False,,0,0,0,0,0,1,0,0,1,0,1,0,1,0,0,0,0,0,0,0,0,0,hd smart fitness watch for,Budget,0
"armitron connect link smartwatch, health and fitness tracker, sport modes, water resistant and more, black",7510.0,4.6,6.0,True,,0,0,0,0,0,0,0,0,0,0,0,0,0,1,0,0,0,0,0,0,0,0,"armitron connect link smartwatch, health",Premium,0
"smart watch for men women (answer/make call), 2025 new 1.91"" hd smartwatch, fitness watch with 120+ sport modes, ip68 waterproof, heart rate/sleep monitor, pedometer, activity tracker for android ios",3514.0,3.6,34.0,True,,0,0,0,0,0,0,0,0,1,0,1,0,0,0,0,1,1,0,0,1,1,0,smart watch for men women,Mid-Range,0
"smart watches for women with alexa & bluetooth call,1.85"" hd screen fitness tracker,30-day battery, heart rate/sleep/spo2 monitor,100+ sports modes,2atm waterproof smartwatch for android iphone(green)",10932.0,4.2,422.0,True,,0,0,0,0,0,1,0,1,1,1,1,0,1,1,0,1,0,0,0,1,1,0,smart watches for women with,Premium,0
"hd s smart fitness watch for lenovo tab m8 (3rd gen) original sports touchscreen smart watch bluetooth 1.3"" smart watch led with daily activity tracker, heart rate sensor, sleep monitor a (blk)",999.0,5.0,1.0,False,,0,0,0,0,0,1,0,0,1,0,1,0,1,0,0,0,0,0,0,0,0,0,hd s smart fitness watch,Budget,0
"educational smart watch for kids: 300k camera, 26 puzzle games, 104 learning cards, audiobooks, pedometer - boys & girls gift(black)",10514.0,3.8,15.0,True,,0,0,0,0,0,0,0,0,0,0,0,0,0,0,0,0,0,0,0,0,0,1,educational smart watch for kids:,Premium,0
"oboe smart watch charging dock portable magnetic usb charger compatible with fossil gen 6/gen 4 venture hr/explorist hr,gen 5 carlyle men/julianna women,fossil sport(black) smartwatch,black",949.0,3.4,92.0,True,Limited time deal,0,0,0,0,0,0,0,0,0,0,0,0,0,0,0,0,0,0,0,1,1,0,oboe smart watch charging dock,Budget,0
"smart watch with earbuds, 2 in 1 sports watch biuld-in wireless earbuds, 2.02"" hd touch screen fitness tracker men women sports watch, bluetooth 5.3 tws earphones",9544.0,3.5,2.0,True,,0,0,0,0,0,1,0,0,0,0,0,0,1,1,0,0,0,0,0,1,1,0,"smart watch with earbuds, 2",Premium,0
"hd16 smart fitness watch for motorola razr 40 ultra original sports touchscreen smart watch bluetooth 1.3"" smart watch led with daily activity tracker, heart rate sensor, sleep monitor c (blk)",999.0,5.0,1.0,False,,0,0,0,0,0,1,0,0,1,0,1,0,1,0,0,0,0,0,0,0,0,0,hd16 smart fitness watch for,Budget,0
smartwatch for men fitness tracker watch: military smart watches with bluetooth call 3 atm waterproof outdoor sport watch compatible android ios phone pedometer heart rate monitor compass flashlight,6300.0,4.0,62.0,True,,0,0,0,0,0,1,0,0,1,0,0,0,0,1,0,1,0,0,0,1,0,0,smartwatch for men fitness tracker,Mid-Range,0
"iconnect by timex classic round touchscreen smartwatch with heart rate, notifications and two-way bluetooth calling, white/silver-tone, classic",13498.0,3.9,8.0,True,,0,0,0,0,0,1,1,0,1,0,0,0,0,0,0,0,0,0,0,0,0,0,iconnect by timex classic round,Premium,0
"smart watch for women men 3 bands (answer/make calls) 1.85"" hd fitness tracker smartwatch for android iphone with steps tracking/heart rate/sleep monitor, 120+ sports modes ip68 waterproof, rose gold",8918.0,4.0,117.0,True,,0,0,0,0,0,0,0,0,1,0,1,0,1,1,0,1,1,0,0,1,1,0,smart watch for women men,Premium,0
"military smart watches for men(answer/make call), tactical smartwatch for android ios, 400mah battery/sports tracking/health/sleep monitoring",8964.0,4.2,90.0,True,,0,0,0,0,0,0,0,0,0,0,1,0,1,0,0,0,0,0,0,1,0,0,military smart watches for men(answer/make,Premium,0
"k56 pro outdoor smartwatch, waterproof rugged smart watch bluetooth call, 1.39in fitness watch for iphone for android, multiple sport modes, green",8879.0,3.8,8.0,True,,0,0,0,0,0,1,0,0,0,0,0,0,0,0,0,1,0,0,0,0,0,0,"k56 pro outdoor smartwatch, waterproof",Premium,0
"smart watch for men women, newest 1.81"" large screen smartwatch bluetooth with answer/make call/text, waterproof smart watch for android ios phones with fitness activity tracker and pedometer etc",13781.0,3.6,3.0,True,,0,0,0,0,0,1,0,0,0,0,0,0,0,0,0,1,0,0,0,1,1,0,"smart watch for men women,",Premium,0
"smart watch (answer/make calls), 1.96""hd smartwatch for men women 113+ sport modes, activity tracker with heart rate monitor, sleep trackers, pedometer, ip68 waterproof fitness watch for android ios",4181.0,3.9,64.0,True,,0,0,0,0,0,0,0,0,1,0,1,0,0,0,0,1,1,0,0,1,1,0,"smart watch (answer/make calls), 1.96""hd",Mid-Range,0
smart watch for women(make/answer call) activity fitness tracker with ai voice control smartwatch with heart rate sleep monitor pedometer for android ios phones digital watch for women blcak,12646.0,4.1,7.0,True,,0,0,0,0,0,0,0,0,1,0,1,0,0,1,0,0,0,0,0,1,1,0,smart watch for women(make/answer call),Premium,0
wsq smart watches for men women fitness tracker watch 2.04 hd screen sport watch with chatgpt ai voice 3 bands step counter 24/7 heart rate sleep monitor smartwatch for android ios (black),5034.0,3.8,164.0,True,,0,0,0,0,0,0,0,0,1,0,1,0,0,1,1,0,0,0,0,1,1,0,wsq smart watches for men,Mid-Range,0
gizmore gizfit curve 3.54cm (1.39) aod 500 nits|360x360 hd display bluetooth calling smartwatch (pink),1445.0,3.3,114.0,True,,0,1,0,0,0,1,1,0,0,0,0,0,0,0,0,0,0,0,0,0,0,0,gizmore gizfit curve 3.54cm (1.39),Budget,0
"gen 9 model fitness health music smartwatch: the next generation of womens* smartwatch (pink, golden strap, free)",1322.0,3.1,3.0,True,,0,0,0,0,0,0,0,0,0,0,0,0,0,0,0,0,0,0,0,1,1,0,gen 9 model fitness health,Budget,0
"hd smart fitness watch for opp-o reno 10x zoom edition original sports touchscreen smart watch bluetooth 1.3"" smart watch led with daily activity tracker, heart rate sensor, sleep monitor (black)",999.0,1.0,1.0,False,,0,0,0,0,0,1,0,0,1,0,1,0,1,0,0,0,0,0,0,0,0,0,hd smart fitness watch for,Budget,0
"tuanzi x10 2 in 1 smart watch with earbuds 1.39"" smartwatch tws bluetooth earphone health monitor sport watch fitness tracker (silver silicone+steel)",9463.0,4.0,1.0,True,,0,0,0,0,0,1,0,0,0,0,0,0,0,1,0,0,0,0,0,0,0,0,tuanzi x10 2 in 1,Premium,0
"hd smart fitness watch for motorola moto g play (2023) original sports touchscreen smart watch bluetooth 1.3"" smart watch led with daily activity tracker, heart rate sensor, sleep monitor c (blk)",999.0,1.0,1.0,False,,0,0,0,0,0,1,0,0,1,0,1,0,1,0,0,0,0,0,0,0,0,0,hd smart fitness watch for,Budget,0
"smart watch(answer/make calls), 1.91"" smartwatches for women men, fitness tracker with 110+ sport modes, ip68 waterproof, heart rate/sleep/spo2 monitor, pedometer, activity tracker for android ios",3467.0,3.8,25.0,True,,0,0,0,0,0,0,0,0,1,1,1,0,0,1,0,1,1,0,0,1,1,0,"smart watch(answer/make calls), 1.91"" smartwatches",Mid-Range,0
"grv smart watch for men women, smartwatch for ios and android phones personalized watch faces ip68 waterproof, fitness tracker with heart rate/blood oxygen/sleep monitor steps calories tracker (pink)",6061.0,3.8,138.0,True,,0,0,0,0,0,0,0,0,1,0,1,1,0,1,0,1,1,0,0,1,1,0,grv smart watch for men,Mid-Range,0
"gamesir q18 kids smart watch, 2g/3g connectivity, voice calling, gps tracker, two-way calling, sos function, camera & water rasistence, smartwatch for kids - boys & girls - (red)",1459.0,3.1,91.0,True,Limited time deal,0,0,0,0,1,0,1,0,0,0,0,0,0,0,0,0,0,0,0,0,0,1,"gamesir q18 kids smart watch,",Budget,0
"jeejtek smart watch for men women - answer/make calls/quick reply/ai voice assistant, 1.83"" for android iphone samsung compatible ip68 smartwatch fitness tracker blood (silver+pink, 1.83"")",5109.0,4.2,45.0,True,,0,0,0,0,0,0,0,0,0,0,0,0,0,1,0,0,1,0,0,1,1,0,jeejtek smart watch for men,Mid-Range,0
"pink smart watches for women with diamonds, answer/make call ladies bluetooth smartwatch for android and ios phones, rhinestone fitness activity tracker sleep tracker pedometer",11260.0,5.0,5.0,True,,0,0,0,0,0,1,0,0,0,0,1,0,0,0,0,0,0,0,0,1,1,0,pink smart watches for women,Premium,0
goqii insure+ 5 lakhs health insurance with smart vital max (green) and 3 months personal coaching,829.0,2.9,9.0,True,,0,0,0,0,0,0,0,0,0,0,0,0,0,0,0,0,0,0,0,0,0,0,goqii insure+ 5 lakhs health,Budget,0
"gadixy smart watches for women (make/answer call), 1.1"" amoled small screen fitness tracker 110+ sports modes ip68 step counter/bp/heart rate/sleep monitor smart watch for android ios gold",9721.0,3.6,72.0,True,,1,0,0,1,0,0,0,0,1,0,1,0,1,1,1,0,1,0,0,1,1,0,gadixy smart watches for women,Premium,0
"stecei smart watch for men, 1.85"" hd screen smartwatch with heart rate/sleep monitor, 110+ sport modes, android ios, pink",3820.0,4.3,29.0,True,,0,0,0,0,0,0,0,0,1,0,1,0,0,0,0,0,0,0,0,1,0,0,"stecei smart watch for men,",Mid-Range,0
"timex iconnect calling lite 1.83""(4.6cm) display and bt calling smartwatch for unisex - twixw601t",1919.0,1.0,1.0,True,,0,0,0,0,0,0,1,0,0,0,0,0,0,0,0,0,0,0,0,0,0,0,"timex iconnect calling lite 1.83""(4.6cm)",Budget,0
"smart watch for men women, 1.57"" smartwatch (answer/make call) , fitness tracker with 110+ sport modes, heart rate/sleep monitor, ip68 waterproof, bluetooth calls, smartwatches for android ios black",4099.0,3.7,52.0,True,,0,0,0,0,0,1,0,0,1,0,1,0,0,1,0,1,1,0,0,1,1,0,"smart watch for men women,",Mid-Range,0
"smart watches for men women with alexa built-in, bluetooth call, 1.85"" hd touchscreen, 120+ sport modes, ip68 waterproof, 7-day battery, 24/7 heart rate & sleep monitor for android iphone (pink)",8999.0,5.0,28.0,True,,0,0,0,0,0,1,0,1,1,0,1,0,0,0,0,1,1,0,0,1,1,0,smart watches for men women,Premium,0
"smart watch for samsung galaxy s22 ultra - with led flashlight, 1.43"" amoled display, outdoor smartwatch with compass/altitude/air pressure, waterproof fitness tracker watch",10336.0,5.0,1.0,True,,1,0,0,1,0,0,0,0,0,0,0,0,0,1,0,1,0,0,0,0,0,0,smart watch for samsung galaxy,Premium,0
"smart watch for men women, 1.96"" hd fitness watch with bluetooth call, smartwatch with 112+ sport modes/heart rate/sleep monitor/pedometer, ip68 waterproof watch compatible with android/ios ,pink",4000.0,4.1,51.0,True,,0,0,0,0,0,1,0,0,1,0,1,0,0,0,0,1,1,0,0,1,1,0,"smart watch for men women,",Mid-Range,0
"fastrack marvellous fx1 1.43"" amoled smart watch with spo2 monitoring, sleep & mood tracking, bluetooth calling, ai voice assistant, alloy case – smartwatch for men & women (rose gold)",6499.0,3.8,922.0,True,,1,0,0,1,0,1,1,0,0,1,1,0,0,0,0,0,0,0,0,1,1,0,"fastrack marvellous fx1 1.43"" amoled",Mid-Range,0
"star wars kids smartwatch with obi-wan kenobi design, 10 clock faces, selfie camera, voice and video recorder, step counter, calculator, alarm, fun games, and 3 wallpapers – fits wrists 5.5""-8.0""",5837.0,4.6,68.0,True,,0,0,0,0,0,0,0,0,0,0,0,0,0,0,1,0,0,0,0,0,0,1,star wars kids smartwatch with,Mid-Range,0
"fire-boltt glitz women smart watch with 1.19” amoled display, bluetooth calling, rotating crown, always on display, 1000 nits brightness, ip68 waterproof midnight navy",1999.0,4.1,1100.0,True,Limited time deal,1,0,0,1,0,1,1,0,0,0,0,0,0,0,0,1,1,0,0,1,1,0,fire-boltt glitz women smart watch,Budget,1
"titan crest 2.0 smart watch for man & women, 1.43"" amoled display, mesh metal strap, bt calling, tailored activity tracker, 100+ sports modes, fast charging, smart watch for men latest & women (gold)",6499.0,4.1,101.0,True,,1,0,0,1,0,0,1,0,0,0,0,0,1,0,0,0,0,0,0,1,1,0,titan crest 2.0 smart watch,Mid-Range,0
"molife sense315 smartwatch- 1.7 inch ips infinity display, with spo2, bp & hr monitor, 9 active sports mode, ip68 water & dust resistance, 7 days battery life & 15 days standby",3999.0,3.4,14.0,True,,0,0,0,0,0,0,0,0,0,1,0,0,1,0,0,0,1,0,0,0,0,0,molife sense315 smartwatch- 1.7 inch,Mid-Range,0
"military smart watch for men, fitness tracker smartwatch for android/iphone, 1.91"" hd screen bluetooth answer/make calls, ip68 waterproof with ai assistant, heart rate/spo₂/sleep monitor, black",5443.0,3.9,14.0,True,,0,0,0,0,0,1,0,0,1,0,1,0,0,1,0,1,1,0,0,1,0,0,"military smart watch for men,",Mid-Range,0
"hwagol military smart watches for men (call/notification),two style kits,waterproof fitness tracker with heart rate/sleep monitor/pedometer for android and ios,1.52''hd diy screen smartwatch (black)",12796.0,3.9,21.0,True,,0,0,0,0,0,0,0,0,1,0,1,0,0,1,0,1,0,0,0,1,0,0,hwagol military smart watches for,Premium,0
"punnkfunnk h9 metal smart watch 2.01"" tft display, bluetooth 5.0 with 100+ sports mode, heart rate & blood oxygen monitor, call & message reminders compatible with android & ios (metal black)",979.0,3.7,227.0,True,Limited time deal,0,0,0,0,0,1,0,0,1,0,0,1,1,0,0,0,0,0,0,0,0,0,punnkfunnk h9 metal smart watch,Budget,0
"smartwatch with bluetooth ip67 waterproof, fitness tracker with 100+ sports 24/7 health monitoring activity sleep tracking, smart watch for man woman, android ios pink",3609.0,4.0,9.0,True,,0,0,0,0,0,1,0,0,0,0,1,0,1,1,0,1,0,1,0,0,0,0,"smartwatch with bluetooth ip67 waterproof,",Mid-Range,0
"bemi remo smartwatch - ip67 waterproof, 100+ sport modes fitness tracker, heart rate sleep monitor - intelligent iot devices powered by tuya smart compatible 5.0 bluetooth for android, ios",2436.0,2.5,10.0,True,,0,0,0,0,0,1,0,0,1,0,1,0,0,1,0,1,0,1,0,0,0,0,bemi remo smartwatch - ip67,Budget,0
"boat storm infinity w/15 days extensive battery life, only charge twice a month, huge 550mah battery, fast charge, 1.83”(4.65cm) display, fitness tracker, smart watch for men & women (sports black)",1699.0,4.0,873.0,True,,0,0,0,0,0,0,0,0,0,0,0,0,1,1,0,0,0,0,0,1,1,0,boat storm infinity w/15 days,Budget,0
"smart watches women sport bluetooth call 1.27"" full touchscreen waterproof sport fitness trackers voice asistant/calculator fashion silicone smartwatch for android ios pink",6298.0,5.0,1.0,True,,0,0,0,0,0,1,0,0,0,0,0,0,0,1,0,1,0,0,0,1,1,0,smart watches women sport bluetooth,Mid-Range,0
"fire-boltt phoenix aura women smart watch with 1.26” diamond-cut hd display, rotating crown, wireless charging, bluetooth calling, voice assistant, 120+ sports modes - ivory white",1699.0,4.1,1700.0,True,Limited time deal,0,1,0,0,0,1,1,0,0,0,0,0,1,0,0,0,0,0,0,1,1,0,fire-boltt phoenix aura women smart,Budget,1
4g gps tracker kids smartwatch with two-way call video calls 7 puzzle games voice chat sos school mode pedometer geo fence touch screen alarm clock smartwatches for,7686.0,3.8,142.0,True,,0,0,0,0,1,0,0,0,0,0,0,0,0,0,0,0,0,0,0,0,0,1,4g gps tracker kids smartwatch,Premium,0
"smart watch for men women(answer/make calls), 1.96"" hd smartwatch, fitness tracker with 110+ sport modes, ip11 waterproof, heart rate/sleep/step monitor, pedometer, activity tracker for android ios",4029.0,4.1,4.0,True,,0,0,0,0,0,0,0,0,1,0,1,0,0,1,0,1,0,0,0,1,1,0,smart watch for men women(answer/make,Mid-Range,0
"nickwatch by nickelodeon kids smart watch with gps tracker, sos, & parental controls smartwatch, kid phone call and text, boys & girls, 4g smart watch for kids requires data plan-first month free",10077.0,4.0,28.0,True,,0,0,0,0,1,0,0,0,0,0,0,0,0,0,0,0,0,0,0,0,0,1,nickwatch by nickelodeon kids smart,Premium,0
"hd smart fitness watch for one-plus 6t mclaren edition original sports touchscreen smart watch bluetooth 1.3"" smart watch led with daily activity tracker, heart rate sensor, sleep monitor (black)",999.0,1.5,2.0,False,,0,0,0,0,0,1,0,0,1,0,1,0,1,0,0,0,0,0,0,0,0,0,hd smart fitness watch for,Budget,0
"smart fitness sd-115 watch for google pixel 6 original sports touchscreen smart watch bluetooth 1.3"" smart watch led with daily activity tracker, heart rate h sleep monitorer (d-115)",999.0,1.0,1.0,False,,0,0,0,0,0,1,0,0,1,0,1,0,1,0,0,0,0,0,0,0,0,0,smart fitness sd-115 watch for,Budget,0
"gamesir genquira elegant smartwatch for women with call function, amoled touchscreen, 24/7 wellness monitoring, voice assistant, long battery life, ip68 water resistant android support(skyblue)",1299.0,3.5,25.0,True,Limited time deal,1,0,0,1,0,0,0,0,0,0,0,0,0,0,0,0,1,0,0,1,1,0,gamesir genquira elegant smartwatch for,Budget,0
"gamesir h18 pro smartwatch with long battery life, 2.01"" high-resolution screen, bluetooth calling, ip68 waterproof, tft display, luxury design for men & women (dark blue)",939.0,3.9,116.0,True,Limited time deal,0,0,0,0,0,1,1,0,0,0,0,0,0,0,0,1,1,0,0,1,1,0,gamesir h18 pro smartwatch with,Budget,0
"smart watch for men women, 1.47"" hd smartwatch (answer/make call), fitness tracker with 130+ sport modes, ip68 waterproof, heart rate/sleep/spo2 monitor, pedometer, activity tracker for android ios",3457.0,3.4,15.0,True,,0,0,0,0,0,0,0,0,1,1,1,0,0,1,0,1,1,0,0,1,1,0,"smart watch for men women,",Mid-Range,0
"fire-boltt phoenix aura women smart watch with 1.26” diamond-cut hd display, rotating crown, wireless charging, bluetooth calling, voice assistant, 120+ sports modes - carbon black",1699.0,4.1,1700.0,True,Limited time deal,0,1,0,0,0,1,1,0,0,0,0,0,1,0,0,0,0,0,0,1,1,0,fire-boltt phoenix aura women smart,Budget,1
"smart watch (make/answer calls), 1.26"" hd smart watches for men/women with sleep/heart rate/spo2 monitor/120+ sport modes, waterproof fitness tracker watch, smartwatch for iphone/samsung/android, gift",7068.0,3.6,7.0,True,,0,0,0,0,0,0,0,0,1,1,1,0,0,1,0,1,0,0,0,1,1,0,"smart watch (make/answer calls), 1.26""",Premium,0
"trausi smart watch for men, 120 sports modes smartwatch with 1.83"" hd touchsreen, ip67 waterproof, sleep monitor, bluetooth call & music control fitness watch for android/iphone (black)",4492.0,4.0,104.0,True,,0,0,0,0,0,1,0,0,0,0,1,0,1,0,0,1,0,1,0,1,0,0,"trausi smart watch for men,",Mid-Range,0
"iconnect by timex classic round touchscreen smartwatch with heart rate, notifications and two-way bluetooth calling",10091.0,3.0,45.0,True,,0,0,0,0,0,1,1,0,1,0,0,0,0,0,0,0,0,0,0,0,0,0,iconnect by timex classic round,Premium,0
"fastrack magnus fx3 1.46"" smart watch with single sync bt calling, all-round health monitoring, functional crown,metal alloy case, 60+ sports modes,ip68 water resistant – smartwatch for men (silver)",4499.0,3.8,922.0,True,,0,0,0,0,0,0,1,0,0,0,0,0,1,0,0,0,1,0,0,1,0,0,"fastrack magnus fx3 1.46"" smart",Mid-Range,0
"techking d20 smartwatch for android phones with heart rate & blood pressure monitor, sleep monitor, information reminder & step counter fitness tracker for men, women and kids",1279.0,5.0,1.0,True,,0,0,0,0,0,0,0,0,1,0,1,0,0,1,1,0,0,0,0,1,1,1,techking d20 smartwatch for android,Budget,0
"hd16 smart fitness watch for infinix hot 30 play nfc original sports touchscreen smart watch bluetooth 1.3"" smart watch led with daily activity tracker, heart rate sensor, sleep monitor c (blk)",999.0,1.0,1.0,False,,0,0,0,0,0,1,0,0,1,0,1,0,1,0,0,0,0,0,0,0,0,0,hd16 smart fitness watch for,Budget,0
"stecei smart watch for men women bluetooth call, 1.85"" hd smartwatch with heart rate activity trackers ip68 waterproof, white",4106.0,3.8,16.0,True,,0,0,0,0,0,1,0,0,1,0,0,0,0,0,0,1,1,0,0,1,1,0,stecei smart watch for men,Mid-Range,0
tusita charger for nokia steel hr smartwatch (not for withings steel hr)- usb charging cable 100cm - fitness tracker accessories,1374.0,4.4,868.0,True,,0,0,0,0,0,0,0,0,0,0,0,0,0,1,0,0,0,0,0,0,0,0,tusita charger for nokia steel,Budget,0
"csasan smart watch, 1.91"" hd screen smartwatch for men women(answer/make call), black",3562.0,4.1,66.0,True,,0,0,0,0,0,0,0,0,0,0,0,0,0,0,0,0,0,0,0,1,1,0,"csasan smart watch, 1.91"" hd",Mid-Range,0
"parsonver smart watch, 5atm waterproof watch for swimming, fitness activity tracker with 110+ sports modes, heart rate/sleep/spo2/calories monitor, pedometer, fitness watch for android & iphone, black",5094.0,3.8,626.0,True,,0,0,0,0,0,0,0,0,1,1,1,0,1,0,0,1,0,0,1,0,0,0,"parsonver smart watch, 5atm waterproof",Mid-Range,0
"gamesir active 2 smartwatch for men & women, 1.39” hd round display, bluetooth calling, heart rate & spo₂, 100+ sports modes, ip67, long battery life for android & ios (magnetic purple)",1499.0,4.5,16.0,True,,0,0,0,0,0,1,1,0,1,0,0,0,1,0,0,0,0,1,0,1,1,0,gamesir active 2 smartwatch for,Budget,0
vtech kidizoom smartwatch dx3 pink,8515.0,4.2,79.0,True,,0,0,0,0,0,0,0,0,0,0,0,0,0,0,0,0,0,0,0,0,0,0,vtech kidizoom smartwatch dx3 pink,Premium,0
"croiky milanese loop magnetic mesh metal stainless steel strap compatible with apple watch ultra 3|2 band 49mm series 10, iwatch 10|11 band 46mm, 9|8|7 45mm, se2|6|5|4 44mm - titanium",2118.0,4.4,27.0,True,Limited time deal,0,0,0,0,0,0,0,0,0,0,0,0,0,0,0,0,0,0,0,0,0,0,croiky milanese loop magnetic mesh,Budget,0
wapik smart watch for men women fitness tracker with heart rate/sp02/sleep monitor (answer/make calls) ip67 waterproof smartwatch for iphone android black,7028.0,4.0,32.0,True,,0,0,0,0,0,0,0,0,1,0,1,0,0,1,0,1,0,1,0,1,1,0,wapik smart watch for men,Premium,0
"yoever smart watch, 1.85"" smartwatch",8113.0,4.3,179.0,True,,0,0,0,0,0,0,0,0,0,0,0,0,0,0,0,0,0,0,0,0,0,0,"yoever smart watch, 1.85"" smartwatch",Premium,0
"smart watches for women (answer/make call) with diamonds, 1.3”hd screen bluetooth smartwatch for android ios phones, ip68 waterproof fitness activity trackers with heart rate/spo2/bp/sleep monitor",7672.0,4.0,484.0,True,,0,0,0,0,0,1,0,0,1,1,1,0,0,0,0,1,1,0,0,1,1,0,smart watches for women (answer/make,Premium,0
"kids smart watch for boys girls, ip68 girls watch with 20+ sports modes, 1.8"" kids fitness tracker with heart rate sleep monitor, calorie step, class mode, alarm, 14 games, child festival party gifts",7052.0,4.6,6.0,True,,0,0,0,0,0,0,0,0,1,0,1,0,1,1,0,0,1,0,0,0,0,1,kids smart watch for boys,Premium,0
"parsonver smart watch(answer/make calls), smartwatch for women men ip68 waterproof, 100+ sport modes fitness activity tracker, heart rate/sleep/steps monitor, fitness watch for android iphone, purple",6439.0,4.1,6000.0,True,,0,0,0,0,0,0,0,0,1,0,1,0,0,0,0,1,1,0,0,1,1,0,"parsonver smart watch(answer/make calls), smartwatch",Mid-Range,1
"jugeman smart watch for women men, 2025 fitness activity with with heart rate/pedometer/sleep/ip68 waterproof, bluetooth call & music control for android ios blue",11808.0,4.2,29.0,True,,0,0,0,0,0,1,0,0,1,0,1,0,0,0,0,1,1,0,0,1,1,0,jugeman smart watch for women,Premium,0
"cascho smart watch for men women, 1.96"" smartwatch (answer/make call), ip68 waterproof fitness tracker, 112+ sport modes (porcelain white)",5772.0,4.0,6.0,True,,0,0,0,0,0,0,0,0,0,0,0,0,0,1,0,1,1,0,0,1,1,0,cascho smart watch for men,Mid-Range,0
"noise origin smart watch smoothest ui experience (new nebula ui) & en 1 processor, 1.46"" apexvision amoled display, stainless steel, contour-cut design, fitness age, fast charging (mosaic blue)",2499.0,4.1,7600.0,True,Limited time deal,1,0,0,1,0,0,0,0,0,0,0,0,0,0,0,0,0,0,0,0,0,0,noise origin smart watch smoothest,Budget,1
"durexo smart watch, 5atm waterproof fitness men's smartwatch, 1.69'' touch screen fitness watch, multi-sport mode smartwatch, compatible with android ios phones",3434.0,3.6,10.0,True,,0,0,0,0,0,0,0,0,0,0,0,0,0,0,0,1,0,0,1,1,0,0,"durexo smart watch, 5atm waterproof",Mid-Range,0
"punnkfunnk h18 smartwatch for men & women | 2.01"" hd full display | bluetooth calling watch with heart rate | spo₂ & sleep monitor | 100+ sports modes | long battery life | ip67 fitness watch- (red)",949.0,3.8,18.0,True,Limited time deal,0,0,0,0,0,1,1,0,1,0,1,0,1,0,0,0,0,1,0,1,1,0,punnkfunnk h18 smartwatch for men,Budget,0
"parsonver smart watch, 5atm waterproof swimming watch, smartwatch for men women with bluetooth calls, fitness tracker heart rate sleep monitor, pedometer, 100+ sports modes for android & iphone, black",9096.0,3.5,111.0,True,,0,0,0,0,0,1,0,0,1,0,1,0,1,1,0,1,0,0,1,1,1,0,"parsonver smart watch, 5atm waterproof",Premium,0
french connection smartwatch unisex watch (dial colored strap),4986.0,3.4,677.0,True,,0,0,0,0,0,0,0,0,0,0,0,0,0,0,0,0,0,0,0,0,0,0,french connection smartwatch unisex watch,Mid-Range,0
"boat valour watch 1 r, ai smart habit builder, 1.43"" 3d immersive amoled display, 1000 nits, light-weight aluminium build 3 atm, 10 days battery life, smart watches for man (imperial leather)",4999.0,4.1,252.0,True,,1,0,0,1,0,0,0,0,0,0,0,0,0,0,0,0,0,0,0,0,0,0,"boat valour watch 1 r,",Mid-Range,0
"smart watch(answer/make call), 2025 fitness activity tracker for men women, 1.57” smartwatch with heart rate/sleep monitor/pedometer/calories/113 sports, ip68 waterproof fitness watch for android ios",5280.0,3.8,271.0,True,,0,0,0,0,0,0,0,0,1,0,1,0,1,0,0,1,1,0,0,1,1,0,"smart watch(answer/make call), 2025 fitness",Mid-Range,0
"punnkfunnk h9 smart watch 2.01"" tft display, bt 5.0 with 100+ sports mode, heart rate & blood oxygen monitor, call & message reminders compatible with android & ios, ip67 waterproof(pink)",949.0,1.0,2.0,True,,0,0,0,0,0,0,0,0,1,0,0,1,1,0,0,1,0,1,0,0,0,0,"punnkfunnk h9 smart watch 2.01""",Budget,0
"smart watch for men women (answer/make call), 2025 1.83"" hd touchscreen fitness tracker, 110+ sport modes, fitness watch with heart rate/sleep monitor/step, ip68 waterproof smartwatch for android ios",3632.0,3.8,44.0,True,,0,0,0,0,0,0,0,0,1,0,1,0,0,1,0,1,1,0,0,1,1,0,smart watch for men women,Mid-Range,0
"jugeman smart watch for men women (answer/make call), 1.96"" hd smartwatch with heart rate/sleep monitor/pedometer/calories, 113+ sports fitness watch beige",5457.0,4.2,34.0,True,,0,0,0,0,0,0,0,0,1,0,1,0,1,0,0,0,0,0,0,1,1,0,jugeman smart watch for men,Mid-Range,0
"smart watch for men women(answer/make calls), 1.96"" hd smartwatch, fitness tracker with 110+ sport modes, ip13 waterproof, heart rate/sleep/step monitor, pedometer, activity tracker for android ios",4478.0,3.5,3.0,True,,0,0,0,0,0,0,0,0,1,0,1,0,0,1,0,1,0,0,0,1,1,0,smart watch for men women(answer/make,Mid-Range,0
"42mm screen for huawei watch gt 2 smartwatch screen replacement for watch gt2 lcd screen ltn-b19,dan-b19 touch display digitizer assembly repair parts（black not fit 46mm）",7040.0,4.0,1.0,True,,0,0,1,0,0,0,0,0,0,0,0,0,0,0,0,0,0,0,0,1,0,0,42mm screen for huawei watch,Premium,0
"smart watch, 1.91"" smartwatch for men women (answer/make call), fitness tracker with 100+ sport modes, ip68 waterproof, heart rate/sleep/spo2 monitor, pedometer, activity tracker for",5658.0,4.1,195.0,True,,0,0,0,0,0,0,0,0,1,1,1,0,0,1,0,1,1,0,0,1,1,0,"smart watch, 1.91"" smartwatch for",Mid-Range,0
loekneue women's smartwatch with phone function bluetooth 1.83 inch tocuh watch with menstrual cycle spo2 sleep monitor heart rate monitor ip68 fitness monitoring pedometer android ios (silver),10199.0,3.7,135.0,True,,0,0,0,0,0,1,0,0,1,1,1,0,0,0,0,0,1,0,0,1,1,0,loekneue women's smartwatch with phone,Premium,0
"compatible with fossil gen 4/5 r,fossil smart watch r cable 3.2 feet,wireless charging dock for emporio armani,michael kors,skagen,diesel,black",949.0,3.8,206.0,True,Limited time deal,0,0,0,0,0,0,0,0,0,0,0,0,0,0,0,0,0,0,0,0,0,0,compatible with fossil gen 4/5,Budget,0
"smart watch for men women (answer/make call), 1.96"" hd smartwatch with heart rate/sleep monitor/pedometer/calories, 113+ sports fitness watch, ip68 waterproof activity tracker for android ios-beige",5658.0,4.0,126.0,True,,0,0,0,0,0,0,0,0,1,0,1,0,1,0,0,1,1,0,0,1,1,0,smart watch for men women,Mid-Range,0
"smart watch,1.3”smartwatch for women(answer/make call), fitness tracker with 100+ sport modes, ip67 waterproof, heart rate&sleep monitor, activity tracker for ios android (silicone strap, rose gold)",4662.0,3.7,4.0,True,,0,0,0,0,0,0,0,0,1,0,1,0,0,1,0,1,0,1,0,1,1,0,"smart watch,1.3”smartwatch for women(answer/make call),",Mid-Range,0
"smart watch for women men(answer/make calls) 1.85"" hd fitness tracker smartwatch for android iphone with steps tracking/heart rate/sleep monitor, 120+ sports modes ip68 waterproof, silver/3 bands",9863.0,3.5,2.0,True,,0,0,0,0,0,0,0,0,1,0,1,0,1,1,0,1,1,0,0,1,1,0,smart watch for women men(answer/make,Premium,0
"h9 pro max fitness smartwatch with 2.01-inch ips display, heart rate tracking, ip67 waterproof,laxasfit app compatible",4803.0,3.5,5.0,True,,0,0,0,0,0,0,0,0,1,0,0,0,0,0,0,1,0,1,0,0,0,0,h9 pro max fitness smartwatch,Mid-Range,0
"fire-boltt glitz women smart watch with 1.19” amoled display, bluetooth calling, rotating crown, always on display, 1000 nits brightness, ip68 waterproof champagne",2499.0,4.1,1100.0,True,,1,0,0,1,0,1,1,0,0,0,0,0,0,0,0,1,1,0,0,1,1,0,fire-boltt glitz women smart watch,Budget,1
"walkerfit smart watch for men, 1.43"" round amoled, 5atm waterproof, heart rate & sleep monitor,long battery,outdoor activity tracker,voice control&bluetooth call,compatible with iphone android, orange",11669.0,4.8,7.0,True,,1,0,0,1,0,1,0,0,1,0,1,0,0,0,0,1,0,0,1,1,0,0,"walkerfit smart watch for men,",Premium,0
"smart watches for men women(answer/make calls), 1.43"" amoled hd with 100+ sport modes, heart rate/sleep monitor/steps/calories/ip68 waterproof fitness tracker, smartwatch for android ios,black",4701.0,3.4,41.0,True,,1,0,0,1,0,0,0,0,1,0,1,0,0,1,0,1,1,0,0,1,1,0,smart watches for men women(answer/make,Mid-Range,0
"smartwatch for men(2 watch bands) 1.43"" amoled hd screen fitness tracker with ip68 waterproof 100+ sports sleeping tracker smartwatch compatible with andriod ios",6453.0,3.4,60.0,True,,1,0,0,1,0,0,0,0,0,0,1,0,1,1,0,1,1,0,0,1,0,0,smartwatch for men(2 watch bands),Mid-Range,0
"miracle digital smartwatch for men with bluetooth calling – 1.46"" hd screen, ai assistant, 30-day battery, health monitoring, 100+ sports modes, ipx68 waterproof, silver strap, android/ios",2599.0,3.6,36.0,True,Limited time deal,0,0,0,0,0,1,1,0,0,0,0,0,1,0,0,1,0,0,0,1,0,0,miracle digital smartwatch for men,Budget,0
"punnkfunnk safeguard 5g/4g kids smart watch with sim calling, gps tracker, video call, sos alerts, face unlock, games, ip67, 800mah battery, voice chat, maps(olive green)",2899.0,3.8,28.0,True,,0,0,0,0,1,0,1,0,0,0,0,0,0,0,0,0,0,1,0,0,0,1,punnkfunnk safeguard 5g/4g kids smart,Budget,0
"smart watch for motorola moto g 5g (2022) - with led flashlight, 1.43"" amoled display, outdoor smartwatch with compass/altitude/air pressure, waterproof fitness tracker watch",9059.0,4.5,4.0,True,,1,0,0,1,0,0,0,0,0,0,0,0,0,1,0,1,0,0,0,0,0,0,smart watch for motorola moto,Premium,0
"goodatech kids smart watch for boys girls, 1.54'' smartwatch with 26 puzzle games, hd camera, video music player, pedometer, flashlight, audio book, aluminum case and sport band (black)",6493.0,4.6,35.0,True,,0,0,0,0,0,0,0,0,0,0,0,0,0,0,0,0,0,0,0,0,0,1,goodatech kids smart watch for,Mid-Range,0
"gamesir safeguard kids smart watch 5g/4g with sim calling, 800mah battery, gps tracker, sos alerts, video calling, face unlock, voice chat, games, ip67 waterproof (grey)",3129.0,3.1,91.0,True,Limited time deal,0,0,0,0,1,0,1,0,0,0,0,0,0,0,0,1,0,1,0,0,0,1,gamesir safeguard kids smart watch,Mid-Range,0
"ldfas fenix 6 pro/5 plus band, 22mm titanium metal quick release easy fit watch strap with double button clasp compatible for garmin fenix 5 5 plus 6 6 pro/forerunner 935/945 smartwatch, black",7729.0,4.3,356.0,True,,0,0,0,0,0,0,0,0,0,0,0,0,0,0,0,0,0,0,0,0,0,0,ldfas fenix 6 pro/5 plus,Premium,0
"ldfas titanium band compatible fenix 6 pro/5 plus band, 22mm titanium metal quick release easy fit watch strap compatible for garmin fenix 5 plus 6 pro/forerunner 935/945 smartwatch, black",6901.0,4.1,494.0,True,,0,0,0,0,0,0,0,0,0,0,0,0,0,0,0,0,0,0,0,0,0,0,ldfas titanium band compatible fenix,Mid-Range,0
cellfather® stainless steel straps for amazfit active edge a2212 | amazfit t rex 2 smartwatch straps (black),949.0,3.1,9.0,False,,0,0,0,0,0,0,0,0,0,0,0,0,0,0,0,0,0,0,0,0,0,0,cellfather® stainless steel straps for,Budget,0
"smart watch for motorola razr 40 ultra military smart watch for men (answer/make call), 1.85in hd tactical sports rugged smartwatch, fitness tracker watch for android/ios phones - black",8413.0,5.0,1.0,True,,0,0,0,0,0,0,0,0,0,0,0,0,1,1,0,0,0,0,0,1,0,0,smart watch for motorola razr,Premium,0
"iowodo military smart watch for men (answer/make calls), 2.01'' smart watch for android and iphone, fitness tracker with flashlight/compass/100 days battery/heart rate/sleep/100+ sport modes(2 straps)",6621.0,4.1,1400.0,True,,0,0,0,0,0,0,0,0,1,0,1,0,0,1,0,0,0,0,0,1,0,0,iowodo military smart watch for,Mid-Range,1
"smart watch for men women, 1.57"" smartwatch(answer/make call), 2025 new fitness tracker with heart rate/sleep monitor/pedometer, ip68 waterproof, 110 sport modes, fitness watch for android ios purple﻿",4249.0,4.1,92.0,True,,0,0,0,0,0,0,0,0,1,0,1,0,0,1,0,1,1,0,0,1,1,0,"smart watch for men women,",Mid-Range,0
"fire-boltt ninja call pro plus bluetooth calling smart watch, 1.83″ hd display, ai voice assistant, 120+ sports modes, ip67 waterproof, spo2 & heart rate monitor smartwatch for men & women - wine",1099.0,3.9,120000.0,True,,0,1,0,0,0,1,1,0,1,1,0,0,1,0,0,1,0,1,0,1,1,0,fire-boltt ninja call pro plus,Budget,0
"gps military smart watch for men，gpt voice assistant，smartwatch with led flashlight，2.01"" hd display bluetooth call，fitness tracke with multiple sports modes，compatible with android & ios",11239.0,3.8,47.0,True,,0,1,0,0,1,1,0,0,0,0,0,0,1,0,0,0,0,0,0,1,0,0,gps military smart watch for,Premium,0
"smart watch for women diamonds(answer/make call),1.29''hd touch screen smart watch android,fitness tracker with heart rate/blood oxygen/sleep monitor,waterproof smartwatch 3 strap (diamond silver)",8849.0,3.7,138.0,True,,0,0,0,0,0,0,0,0,1,0,1,1,0,1,0,1,0,0,0,1,1,0,smart watch for women diamonds(answer/make,Premium,0
"overstep compatible with fenix 7 watch band, 22mm width soft silicone watch strap for garmin fenix 5/fenix 5 plus/fenix 6/fenix 6 pro smartwatch",3012.0,4.2,123.0,True,,0,0,0,0,0,0,0,0,0,0,0,0,0,0,0,0,0,0,0,0,0,0,overstep compatible with fenix 7,Mid-Range,0
amazfit zepp 20mm soft silicon fluorubber strap for compatible bip u pro/bip u/gts 2 mini/gts 2 / gts 2e / neo/bip s/bip s lite (turquoise green),940.0,3.9,185.0,True,,0,0,0,0,0,0,0,0,0,0,0,0,0,0,0,0,0,0,0,0,0,0,amazfit zepp 20mm soft silicon,Budget,0
"charger cable compatible for garmin approach s44 s42 s40/ approach s10 s12/ approach s62 s60/ approach s50 s70/ approach g12 x10 smartwatch with type-c adapters, usb charging cable data transfer cord",1513.0,4.5,15.0,True,,0,0,0,0,0,0,0,0,0,0,0,0,0,0,0,0,0,0,0,0,0,0,charger cable compatible for garmin,Budget,0
aukfa dokfin waterproof kids smartwatch (pink),4469.0,2.6,12.0,True,,0,0,0,0,0,0,0,0,0,0,0,0,0,0,0,1,0,0,0,0,0,1,aukfa dokfin waterproof kids smartwatch,Mid-Range,0
"gamesir active 2 smartwatch for men & women, 1.39” hd round display, bluetooth calling, heart rate & spo₂, 100+ sports modes, ip67, long battery life for android & ios (magnetic black gold dial)",1499.0,4.5,16.0,True,,0,0,0,0,0,1,1,0,1,0,0,0,1,0,0,0,0,1,0,1,1,0,gamesir active 2 smartwatch for,Budget,0
"soudorv smartwatch for men women, activity tracker with pedometer/sleep monitor",12606.0,3.2,7.0,True,,0,0,0,0,0,0,0,0,0,0,1,0,0,0,0,0,0,0,0,1,1,0,"soudorv smartwatch for men women,",Premium,0
"smart watch for men, 120+ sports modes smartwatch with 1.83"" hd touchsreen, sleep monitor, ip67 waterproof, bluetooth call & music control fitness watch for iphone/android black",5779.0,3.8,55.0,True,,0,0,0,0,0,1,0,0,0,0,1,0,1,0,0,1,0,1,0,1,0,0,"smart watch for men, 120+",Mid-Range,0
"gamesir glavito round dial smartwatch with 1.49"" amoled display, 100+ sports modes, ip67, bluetooth calling, functional crown control, health tracking, 100+ watch faces for men & women (metal gold)",1429.0,3.6,43.0,True,,1,0,0,1,0,1,1,0,0,0,0,0,1,0,0,0,0,1,0,1,1,0,gamesir glavito round dial smartwatch,Budget,0
"storm smartwatch with 1.96"" hd display,bluetooth calling with dialpad,multiple sports modes & watch faces,spo2 & heart rate monitoring,bluetooth camera with extra magnetic strap (rose gold)",2499.0,5.0,1.0,True,,0,1,0,0,0,1,1,0,1,1,0,0,1,0,0,0,0,0,0,0,0,0,"storm smartwatch with 1.96"" hd",Budget,0
"noise diva 2 fashion smart watch for women- sleekest dial, 36mm amoled display, snug fit, improved female cycle tracker,bt calling, sleep tracking, ai voice assistant, password protection(silver blue)",3999.0,3.9,789.0,True,,1,0,0,1,0,0,1,0,0,0,1,0,0,0,0,0,0,0,0,1,1,0,noise diva 2 fashion smart,Mid-Range,0
"46mm smart watch for men women, bluetooth call, 120+ sports modes fitness tracker, heart rate/health/sleep monitor, step calorie counter, water resistant smartwatch for android iphone",5710.0,3.0,1.0,True,,0,0,0,0,0,1,0,0,1,0,1,0,1,1,0,0,0,0,0,1,1,0,46mm smart watch for men,Mid-Range,0
"punnkfunnk active 2 smartwatch with 1.39” hd round display, bluetooth calling, heart rate & spo₂ monitor, 100+ sports modes, ip67, long battery life for men & women (black)",1439.0,3.5,8.0,True,Limited time deal,0,0,0,0,0,1,1,0,1,0,0,0,1,0,0,0,0,1,0,1,1,0,punnkfunnk active 2 smartwatch with,Budget,0
exxelo (12 years warranty d20 touchscreen smart watch bluetooth smartwatch with heart rate sensor and basic functionality for all boys & girls (rose gold),959.0,5.0,1.0,True,,0,0,0,0,0,1,0,0,1,0,0,0,0,0,0,0,0,0,0,0,0,0,exxelo (12 years warranty d20,Budget,0
usb charging cable compatible with ticwatch pro5 prox pro3 pro 3 lte replacement charger dock adapter smartwatch accessories 1m length black,3236.0,4.0,2.0,True,,0,0,0,0,0,0,0,0,0,0,0,0,0,0,0,0,0,0,0,1,0,0,usb charging cable compatible with,Mid-Range,0
"titan maestro 1.47"" zero lag amoled smart watch for man with ss316l stainless steel, bt calling, 60hz refresh rate, health tracking,10 days battery,water & dust resistant, extra silicon strap (black)",12495.0,3.9,337.0,True,,1,0,0,1,0,0,1,0,0,0,0,0,0,0,0,0,0,0,0,0,0,0,"titan maestro 1.47"" zero lag",Premium,0
"gydom smart watch for women android & iphone, alexa built-in, 1.8"" smartwatch with heart rate/spo2/sleep monitor, ip68 waterproof activity fitness tracker, 101+ sports mode, red",11953.0,4.8,5.0,True,,0,0,0,0,0,0,0,1,1,1,1,0,1,1,0,1,1,0,0,1,1,0,gydom smart watch for women,Premium,0
"smart watch, 1.43"" smartwatch for men women (answer/make call), flashlight/130+ sports, heart rate/sleep monitor, ip68 waterproof fitness activity tracker android ios",6423.0,3.8,5.0,True,,0,0,0,0,0,0,0,0,1,0,1,0,1,0,0,1,1,0,0,1,1,0,"smart watch, 1.43"" smartwatch for",Mid-Range,0
"kissmart replacement charger for garmin venu,charging cable cord for garmin venu smartwatch,black",1047.0,4.6,1000.0,True,,0,0,0,0,0,0,0,0,0,0,0,0,0,0,0,0,0,0,0,1,0,0,kissmart replacement charger for garmin,Budget,0
"smart watch: compatible with iphone & android, fitness tracker, waterproof, heart rate, sleep, blood oxygen monitor, step & distance counter, men & women smart watch",5099.0,1.0,1.0,True,,0,0,0,0,0,0,0,0,1,0,1,1,0,1,0,1,0,0,0,1,1,0,smart watch: compatible with iphone,Mid-Range,0
"loghog 3 atm waterproof amoled smart watch with gps,compass, altitude,air pressure,540mah extra large battery,metal body rugged military smartwatch compatiable for andriod ios",14894.0,3.8,10.0,True,,1,0,0,1,1,0,0,0,0,0,0,0,0,0,0,1,0,0,0,0,0,0,loghog 3 atm waterproof amoled,Premium,0
"gelishi compatible for fitbit versa 2 bands with case, men protective case band rugged sport wristbands strap for fitbit versa 2 smartwatch - army green",2465.0,4.4,2000.0,True,,0,0,0,0,0,0,0,0,0,0,0,0,0,0,0,0,0,0,0,1,0,0,gelishi compatible for fitbit versa,Budget,1
"smart watch with earbuds, 2 in 1 bluetooth smartwatch for android iphone, fitness tracker with heart rate sleep monitor, long time standby sports men women smart watch",13516.0,3.5,281.0,True,,0,0,0,0,0,1,0,0,1,0,1,0,1,1,0,0,0,0,0,1,1,0,"smart watch with earbuds, 2",Premium,0
"smart watch for men women(answer/make calls), 1.95"" hd touch screen fitness watch with sleep heart rate monitor, 110+ sports modes, ip68 waterproof activity trackers compatible with android ios, pink",5658.0,4.0,151.0,True,,0,0,0,0,0,0,0,0,1,0,1,0,1,0,0,1,1,0,0,1,1,0,smart watch for men women(answer/make,Mid-Range,0
"kumi smart watch for men, 1.43'' amoled smartwatch, 24h heart rate monitor, sleep monitor, 100+ sport modes, ip68 waterproof activity tracker and smartwatches for android and ios, black",5658.0,3.5,34.0,True,,1,0,0,1,0,0,0,0,1,0,1,0,0,0,0,1,1,0,0,1,0,0,"kumi smart watch for men,",Mid-Range,0
"smart watches for women men, 1.83"" hd dynamic dial 2025 smartwatch with 100 sports modes, heart rate/sleep monitor, ip68 waterproof",5570.0,5.0,7.0,True,,0,0,0,0,0,0,0,0,1,0,1,0,1,0,0,1,1,0,0,1,1,0,"smart watches for women men,",Mid-Range,0
"military smart watch with earbuds,bluetooth call smartwatch tws wireless earphones for android ios phones fitness watch heart rate sleep monitor sports step calorie counter pedometer 2.01"" hd screen",13374.0,3.6,3.0,True,,0,0,0,0,0,1,0,0,1,0,1,0,1,0,0,0,0,0,0,0,0,0,"military smart watch with earbuds,bluetooth",Premium,0
"wepro bands compatible with fitbit versa smartwatch, versa 2 and lite se for women men, small and large",1683.0,4.4,20900.0,True,,0,0,0,0,0,0,0,0,0,0,0,0,0,0,0,0,0,0,0,1,1,0,wepro bands compatible with fitbit,Budget,1
"kuizil smart watch for men women, 1.91"" smartwatch (answer/make call), fitness tracker with 100+ sport modes, ip68 waterproof, heart rate/sleep monitor",4779.0,3.7,18.0,True,,0,0,0,0,0,0,0,0,1,0,1,0,0,1,0,1,1,0,0,1,1,0,kuizil smart watch for men,Mid-Range,0
"2.01in smart watch, answer/make call smartwatch for men women for iphone and android, heart rate, spo2 sleep monitor, pedometer, 112 sports modes",8860.0,3.9,36.0,True,,0,0,0,0,0,0,0,0,1,1,1,0,1,0,0,0,0,0,0,1,1,0,"2.01in smart watch, answer/make call",Premium,0
"csasan smart watch, 1.91"" hd screen smartwatch for men women(answer/make call), fitness watch with heart rate monitor, ip68 waterproof activity trackers, navy blue",6985.0,3.6,43.0,True,,0,0,0,0,0,0,0,0,1,0,0,0,0,0,0,1,1,0,0,1,1,0,"csasan smart watch, 1.91"" hd",Mid-Range,0
"smart watch with bluetooth earbuds, 1.57 inch display, answer/make calls, ios/android compatible",6337.0,2.7,13.0,True,,0,0,0,0,0,1,0,0,0,0,0,0,0,0,0,0,0,0,0,0,0,0,"smart watch with bluetooth earbuds,",Mid-Range,0
"vanir smartwatch 2.01"" large hd display, bluetooth calling, fitness tracker, activity tracking watch, multi-function smart watch for men & women",3688.0,2.0,2.0,True,,0,1,0,0,0,1,1,0,0,0,0,0,0,1,0,0,0,0,0,1,1,0,"vanir smartwatch 2.01"" large hd",Mid-Range,0
"smartwatch women for android phones ios: smart watches for women fitness tracker 1.83"" touchscreen waterproof smartwatches lady with answer/make call blood pressure heart rate sport pedometer monitor",5473.0,4.0,477.0,True,,0,0,0,0,0,0,0,0,1,0,0,0,0,1,0,1,0,0,0,1,1,0,smartwatch women for android phones,Mid-Range,0
"hd smart fitness watch for xiaomi mi 9t original sports touchscreen smart watch bluetooth 1.3"" smart watch led with daily activity tracker, heart rate sensor, sleep monitor b (blk)",999.0,1.0,1.0,False,,0,0,0,0,0,1,0,0,1,0,1,0,1,0,0,0,0,0,0,0,0,0,hd smart fitness watch for,Budget,0
"benio smart watch (answer/make call), ai watch faces, 1.43"" amoled with aod, ip68 waterproof fitness tracker, 24/7 heart rate/spo2/sleep monitor/stress, 110+ sports modes, compatible android & ios",4896.0,3.2,20.0,True,,1,0,0,1,0,0,0,0,1,1,1,0,1,1,0,1,1,0,0,0,0,0,"benio smart watch (answer/make call),",Mid-Range,0
"smart watch 1.91"" hd smartwatches men women, fitness tracker bluetooth call, 112+ sports, ip68 waterproof, heart rate sleep monitor pedometer calories alarm clock weather, for ios android (black)",4988.0,4.0,29.0,True,,0,0,0,0,0,1,0,0,1,0,1,0,1,1,0,1,1,0,0,1,1,0,"smart watch 1.91"" hd smartwatches",Mid-Range,0
"parsonver kids smart watch with parent-child task & reward system, fun fitness tracker with 20 sports modes, heart rate & sleep monitor, ip68 waterproof, great birthday gifts for boys girls 5-16, pink",5138.0,4.4,29.0,True,,0,0,0,0,0,0,0,0,1,0,1,0,1,1,0,1,1,0,0,0,0,1,parsonver kids smart watch with,Mid-Range,0
"biggerfive smart watch for kids, 1.8"" fitness tracker watch pedometer, heart rate, sleep monitor, ip68 waterproof, calorie step counter, puzzle games with/without app for girls teens 5-16, pink",8283.0,4.3,182.0,True,,0,0,0,0,0,0,0,0,1,0,1,0,0,1,1,1,1,0,0,0,0,1,"biggerfive smart watch for kids,",Premium,0
incipio smartwatch replacement band for apple watch 38mm - retail packaging - espresso,11532.0,5.0,1.0,True,,0,0,0,0,0,0,0,0,0,0,0,0,0,0,0,0,0,0,0,1,0,0,incipio smartwatch replacement band for,Premium,0
"smart watch with earbuds,1.85"" hd smartwatch for men women with monitor/pedometer/calories,sports fitness tracker watch, ip67 waterproof activity tracker for android ios",6923.0,3.4,22.0,True,,0,0,0,0,0,0,0,0,0,0,0,0,1,1,0,1,0,1,0,1,1,0,"smart watch with earbuds,1.85"" hd",Mid-Range,0
"smartwatch for men android ios phones: smart watch fitness tracker 2.0"" full touchscreen with answer/make call waterproof blood pressure heart rate sport pedometer sleep digital step activity monitor",7137.0,3.9,264.0,True,,0,0,0,0,0,0,0,0,1,0,1,0,0,1,0,1,0,0,0,1,0,0,smartwatch for men android ios,Premium,0
"smart watch for women(answer/make call), 1.32"" hd bluetooth smartwatch for android phones and iphone, waterproof activity fitness tracker with 130 sports modes pedometer heart rate sleep monitor",7522.0,3.4,19.0,True,,0,0,0,0,0,1,0,0,1,0,1,0,1,1,0,1,0,0,0,1,1,0,"smart watch for women(answer/make call),",Premium,0
"smart watch for women, 1.19"" amoled display fitness tracker bluetooth make/answer call, watches with 110+ sports modes/heart rate/spo2/sleep monitor, smartwatch ip68 waterproof for android ios",5970.0,4.1,30.0,True,,1,0,0,1,0,1,0,0,1,1,1,0,1,1,0,1,1,0,0,1,1,0,"smart watch for women, 1.19""",Mid-Range,0
screen protector compatible with amazfit band 7 cases smartwatch accessories tencloud covers scratched resistant full protective cover screen protectors for amazfit band 7 (black),1917.0,3.8,21.0,True,,0,0,0,0,0,0,0,0,0,0,0,0,0,0,0,0,0,0,0,0,0,0,screen protector compatible with amazfit,Budget,0
ipg for huawei watch fit bluetooth smartwatch screen protector (2 units) invisible ultra hd clear film anti scratch guard-smooth/self-healing/bubble -free,3277.0,3.6,17.0,True,,0,0,0,0,0,1,0,0,0,0,0,0,0,0,0,0,0,0,0,0,0,0,ipg for huawei watch fit,Mid-Range,0
notocity compatible garmin fenix 5x band 26mm width soft silicone watch strap for garmin fenix 5x/fenix 5x plus/fenix 3/fenix 3 hr smartwatch-black,2533.0,4.7,1200.0,True,,0,0,0,0,0,0,0,0,0,0,0,0,0,0,0,0,0,0,0,0,0,0,notocity compatible garmin fenix 5x,Budget,1
"zunate smart watch charger, watch charging cable cord, charger for color sports smartwatch, portable usb charging cable compatible with hw22 hw19",2385.0,3.3,77.0,True,,0,0,0,0,0,0,0,0,0,0,0,0,1,0,0,0,0,0,0,0,0,0,"zunate smart watch charger, watch",Budget,0
"smart watch 1.85” large screen for men and women, bluetooth 5.4 with call function pedometer wristwatch sports watch multiple exercise modes call/message notification music playback",4475.0,3.7,26.0,True,,0,0,0,0,0,1,0,0,0,0,0,0,1,0,0,0,0,0,0,1,1,0,smart watch 1.85” large screen,Mid-Range,0
"lapras 𝟏𝟓 𝐘𝐞𝐚𝐫𝐬 𝐆𝐮𝐚𝐫𝐚𝐧𝐭𝐞𝐞 wireless smartwatch with heart rate monitor, fitness tracker for all men, women, boys, girls with stylish rosegold color, sleep monitor & step counter",1279.0,3.3,13.0,True,,0,0,0,0,0,0,0,0,1,0,1,0,0,1,1,0,0,0,0,1,1,0,lapras 𝟏𝟓 𝐘𝐞𝐚𝐫𝐬 𝐆𝐮𝐚𝐫𝐚𝐧𝐭𝐞𝐞 wireless,Budget,0
french connection f1 touch screen unisex smartwatch with heart rate & blood pressure monitoring,2641.0,3.5,118.0,True,,0,0,0,0,0,0,0,0,1,0,0,0,0,0,0,0,0,0,0,0,0,0,french connection f1 touch screen,Budget,0
"poounur smart watch for men women(answer/make calls), 1.95"" hd smartwatch, fitness tracker with 120+ sport modes, ip68 waterproof, heart rate/sleep/step monitor",6795.0,4.2,74.0,True,,0,0,0,0,0,0,0,0,1,0,1,0,0,1,0,1,1,0,0,1,1,0,poounur smart watch for men,Mid-Range,0
"smart watch for men women, 1.83"" hd touchscreen fitness watch with bluetooth call & message notifications, 110+ sport modes, 24/7 heart rate/sleep monitor, ip68 waterproof fitness tracker, silver gray",4738.0,3.6,27.0,True,,0,0,0,0,0,1,0,0,1,0,1,0,0,1,0,1,1,0,0,1,1,0,"smart watch for men women,",Mid-Range,0
"2024 smart watch for men women answer/make calls,1.39"" touch screen mens watch with heart rate sleep monitor(pink)",3724.0,1.0,1.0,True,,0,0,0,0,0,0,0,0,1,0,1,0,0,0,0,0,0,0,0,1,1,0,2024 smart watch for men,Mid-Range,0
"minx smart watch strap compatible with apple iwatch 42mm 44mm 45mm 46mm 49mm | series 1 2 3 4 5 6 7 8 9 10 11, se, ultra | soft, durable & sweatproof silicone band | combo pack",995.0,5.0,1.0,True,,0,0,0,0,0,0,0,0,0,0,0,0,0,0,0,0,0,0,0,0,0,0,minx smart watch strap compatible,Budget,0
ipg for timex ironman r300 gps smartwatch screen protector (2 units) invisible ultra hd clear film anti scratch guard-smooth/self-healing/bubble -free,3183.0,3.9,21.0,True,,0,0,0,0,1,0,0,0,0,0,0,0,0,0,0,0,0,0,0,0,0,0,ipg for timex ironman r300,Mid-Range,0
"tusita magnetic usb charging cable compatible for ticwatch pro 3, pro 3 lte, pro x, e3 smart watch (3.3ft/ 100cm, black)",940.0,4.1,119.0,False,,0,0,0,0,0,0,0,0,0,0,0,0,0,0,0,0,0,0,0,0,0,0,tusita magnetic usb charging cable,Budget,0
"disney encanto kids smartwatch – interactive touchscreen with games, camera, calculator & fitness tracker – 10 watch faces & wallpapers – adjustable fit for wrist sizes 5.5""-8"", purple, 40mm, smart",6095.0,4.4,8.0,True,,0,0,0,0,0,0,0,0,0,0,0,0,0,1,0,0,0,0,0,0,0,1,disney encanto kids smartwatch –,Mid-Range,0
"smart watch (answer/make call), 1.85"" smartwatch for men women, fitness activity tracker, 110+ sport modes/heart rate/sleep monitor/pedometer, ip68 waterproof fitness watch for android ios, off white",4345.0,3.9,12.0,True,,0,0,0,0,0,0,0,0,1,0,1,0,0,0,0,1,1,0,0,1,1,0,"smart watch (answer/make call), 1.85""",Mid-Range,0
"smart watch for men women (answer/make call), 1.96"" hd fitness tracker running watch, ip68 waterproof,pedometer, sleep/step/activity/heart rate monitor,110+ sport mode smartwatch for ios android,pink",7579.0,4.2,13.0,True,,0,0,0,0,0,0,0,0,1,0,1,0,0,1,0,1,1,0,0,1,1,0,smart watch for men women,Premium,0
"denash smart watch with earbuds, 2.01"" hd screen 2 in 1 smartwatch with bluetooth earbuds, 100+ sport fitness tracker, nfc, pedometer, sleep/heart rate/monitor compatible with ios & androd",10928.0,3.6,18.0,True,,0,0,0,0,0,1,0,0,1,0,1,0,0,1,0,0,0,0,0,0,0,0,"denash smart watch with earbuds,",Premium,0
"muse modernist milanese edition hybrid smartwatch for men & women with bluetooth connectivity, step counter, sleep monitoring, 5atm water resistant (36mm, blue)",7999.0,3.7,16.0,True,,0,0,0,0,0,1,0,0,0,0,1,0,0,0,1,0,0,0,1,1,1,0,muse modernist milanese edition hybrid,Premium,0
"1.5 inches kids smart watch for boys girls, 26 puzzle games, smartwatch with camera, pedometer, video voice music player learning card, birthday gift for 3-12 years children (pink)",4689.0,3.9,48.0,True,,0,0,0,0,0,0,0,0,0,0,0,0,0,0,0,0,0,0,0,0,0,1,1.5 inches kids smart watch,Mid-Range,0
"geak 12 pack elastic nylon band compatible with fitbit versa 3/fitbit versa 4/fitbit sense/sense 2 bands for women men, breathable stretchy sport solo loop strap for fitbit versa 3/versa 4 smartwatch",4377.0,4.6,527.0,True,,0,0,0,0,0,0,0,0,0,0,0,0,0,0,0,0,0,0,0,1,1,0,geak 12 pack elastic nylon,Mid-Range,0
"case compatible for amazfit bip u pro/bip u/pop/pop pro watch case cover, screen protector all-around case hard pc bumper shell for amazfit bip u pro/bip u/pop/pop pro smartwatch (black&pink&green)",1656.0,3.3,9.0,True,,0,0,0,0,0,0,0,0,0,0,0,0,0,0,0,0,0,0,0,0,0,0,case compatible for amazfit bip,Budget,0
bicmice charger for gizmo watch 3 2 1 replacement magnetic charging cable dock stand for gizmo watch kids smartwatch 3.3 ft - 2 pack,3327.0,4.4,39.0,True,,0,0,0,0,0,0,0,0,0,0,0,0,0,0,0,0,0,0,0,1,0,1,bicmice charger for gizmo watch,Mid-Range,0
"compatible for garmin fenix 5/5s/5x charger charging stand, charging dock station cradle holder accessory with 1m usb cable for garmin fenix 5 smartwatch (black) (1pack.)",1752.0,4.3,1600.0,True,,0,0,0,0,0,0,0,0,0,0,0,0,0,0,0,0,0,0,0,0,0,0,compatible for garmin fenix 5/5s/5x,Budget,1
"fitturn charger compatible with amazfit bip s fitness smartwatch accessories charging cable (black (x1), for amazfit bip s charger)",2539.0,2.9,12.0,True,,0,0,0,0,0,0,0,0,0,0,0,0,0,0,0,0,0,0,0,0,0,0,fitturn charger compatible with amazfit,Budget,0
ancool compatible with fenix 6x/7x band 26mm quickfit soft silicone watch band replacement for fenix 5x/fenix 8 51mm/fenix 5x plus/fenix 3/fenix 6x pro/descent descent mk2i smartwatches (black),2052.0,4.6,1200.0,True,,0,0,0,0,0,0,0,0,0,0,0,0,0,0,0,0,0,0,0,1,0,0,ancool compatible with fenix 6x/7x,Budget,1
spigen rugged armor pro for samsung galaxy watch 6 classic 47mm case with strap band - black,1699.0,4.2,2300.0,True,Limited time deal,0,0,0,0,0,0,0,0,0,0,0,0,0,0,0,0,0,0,0,0,0,0,spigen rugged armor pro for,Budget,1
"croiky milanese loop magnetic mesh metal stainless steel strap compatible with apple watch ultra 3|2 band 49mm series 10, iwatch 10|11 band 46mm, 9|8|7 45mm, se2|6|5|4 44mm - black",2097.0,4.4,27.0,True,Limited time deal,0,0,0,0,0,0,0,0,0,0,0,0,0,0,0,0,0,0,0,0,0,0,croiky milanese loop magnetic mesh,Budget,0
"oneplus watch 2 with wear os 4,snapdragon w5 chipset,upto 100hrs battery life,1.43’’ amoled display,stainless steel & sapphire crystal build,dual frequency gps,5 atm, ip68 & bt calling (radiant steel)",15599.0,4.4,738.0,True,,1,0,0,1,1,0,1,0,0,0,0,0,0,0,0,0,1,0,0,0,0,0,oneplus watch 2 with wear,Premium,0
"gamesir evo vista premium metal smartwatch, 1.3” hd display bluetooth calling, fitness & sleep tracker, 100+ sports modes, ip67 waterproof compatible with android & ios (millanese black)",1432.0,3.3,133.0,True,,0,1,0,0,0,1,1,0,0,0,1,0,1,0,0,1,0,1,0,0,0,0,gamesir evo vista premium metal,Budget,0
"zitel® band compatible with garmin smartwatch for fenix 8 51mm, fenix 7x, fenix 6x/6x pro, fenix 5x/5x plus, fenix 3/3 hr, descent mk1, enduro, nylon 26mm sport strap",2299.0,4.6,2.0,False,,0,0,0,0,0,0,0,0,0,0,0,0,0,0,0,0,0,0,0,0,0,0,zitel® band compatible with garmin,Budget,0
"fitpolo smart watches for men/women, 1.8'' alexa built-in fitness tracker watch with bluetooth calls, ip68 waterproof, heart rate/sleep/spo2/stress monitor, 110 sport modes for android & iphone",9948.0,4.0,204.0,True,,0,0,0,0,0,1,0,1,1,1,1,0,0,1,0,1,1,0,0,1,1,0,"fitpolo smart watches for men/women,",Premium,0
"morofy no gap solid metal stainless steel strap for men women compatible with samsung galaxy watch 8 band 40mm 44mm (2025), galaxy watch 8 classic strap 46mm - black [watch not included]",1370.0,4.2,61.0,True,Limited time deal,0,0,0,0,0,0,0,0,0,0,0,0,0,0,0,0,0,0,0,1,1,0,morofy no gap solid metal,Budget,0
"smart watches for men women (answer/make call), 2.01"" hd screen fitness tracker watch with blood pressure/heart rate/sleep monitor, smart watch for android ios phones, ip67 waterproof sport watch",7121.0,3.8,7.0,True,,0,0,0,0,0,0,0,0,1,0,1,0,0,1,0,1,0,1,0,1,1,0,smart watches for men women,Premium,0
"smart watch charger, replacement magnetic watch usb charging cable cord for fossil q gen 1 2 2 wander 2 3 explorer 3 venture series smart watches (white)",3233.0,1.0,5.0,True,,0,0,0,0,0,0,0,0,0,0,0,0,0,0,0,0,0,0,0,1,0,0,"smart watch charger, replacement magnetic",Mid-Range,0
"compatible for samsung galaxy watch 46mm bands,22mm enamel process stainless steel metal watch strap compatible samsung gear s3 frontier/classic smartwatch,black",3999.0,4.4,149.0,True,,0,0,0,0,0,0,0,0,0,0,0,0,0,0,0,0,0,0,0,0,0,0,compatible for samsung galaxy watch,Mid-Range,0
"parsonver amoled smart watch for men women, always-on display fitness tracker, answer/make calls, 2 quick-release bands, heart rate sleep monitor, 120+ sports modes pedometer for android iphone, black",8484.0,3.8,267.0,True,,1,0,0,1,0,0,0,0,1,0,1,0,1,1,0,0,0,0,0,1,1,0,parsonver amoled smart watch for,Premium,0
"smart watch 1.96"" amoled hd smartwatch 410 * 502 color screen smart watch, full health monitor smartwatch for women men, low power consumption smartwatch (light silver)",10076.0,3.6,12.0,True,,1,0,0,1,0,0,0,0,0,0,0,0,0,0,0,0,0,0,0,1,1,0,"smart watch 1.96"" amoled hd",Premium,0
"housemate charger compatible with garmin forerunner 35 35j 230 235 630 645 music 735xt, approach g10 s20, vivomove hr, lily - usb charging cable clip 100cm - gps smartwatch",920.0,4.6,3.0,False,,0,0,0,0,1,0,0,0,0,0,0,0,0,0,0,0,0,0,0,0,0,0,housemate charger compatible with garmin,Budget,0
"archer watch straps archer watch straps | silicone quick release soft rubber replacement watch bands for men and women, watches and smartwatches (venetian red, 22mm)",4358.0,4.5,922.0,True,,0,0,0,0,0,0,0,0,0,0,0,0,0,0,0,0,0,0,0,1,1,0,archer watch straps archer watch,Mid-Range,0
oboe fast charger dock compatible with fitbit versa/fitbit versa se/fitbit versa lite smartwatch premium replacement charging stand cardle base station with usb cable (black),1499.0,1.8,2.0,True,,0,0,0,0,0,0,0,0,0,0,0,0,0,0,0,0,0,0,0,1,0,0,oboe fast charger dock compatible,Budget,0
ipg for huawei childrenã‚´s watch 4x smart watch screen protector (2 units) invisible ultra hd clear film anti scratch guard-smooth/self-healing/bubble -free,3183.0,3.6,3.0,True,,0,0,0,0,0,0,0,0,0,0,0,0,0,0,0,0,0,0,0,0,0,0,ipg for huawei childrenã‚´s watch,Mid-Range,0
"punnkfunnk active 2 smartwatch, 1.39” hd round display, bluetooth calling, heart rate & spo₂, 100+ sports modes, ip67, long battery life for men & women (magnetic purple)",1489.0,3.5,8.0,True,Limited time deal,0,0,0,0,0,1,1,0,1,0,0,0,1,0,0,0,0,1,0,1,1,0,"punnkfunnk active 2 smartwatch, 1.39”",Budget,0
"military smart watch for men(make/answer call) with led flashlight, 1.7"" hd big screen with 530mah battery, outdoor sport rugged smartwatch with activity tracker compatible with android & iphone phone",10053.0,3.1,4.0,True,,0,0,0,0,0,0,0,0,0,0,0,0,0,0,0,0,0,0,0,1,0,0,military smart watch for men(make/answer,Premium,0
"smart watch with built-in gps and offline maps, 1.96"" hd display, answer/make calls, 100+ sport modes, heart rate/sleep/spo2 monitor, fitness activity tracker for android and iphone (black, 1.96"")",11802.0,4.1,22.0,True,,0,1,0,0,1,0,0,0,1,1,1,0,0,0,0,0,0,0,0,0,0,0,smart watch with built-in gps,Premium,0
"parsonver smart watch for women men (answer/make calls) compatible with iphone/android phones, fitness tracker with 100+ sports modes ip68 waterproof, heart rate/blood oxygen/sleep/steps monitor, blue",5800.0,4.1,6000.0,True,,0,0,0,0,0,0,0,0,1,0,1,1,1,1,0,1,1,0,0,1,1,0,parsonver smart watch for women,Mid-Range,1
"gamesir safeguard kids smart watch 5g/4g with sim calling, 800mah battery, gps tracker, sos alerts, video calling, voice call, ip67 waterproof (orange)",3129.0,3.1,91.0,True,Limited time deal,0,0,0,0,1,0,1,0,0,0,0,0,0,0,0,1,0,1,0,0,0,1,gamesir safeguard kids smart watch,Mid-Range,0
"smart watch for kids 6-12 [kids gps tracker/text/video call] kids smart watches boys girls, kids watch with gps tracker, school mode, safety alerts, gps tracker for kids smart watch sim,jet black",6074.0,1.5,2.0,True,,0,0,0,0,1,0,0,0,0,0,0,0,0,0,0,0,0,0,0,0,0,1,smart watch for kids 6-12,Mid-Range,0
"smart watches for women,1.85"" hd display compatible iphone/android (answer/make calls),110+ sport modes fitness tracker with heart rate/sleep/sp02 monitor,200+watch face ip68 waterproof (pink, 1.85)",11979.0,4.5,87.0,True,,0,1,0,0,0,0,0,0,1,0,1,0,0,1,0,1,1,0,0,1,1,0,"smart watches for women,1.85"" hd",Premium,0
"2025 smart watch for men women, 1.96"" hd fitness tracker running watch (answer/make call), ip68 waterproof,pedometer, step/sleep/heart rate monitor,110+ sport mode smartwatch for ios phone,purple",3124.0,4.0,34.0,True,,0,0,0,0,0,0,0,0,1,0,1,0,0,1,0,1,1,0,0,1,1,0,2025 smart watch for men,Mid-Range,0
"ruimen smart watches for men women (answer/make calls), 1.8"" smartwatch for iphone/android phones, fitness tracker heart rate monitor sleep/steps tracker waterproof (2 bands included), black/copper",5331.0,4.0,26.0,True,,0,0,0,0,0,0,0,0,1,0,1,0,0,1,0,1,0,0,0,1,1,0,ruimen smart watches for men,Mid-Range,0
"1.27'' smart watches for women (answer/make calls), activity fitness tracker with 120+ sport modes, 24/7 heart rate, sleep monitor, 4 watch bands, 41mm smartwatch for android & iphone, rose gold",11349.0,4.1,33.0,True,,0,0,0,0,0,0,0,0,1,0,1,0,0,1,0,0,0,0,0,1,1,0,1.27'' smart watches for women,Premium,0
"sloksfil smart watches for women with menstrual cycle tracker, 1.39” hd smart watch, heart rate/sleep monitor, ip67 waterproof, women’s watch fitness tracker compatible with ios android",11018.0,4.0,301.0,True,,0,0,0,0,0,0,0,0,1,0,1,0,0,1,0,1,0,1,0,1,1,0,sloksfil smart watches for women,Premium,0
"maizic smarthome pack of 2 muskpro 1.5"" bluetooth touch screen sim card calling smart watch for ios, android phones with whatapps, facebook, email notification, padometer",1979.0,2.6,43.0,False,,0,0,0,0,0,1,1,0,0,0,0,0,0,0,0,0,0,0,0,0,0,0,maizic smarthome pack of 2,Budget,0
"tencloud 3-pack bands compatible with huawei watch fit 2 smartwatch - replacement silicone straps, no fading sport wristbands (not for the watch fit)",2533.0,4.0,31.0,True,,0,0,0,0,0,0,0,0,0,0,0,0,0,0,0,0,0,0,0,1,0,0,tencloud 3-pack bands compatible with,Budget,0
"smart watches for men women, 1.83"" hd touchsreen, bluetooth calling, 5 atm water-resistance, 130+ sports modes, health, fitness & sleep tracker, timer, pedometer, fitness watch for android/ios, black",6901.0,3.8,89.0,True,,0,0,0,0,0,1,1,0,0,0,1,0,1,0,0,0,0,0,0,1,1,0,"smart watches for men women,",Mid-Range,0
"lijinlan case compatible with ticwatch pro 3 watch, soft protector cover tpu anti-scratch bumper case for ticwatch pro 3 smart watch accessories (black blue white)",2575.0,3.7,28.0,True,,0,0,0,0,0,0,0,0,0,0,0,0,0,0,0,0,0,0,0,0,0,0,lijinlan case compatible with ticwatch,Budget,0
"5 pack case for samsung galaxy watch 3 41mm/45mm, shock-proof hard pc protector slim cover all-around scratch translucent protective bumper shell for galaxy watch 3 smartwatch accessories (45mm)",3810.0,4.8,8.0,True,,0,0,0,0,0,0,0,0,0,0,0,0,0,0,0,0,0,0,0,0,0,0,5 pack case for samsung,Mid-Range,0
"military smart watches for men(answer/make calls), 1.39""hd fitness watch, 24/7 heart rate sleep monitor, smart watch for men 110+ sport modes, 30day, ip68 waterproof smartwatch for android ios, green",11286.0,3.4,164.0,True,,0,0,0,0,0,0,0,0,1,0,1,0,0,0,0,1,1,0,0,1,0,0,military smart watches for men(answer/make,Premium,0
"notocity instinct band, soft silicone replacement watch strap for garmin instinct/instinct 2/instinct 2 solar sports gps smartwatch with adapter tools, 5.2 inch to 8.8 inch, silicone, 20 mm, black",1258.0,4.7,1500.0,True,,0,0,0,0,1,0,0,0,0,0,0,0,1,0,0,0,0,0,0,1,0,0,"notocity instinct band, soft silicone",Budget,1
"smart watch for motorola moto g play (2021) - fitness tracker watches for men women, ip67 waterproof hd touch screen smartwatch for android/ios phones, 24 sports, activity tracker - black",8328.0,3.5,2.0,True,,0,0,0,0,0,0,0,0,0,0,0,0,1,1,0,1,0,1,0,1,1,0,smart watch for motorola moto,Premium,0
"w@nyou smart watch with earbuds,2 in 1 watch with earbuds for android ios can receive calls messages sleep tracker calorie counter for men women (black)",7930.0,3.3,25.0,True,,0,0,0,0,0,0,0,0,0,0,1,0,0,0,0,0,0,0,0,1,1,0,"w@nyou smart watch with earbuds,2",Premium,0
"yoyofit smart watch(answer/make call), 1.85"" smartwatch for women, fitness activity tracker with heart rate blood oxygen sleep monitor step calorie counter for iphone android phones, pink",9354.0,3.0,2.0,True,,0,0,0,0,0,0,0,0,1,0,1,1,0,0,0,0,0,0,0,1,1,0,"yoyofit smart watch(answer/make call), 1.85""",Premium,0
"filiekeu bluetooth calls smart watch men women heart rate sleep monitor steps ip67 waterproof sport fitness tracker 1.3''touch screen fasion black stainless steel smart watches for android ios,",9689.0,4.0,485.0,True,,0,0,0,0,0,1,0,0,1,0,1,0,0,1,0,1,0,1,0,1,1,0,filiekeu bluetooth calls smart watch,Premium,0
"noise vortex plus 1.46 amoled display, aod, bt calling, sleek metal finish, 7 days battery life, all new os with 100+ watch faces & health suite (black link)",2299.0,4.0,56200.0,True,,1,0,0,1,0,0,1,0,0,0,0,0,0,0,0,0,0,0,0,0,0,0,noise vortex plus 1.46 amoled,Budget,1
"punnkfunnk active 2 smartwatch, 1.39” hd round display, bluetooth calling, heart rate & spo₂, 100+ sports modes, ip67, long battery life for men & women (magnetic green)",1489.0,3.5,8.0,True,Limited time deal,0,0,0,0,0,1,1,0,1,0,0,0,1,0,0,0,0,1,0,1,1,0,"punnkfunnk active 2 smartwatch, 1.39”",Budget,0
"yoever smart watch for women men, 2025 new smartwatch (answer/make call) for iphone/android, 1.85"" hd dynamic dial fitness tracker with 110+ sport modes, sleep/health monitor, ip68 waterproof, gold",12342.0,4.1,40.0,True,,0,0,0,0,0,0,0,0,0,0,1,0,0,1,0,1,1,0,0,1,1,0,yoever smart watch for women,Premium,0
"smart watches for women diamond,1.29""amoledtouch screen ladies waterproof smart watch with heart rate/blood pressure/sleep monitor,19 sport modes womens smart watches for android ios",15054.0,3.9,334.0,True,,1,0,0,1,0,0,0,0,1,0,1,0,0,0,0,1,0,0,0,1,1,0,"smart watches for women diamond,1.29""amoledtouch",Premium,0
"smart watch for men (make call and answer), fitness tracker mens with blood pressure monitor heart rate sleep compatible with ios and android phones waterproof pedometer calorie counter running",11047.0,5.0,1.0,True,,0,0,0,0,0,0,0,0,1,0,1,0,0,1,0,1,0,0,0,1,0,0,smart watch for men (make,Premium,0
"smartwatch for men/women, sleep/heart rate monitor, ip68 waterproof fitness tracker for android.us-t70ai",10789.0,3.6,67.0,True,,0,0,0,0,0,0,0,0,1,0,1,0,0,1,0,1,1,0,0,1,1,0,"smartwatch for men/women, sleep/heart rate",Premium,0
"smart watches for women,1.85"" hd display compatible iphone/android (answer/make calls),110+ sport modes fitness tracker with heart rate/sleep/sp02 monitor,200+watch face ip68 waterproof (black, 1.8)",10423.0,3.9,5.0,True,,0,1,0,0,0,0,0,0,1,0,1,0,0,1,0,1,1,0,0,1,1,0,"smart watches for women,1.85"" hd",Premium,0
"nihemin smart watch (gps+map, black)",11252.0,4.2,1100.0,True,,0,0,0,0,1,0,0,0,0,0,0,0,0,0,0,0,0,0,0,0,0,0,"nihemin smart watch (gps+map, black)",Premium,1
"gamesir safeguard kids smart watch 5g/4g with sim calling, 800mah battery, gps tracker, sos alerts, video calling, face unlock, voice chat, games, ip67 waterproof (black)",3129.0,3.1,91.0,True,Limited time deal,0,0,0,0,1,0,1,0,0,0,0,0,0,0,0,1,0,1,0,0,0,1,gamesir safeguard kids smart watch,Mid-Range,0
"muse modernist milanese edition hybrid smartwatch for men & women with bluetooth connectivity, step counter, sleep monitoring, 5atm water resistant (36mm, white)",7999.0,3.7,16.0,True,,0,0,0,0,0,1,0,0,0,0,1,0,0,0,1,0,0,0,1,1,1,0,muse modernist milanese edition hybrid,Premium,0
"toobur smart watch for men women alexa built-in, 1.95"" fitness tracker with answer/make calls, ip68 waterproof/heart rate/sleep tracker/100 sports, fitness watch compatible ios android",9254.0,4.2,4300.0,True,,0,0,0,0,0,0,0,1,1,0,1,0,1,1,0,1,1,0,0,1,1,0,toobur smart watch for men,Premium,1
"smart watch for men women(answer/make calls), 1.83"" hd smartwatch, fitness tracker with 110+ sport modes,waterproof, heart rate/sleep/step monitor, pedometer, activity tracker for android ios",3351.0,5.0,2.0,True,,0,0,0,0,0,0,0,0,1,0,1,0,0,1,0,1,0,0,0,1,1,0,smart watch for men women(answer/make,Mid-Range,0
"simpeak 5-pack soft screen protector bumper case compatible with fitbit charge 5 smartwatch, full protection, rose pink/clear/silver/black/rose gold",1472.0,4.3,834.0,True,,0,0,0,0,0,0,0,0,0,0,0,0,0,0,0,0,0,0,0,0,0,0,simpeak 5-pack soft screen protector,Budget,0
"gamesir safeguard kids smart watch 5g/4g with sim calling, 800mah battery, gps tracker, sos alerts, video calling, face unlock, voice chat, games, ip67 waterproof (sky blue)",3129.0,3.1,91.0,True,Limited time deal,0,0,0,0,1,0,1,0,0,0,0,0,0,0,0,1,0,1,0,0,0,1,gamesir safeguard kids smart watch,Mid-Range,0
"csasan smart watch for men women, 1.91"" hd screen smartwatch heart rate/sleep/steps monitor, activity trackers for android ios black",5893.0,4.2,67.0,True,,0,0,0,0,0,0,0,0,1,0,1,0,0,0,0,0,0,0,0,1,1,0,csasan smart watch for men,Mid-Range,0
"hammer cyclone 1.39"" round dial smart watch with calling function, high refresh rate, multi sports modes, spo2, hr, voice assistant (navy blue)",1398.0,2.5,217.0,True,,0,0,0,0,0,0,1,0,0,1,0,0,1,0,0,0,0,0,0,0,0,0,"hammer cyclone 1.39"" round dial",Budget,0
"smart watch (answer/make call) for men women, 2.02"" smartwatch with heart rate/blood pressure/blood oxygen/sleep monitor, ipx8 waterproof fitness tracker, 100+ sports modes compatible with ios android",8314.0,4.8,11.0,True,,0,0,0,0,0,0,0,0,1,0,1,1,1,1,0,1,0,0,0,1,1,0,smart watch (answer/make call) for,Premium,0
smartwatches,11252.0,4.3,24.0,True,,0,0,0,0,0,0,0,0,0,0,0,0,0,0,0,0,0,0,0,0,0,0,smartwatches,Premium,0
"2026 gps smartwatches, 1.43” amoled always-on display, 5atm swimming waterproof, 170+ sports mode, 500mah battery, make&answer call smart watches for man, fitness watches for ios and android (black)",7434.0,3.6,10.0,True,,1,0,0,1,1,0,0,0,0,0,0,0,1,0,0,1,0,0,1,0,0,0,"2026 gps smartwatches, 1.43” amoled",Premium,0
"toobur smart watch for men women alexa built-in, 1.95"" fitness tracker with answer/make calls, ip68 waterproof/heart rate/sleep tracker/100 sports, fitness watch compatible android ios",9245.0,4.2,4300.0,True,,0,0,0,0,0,0,0,1,1,0,1,0,1,1,0,1,1,0,0,1,1,0,toobur smart watch for men,Premium,1
"smart watch for men women(answer/make call), 2025 fitness activity tracker 1.57” smartwatch with heart rate/sleep monitor/pedometer/calories/110+ sports, ip68 waterproof fitness watch for android ios",4539.0,3.9,32.0,True,,0,0,0,0,0,0,0,0,1,0,1,0,1,0,0,1,1,0,0,1,1,0,smart watch for men women(answer/make,Mid-Range,0
"diyeeni k52 smart watch for men, outdoor bluetooth sports watch, 1.39in hd fitness sleep monitor for android ios, with pedometer sport mode",6000.0,3.5,18.0,True,,0,0,0,0,0,1,0,0,0,0,1,0,1,0,0,0,0,0,0,1,0,0,diyeeni k52 smart watch for,Mid-Range,0
"dpofirs smart watch with earbuds, reloj con audifonos incluidos adentro, 2.01 inch screen silicone band smartwatch headset fitness watch for ios for android black",7987.0,2.6,3.0,True,,0,0,0,0,0,0,0,0,0,0,0,0,0,0,0,0,0,0,0,0,0,0,"dpofirs smart watch with earbuds,",Premium,0
"smart watch for kids, 1.85"" fitness tracker with heart rate, sleep monitor, ip68 waterproof smartwatches with video music, pedometer, game, no app/phone, gift for boys girls",7436.0,4.3,14.0,True,,0,0,0,0,0,0,0,0,1,0,1,0,0,1,0,1,1,0,0,0,0,1,"smart watch for kids, 1.85""",Premium,0
"loekneue smartwatch for women, 1.83” fitness watch with blood pressure, calls/messages, female cycle tracking, heart rate & sleep monitor, ip68 waterproof for android & iphone",10039.0,3.9,79.0,True,,0,0,0,0,0,0,0,0,1,0,1,0,0,0,0,1,1,0,0,1,1,0,"loekneue smartwatch for women, 1.83”",Premium,0
ancool compatible fenix 5x plus band 26mm easy fit silicone smartwatch bands replacement for fenix 6x/fenix 6x pro/fenix 5x/fenix 5x plus/fenix 3/fenix 3 hr (orange),3309.0,4.4,65.0,True,,0,0,0,0,0,0,0,0,0,0,0,0,0,0,0,0,0,0,0,1,0,0,ancool compatible fenix 5x plus,Mid-Range,0
"1.6"" amoled men’s smart watch with bluetooth calls, 15-day battery life, ip68 waterproof, built-in flashlight, 110+ sports modes, heart rate/spo2/sleep tracking, compatible with android/ios",8040.0,4.0,6.0,True,,1,0,0,1,0,1,0,0,1,1,1,0,1,0,0,1,1,0,0,1,0,0,"1.6"" amoled men’s smart watch",Premium,0
"efolen smart watch for women answer/make call,1.27"" hd fitness tracker for android iphone,heart rate spo2 sleep monitor,ip68 waterproof digital watch,100+ sports activity trakcer pink",9254.0,4.2,8.0,True,,0,0,0,0,0,0,0,0,1,1,1,0,1,1,0,1,1,0,0,1,1,0,efolen smart watch for women,Premium,0
"smart watch (answer/make call) for men women, 2.02"" smartwatch with blood oxygen/blood pressure/heart rate/sleep monitor, ipx8 waterproof fitness tracker, 100+ sports modes compatible with ios android",7048.0,4.2,16.0,True,,0,0,0,0,0,0,0,0,1,0,1,1,1,1,0,1,0,0,0,1,1,0,smart watch (answer/make call) for,Premium,0
"smart watch 1.91"" hd smartwatches men women, fitness tracker bluetooth call, 112+ sports, ip68 waterproof, heart rate sleep monitor pedometer calories alarm clock, for ios android, rose pink",5351.0,4.0,1.0,True,,0,0,0,0,0,1,0,0,1,0,1,0,1,1,0,1,1,0,0,1,1,0,"smart watch 1.91"" hd smartwatches",Mid-Range,0
"bribejat smart watches for men, 1.76"" hd square touchscreen with heart rate/spo2/sleep monitor, make/answer calls, 123 sports modes, ip68 waterproof fitness watch for iphone android compatible (blue)",4641.0,4.0,92.0,True,,0,0,0,0,0,0,0,0,1,1,1,0,1,0,0,1,1,0,0,1,0,0,"bribejat smart watches for men,",Mid-Range,0
n8 2 in 1 smart bracelet tws wireless bluetooth headset combo wireless earphone smart watch bluetooth call heart rate blood pressure sleep monitor women men sport smart band (black),13072.0,3.1,64.0,True,,0,0,0,0,0,1,0,0,1,0,1,0,0,0,0,0,0,0,0,1,1,0,n8 2 in 1 smart,Premium,0
"d8pro 2.01"" tft smartwatch with earbuds smart watch tws wireless bluetooth headset health monitor fitness tracker bluetooth call music player (black steel)",9239.0,3.4,9.0,True,,0,0,0,0,0,1,0,0,0,0,0,0,0,1,0,0,0,0,0,0,0,0,"d8pro 2.01"" tft smartwatch with",Premium,0
"smart watch, amoled ultra-clear screen, 3atm swimming waterproof, answer/make calls, fitness tracker running watch, heart rate/sleep tracker/100 sports, compatible android/ios phone, pink",9511.0,4.3,115.0,True,,1,0,0,1,0,0,0,0,1,0,1,0,1,1,0,1,0,0,0,0,0,0,"smart watch, amoled ultra-clear screen,",Premium,0
"stecei smart watch for men women bluetooth call, smartwatch with heart rate/sleep monitor, sport modes fitness watch, coral pink",12276.0,4.0,72.0,True,,0,0,0,0,0,1,0,0,1,0,1,0,0,0,0,0,0,0,0,1,1,0,stecei smart watch for men,Premium,0
"military smart watches for men(answer/make calls), 1.39"" hd fitness watch, 24/7 heart rate sleep monitor, smart watch for men 110+ sport modes, 30day, ip68 waterproof smartwatch for android ios",10384.0,3.0,1.0,True,,0,0,0,0,0,0,0,0,1,0,1,0,0,0,0,1,1,0,0,1,0,0,military smart watches for men(answer/make,Premium,0
"4g kids smartwatch with call sos music camera, video alarm, pedometer, calculator, stopwatch, educational games, smart watch, phone with sim card for boys and girls 4-12",8084.0,2.0,1.0,True,,0,0,0,0,0,0,0,0,0,0,0,0,0,0,0,0,0,0,0,0,0,1,4g kids smartwatch with call,Premium,0
"yyky military smart watches for men - compass & flashlight - 2.01'' hd ip68 waterproof smart watch, fitness tracker with call, heart rate, sleep monitor,100+ sport modes, 40 days battery life",9612.0,3.8,24.0,True,,0,0,0,0,0,0,0,0,1,0,1,0,0,1,0,1,1,0,0,1,0,0,yyky military smart watches for,Premium,0
"uaue smart watch for men women (answer/make call), smartwatch fitness activity tracker, sports",4721.0,4.1,66.0,True,,0,0,0,0,0,0,0,0,0,0,0,0,1,0,0,0,0,0,0,1,1,0,uaue smart watch for men,Mid-Range,0
"mymax ts17 android/ios smart watch for men women, largest 1.75” screen & thinnest 8.5mm activity fitness tracker, with bluetooth 5.0, ip68 waterproof, blood pressure/heart rate monitor (fit m3, black)",10682.0,5.0,1.0,True,,0,0,0,0,0,1,0,0,1,0,0,0,0,1,0,1,1,0,0,1,1,0,mymax ts17 android/ios smart watch,Premium,0
"iaret smart watch for women, call receive/dial smartwatch for android ios phones, waterproof activity fitness tracker with full touch color screen heart rate sleep monitor pedometer, gifts for women",7160.0,3.9,81.0,True,,0,0,0,0,0,0,0,0,1,0,1,0,0,1,0,1,0,0,0,1,1,0,"iaret smart watch for women,",Premium,0
"smart watch for motorola edge+ (2022) - with bluetooth call, 1.9"" hd touch screen fitness tracker 50+ sport modes elegant activity tracker for android/ios phones - black",7434.0,5.0,1.0,True,,0,0,0,0,0,1,0,0,0,0,0,0,0,1,0,0,0,0,0,0,0,0,smart watch for motorola edge+,Premium,0
tixpc 4g kids smart watch for boys with gps tracker sim card location mobile phone sos calling waterproof voice chat alarm clock for ages 5-12 children birthday gifts (blue),8365.0,3.2,28.0,True,,0,0,0,0,1,0,1,0,0,0,0,0,0,0,0,1,0,0,0,0,0,1,tixpc 4g kids smart watch,Premium,0
"smart watches for men with bluetooth call,1.43"" amoled waterproof smartwatch with flashlight,111 sport modes,530mah heart rate/spo2/sleep monitor fitness tracker for android ios",9659.0,4.6,6.0,True,,1,0,0,1,0,1,0,0,1,1,1,0,0,1,0,1,0,0,0,1,0,0,smart watches for men with,Premium,0
"smart watch for google pixel 8 pro military smart watch for men (answer/make call), 1.85in hd tactical sports rugged smartwatch, fitness tracker watch for android/ios phones - black",8413.0,3.8,3.0,True,,0,0,0,0,0,0,0,0,0,0,0,0,1,1,0,0,0,0,0,1,0,0,smart watch for google pixel,Premium,0
fitturn replacement magnetic attraction usb charging cable cord charger cradle dock adapter holder compatible with uwatch/uwatch 2 2s/ uwatch 3/ ufit wristband smart watch charger -pins’ gap 2.84mm,1510.0,4.0,115.0,True,,0,0,0,0,0,0,0,0,0,0,0,0,0,0,0,0,0,0,0,1,0,0,fitturn replacement magnetic attraction usb,Budget,0
"toobur smart watch for women men, no phone no app needed,1.83"" fitness tracker watch with heart rate/step tracker/pedometer/sleep, ip68 waterproof metal smartwatch compatible ios android",5612.0,3.7,130.0,True,,0,0,0,0,0,0,0,0,1,0,1,0,0,1,0,1,1,0,0,1,1,0,toobur smart watch for women,Mid-Range,0
"yihou compass smart watch with led flashlight waterproof swimming watches, 2.01'' military fitness tracker rugged tactical smartwatch (answer/make call)",7505.0,4.2,3.0,True,,0,0,0,0,0,0,0,0,0,0,0,0,0,1,0,1,0,0,0,0,0,0,yihou compass smart watch with,Premium,0
"booomic smart watch with alexa built-in, 350mah battery, 1.83"" hd touchscreen fitness tracker, bluetooth notifications, ip68 waterproof, 120+ sport modes, pedometer, android smart watch",12987.0,4.0,2.0,True,,0,0,0,0,0,1,0,1,0,0,0,0,0,1,0,1,1,0,0,0,0,0,booomic smart watch with alexa,Premium,0
"aiunit compatible ionic bands for men women teens kids large small, strap sport accessory wristband design for ionic smart watch",1322.0,4.5,1200.0,True,,0,0,0,0,0,0,0,0,0,0,0,0,0,0,0,0,0,0,0,1,1,1,aiunit compatible ionic bands for,Budget,1
smartwatch for woman 1.59”,9849.0,3.7,18.0,True,,0,0,0,0,0,0,0,0,0,0,0,0,0,0,0,0,0,0,0,0,0,0,smartwatch for woman 1.59”,Premium,0
"fitpolo smart watches for men/women, 1.8'' alexa built-in fitness tracker watch with bluetooth calls, ip68 waterproof, heart rate/sleep/spo2/stress monitor, 110 sport modes for android & iphone",11937.0,4.3,113.0,False,,0,0,0,0,0,1,0,1,1,1,1,0,0,1,0,1,1,0,0,1,1,0,"fitpolo smart watches for men/women,",Premium,0
"military smartwatch for men with 2 smartwatch bands bluetooth calls for android ios, ip68 waterproof outdoor fitness tracker 1.96"" amoled screen- black&orange",6350.0,3.7,17.0,True,,1,0,0,1,0,1,0,0,0,0,0,0,0,1,0,1,1,0,0,1,0,0,military smartwatch for men with,Mid-Range,0
"smart watch (answer/make calls), 1.85"" smart watches for women men digital watch fitness tracker with 100+ sport modes heart rate monitor for ios android phones waterproof (light pink)",8686.0,4.3,52.0,True,,0,0,0,0,0,0,0,0,1,0,0,0,0,1,0,1,0,0,0,1,1,0,"smart watch (answer/make calls), 1.85""",Premium,0
"alphagear juliet smartwatch for iphone & android, style smart watch (answer/make call), wellness tracker with 1.32"" amoled screen, 10 days battery (2xscreen protector and 1x extra band included)",15303.0,3.6,26.0,True,,1,0,0,1,0,0,0,0,0,0,0,0,0,0,0,0,0,0,0,0,0,0,alphagear juliet smartwatch for iphone,Premium,0
"smart watches for women, fitness tracker watch with sleep/heart rate/spo2/blood pressure monitor, 1.85'' smartwatch for android iphone, calls/sms/notifications, 100+ sports modes, 300+ dials, 3 bands",7471.0,4.0,83.0,True,,0,0,0,0,0,0,0,0,1,1,1,0,1,1,0,0,0,0,0,1,1,0,"smart watches for women, fitness",Premium,0
"fitpolo fitness tracker with heart rate monitor, smart watch 1.3 inches color touch screen ip68 waterproof step calorie counter sleep monitoring pedometer watches activity trackers for women men kids",5689.0,4.1,12800.0,True,,0,0,0,0,0,0,0,0,1,0,1,0,0,1,0,1,1,0,0,1,1,1,fitpolo fitness tracker with heart,Mid-Range,1
"smart watches for women men[calls/2 bands/metal thin body] for android iphone samsung compatible,1.43"" micro-spherical amoled screen,ip68 waterproof sports watch (black steel)",8792.0,3.6,103.0,True,,1,0,0,1,0,0,0,0,0,0,0,0,1,0,0,1,1,0,0,1,1,0,smart watches for women men[calls/2,Premium,0
"rifephi smart watch for women, 1.39"" fitness watch with hr/bp/spo2 monitor, female cycle tracking, ip67 waterproof, 113 sport modes for android & iphone (silver)",10205.0,4.1,65.0,True,,0,0,0,0,0,0,0,0,0,1,0,0,0,0,0,1,0,1,0,1,1,0,"rifephi smart watch for women,",Premium,0
kids smart watches for girls boys toys ages 4-12 with 30+ games video recorder music alarm clock learning card hd touchscreen 4 5 6 7 8 year olds birthday gift,7994.0,4.5,62.0,True,,0,0,0,0,0,0,0,0,0,0,0,0,0,0,0,0,0,0,0,0,0,1,kids smart watches for girls,Premium,0
"iowodo smart watch for men women (answer/make calls), voice assistant, 1.85"" fitness watch with spo2 heart rate sleep monitor, 100 + sports, ip68 waterproof step counter smartwatch for ios android",8000.0,4.2,1000.0,True,,0,0,0,0,0,0,0,0,1,1,1,0,1,0,1,1,1,0,0,1,1,0,iowodo smart watch for men,Premium,0
"smart watch charger, magnetic usb smartwatch charging cable, 2 pin cord charger compatible for huawei 6 7 band 6 7 for honor 6 es watch (black)",889.0,4.6,51.0,True,,0,0,0,0,0,0,0,0,0,0,0,0,0,0,0,0,0,0,0,0,0,0,"smart watch charger, magnetic usb",Budget,0
"aolon smart watch for men women (answer/make calls), 1.46"" ips hd screen, fitness tracker, 100+ sport modes, blood oxygen/sleep/heart rate monitor, ip67 waterproof, smartwatch for android ios, black",8258.0,3.4,33.0,True,,0,0,0,0,0,0,0,0,1,0,1,1,0,1,0,1,0,1,0,1,1,0,aolon smart watch for men,Premium,0
"minecraft kids smart watch with touchscreen display, 10 watch faces, games, camera, alarm, timer, step counter & calculator – fun interactive learning watch for boys & girls, fits wrist sizes 5.5""-8"",",8280.0,4.3,14.0,True,,0,0,0,0,0,0,0,0,0,0,0,0,0,0,1,0,0,0,0,0,0,1,minecraft kids smart watch with,Premium,0
"parsonver smart watch, 5atm waterproof swimming watch, fitness activity tracker with 110+ sports modes, heart rate/sleep/spo2/calories monitor, pedometer, fitness watch for android & iphone, rose gold",5501.0,3.8,502.0,True,,0,0,0,0,0,0,0,0,1,1,1,0,1,0,0,1,0,0,1,0,0,0,"parsonver smart watch, 5atm waterproof",Mid-Range,0
"h9 pro max fitness smartwatch with 2.01-inch ips display, heart rate tracking, ip67 waterproof,laxasfit app compatible (black)",5313.0,3.5,5.0,True,,0,0,0,0,0,0,0,0,1,0,0,0,0,0,0,1,0,1,0,0,0,0,h9 pro max fitness smartwatch,Mid-Range,0
tixpc 4g kids smart watch boy with gps tracker location video call cell phone sos calling voice chat camera alarm clock for age 5-12 kids (black),11655.0,3.7,5.0,True,,0,0,0,0,1,0,1,0,0,0,0,0,0,0,0,0,0,0,0,0,0,1,tixpc 4g kids smart watch,Premium,0
"sunkta smart watch for women(answer/make calls),1.32"" amoled display smart watch with heart rate,clories tracker 100+ sports modes, diy watch face women smartwatch for android ios 2 straps",8378.0,4.5,5.0,True,,1,0,0,1,0,0,0,0,1,0,0,0,1,0,0,0,0,0,0,1,1,0,sunkta smart watch for women(answer/make,Premium,0
"smart watch for women android & iphone, alexa built-in, 1.8"" touch screen fitness tracker with answer/make calls, ip68 waterproof heart rate/sleep/spo2 monitor, pedometer, 100+ sport modes, white",10969.0,3.4,21.0,True,,0,0,0,0,0,0,0,1,1,1,1,0,0,1,0,1,1,0,0,1,1,0,smart watch for women android,Premium,0
"stecei smart watch for men women bluetooth call, 1.85"" hd screen smartwatch with heart rate/sleep monitor, ip68 waterproof, fitness watch android ios, deep blue",4115.0,4.1,21.0,True,,0,0,0,0,0,1,0,0,1,0,1,0,0,0,0,1,1,0,0,1,1,0,stecei smart watch for men,Mid-Range,0
"military smart watches for men(answer/make calls), 1.39"" hd fitness watch, 24/7 heart rate sleep monitor, smart watch for men 110+ sport modes, 30day, ip68 waterproof smartwatch for android ios",7787.0,3.5,12.0,True,,0,0,0,0,0,0,0,0,1,0,1,0,0,0,0,1,1,0,0,1,0,0,military smart watches for men(answer/make,Premium,0
"200mah x-longer smartwatch battery for garmin approach s1, approach s3, approach s4 (361-00047-00, 361-00064-00)",5007.0,4.0,2.0,True,,0,0,0,0,0,0,0,0,0,0,0,0,0,0,0,0,0,0,0,0,0,0,200mah x-longer smartwatch battery for,Mid-Range,0
"smart watch, 1.83"" hd smart watches for women, fitness tracker watch with heart rate/sleep monitor/spo2, 100+ sports, ip67 waterproof smartwatch with bluetooth 5.2 for android iphone, pink",4324.0,3.9,232.0,True,,0,0,0,0,0,1,0,0,1,1,1,0,1,1,0,1,0,1,0,1,1,0,"smart watch, 1.83"" hd smart",Mid-Range,0
"uaue smart watch, 1.91"" hd smartwatch for men women(answer/make call), 112+ sports modes fitness activity tracker, calories/heart rate/sleep monitor, ip68 waterproof step counter for android ios",7930.0,4.5,12.0,True,,0,0,0,0,0,0,0,0,1,0,1,0,1,0,1,1,1,0,0,1,1,0,"uaue smart watch, 1.91"" hd",Premium,0
"smart watch for motorola moto g (2024) - with bluetooth call, 1.9"" hd touch screen fitness tracker 50+ sport modes elegant activity tracker for android/ios phones - black",8328.0,3.4,3.0,True,,0,0,0,0,0,1,0,0,0,0,0,0,0,1,0,0,0,0,0,0,0,0,smart watch for motorola moto,Premium,0
"trausi smart watches for women men, 1.83"" hd smartwatch with 120 sports modes, ip67 waterproof, bluetooth call and music control；heart rate and sleep monitor (pink)",5094.0,4.0,35.0,True,,0,0,0,0,0,1,0,0,1,0,1,0,1,0,0,1,0,1,0,1,1,0,trausi smart watches for women,Mid-Range,0
"armitron connect sync smartwatch, health and fitness tracker, sport modes, water resistant and more",13706.0,3.6,42.0,True,,0,0,0,0,0,0,0,0,0,0,0,0,0,1,0,0,0,0,0,0,0,0,"armitron connect sync smartwatch, health",Premium,0
"sports&rugged smartwatch for men women,cnc aluminum alloy frame,1.83” full touch display,bluetooth call,fitness tracker 28 sports modes,heart rate,sleep monitor,compatible with ios & android",4548.0,3.7,6.0,True,,0,0,0,0,0,1,0,0,1,0,1,0,1,1,0,0,0,0,0,1,1,0,"sports&rugged smartwatch for men women,cnc",Mid-Range,0
filiekeu smart watches men women answer/make calls touch screen fitness tracker with heart rate blood oxygen blood pressure monitor 100+ sports modes waterproof smart watch black for android ios black,8142.0,4.2,25.0,True,,0,0,0,0,0,0,0,0,1,0,0,1,1,1,0,1,0,0,0,1,1,0,filiekeu smart watches men women,Premium,0
"smart watch, 1.83"" upgraded full touchscreen smart watch for android iphones with heart rate blood pressure monitor, multiple sports fitness tracker with smart watches for women men (gold)",4165.0,4.0,359.0,True,,0,0,0,0,0,0,0,0,1,0,0,0,1,1,0,0,0,0,0,1,1,0,"smart watch, 1.83"" upgraded full",Mid-Range,0
"setracker m2 calling kids smart watch for boys & girls | two-way calling, sos, location tracking, camera | 4g/5g sim supported | app control | voice chat (pink)",2725.0,3.6,33.0,True,,0,0,0,0,0,0,1,0,0,0,0,0,0,0,0,0,0,0,0,0,0,1,setracker m2 calling kids smart,Budget,0
smart watches for women(answer/make call) 1.85'' touch screen fitness tracker watch with heart rate sleep blood oxygen monitor step calorie 19 sports modes digital watch for ios android phones,9053.0,4.2,16.0,True,,0,0,0,0,0,0,0,0,1,0,1,1,1,1,0,0,0,0,0,1,1,0,smart watches for women(answer/make call),Premium,0
smart watch for women (silver-red),7930.0,4.0,101.0,True,,0,0,0,0,0,0,0,0,0,0,0,0,0,0,0,0,0,0,0,1,1,0,smart watch for women (silver-red),Premium,0
"smart watch for motorola moto g power 5g (2024) - with bluetooth call, 1.9"" hd touch screen fitness tracker 50+ sport modes elegant activity tracker for android/ios phones - black",8328.0,1.7,5.0,True,,0,0,0,0,0,1,0,0,0,0,0,0,0,1,0,0,0,0,0,0,0,0,smart watch for motorola moto,Premium,0
"smart watch (answer/make calls), 1.96"" hd screen smartwatch for men women 113+ sport modes, fitness activity tracker heart rate/sleep monitor/pedometer, ip68 waterproof, smart watches for android ios",5188.0,4.2,148.0,True,,0,0,0,0,0,0,0,0,1,0,1,0,0,0,0,1,1,0,0,1,1,0,"smart watch (answer/make calls), 1.96""",Mid-Range,0
samsung gear s2 r730 accessory bands silicone large ecsem replacment wristbands for samsung galaxy gear s2 r730 r720 smart watch activity fitness trackers - gear s2 bands black black large gear s2 bands,904.0,4.4,584.0,True,,0,0,0,0,0,0,0,0,0,0,0,0,0,1,0,0,0,0,0,1,0,0,samsung gear s2 r730 accessory,Budget,0
"smart watch for google pixel 8a - with led flashlight, 1.43"" amoled display, outdoor smartwatch with compass/altitude/air pressure, waterproof fitness tracker watch",8882.0,4.0,1.0,True,,1,0,0,1,0,0,0,0,0,0,0,0,0,1,0,1,0,0,0,0,0,0,smart watch for google pixel,Premium,0
"simpeak frame for fitbit blaze (pack of 3), replacement accessory stainless steel frame for fit bit blaze smart watch, black, silver, rose gold",2010.0,4.6,434.0,True,,0,0,0,0,0,0,0,0,0,0,0,0,0,0,0,0,0,0,0,1,0,0,simpeak frame for fitbit blaze,Budget,0
"yunir smart watch with earbuds, 2.01 hd smartwatch health and fitness tracker for men women answer make calls fitness watch forios forandroid, black",8338.0,3.1,13.0,True,,0,0,0,0,0,0,0,0,0,0,0,0,0,1,0,0,0,0,0,1,1,0,"yunir smart watch with earbuds,",Premium,0
"tocelffe smart watch for men(answer/make call), ip68 waterproof sports smartwatch outdoor with heart rate, sleep monitor, fitness tracker",8300.0,3.0,1.0,True,,0,0,0,0,0,0,0,0,1,0,1,0,1,1,0,1,1,0,0,1,0,0,tocelffe smart watch for men(answer/make,Premium,0
"smart watch for men women answer/make calls, 1.95"" touch smartwatch for men, 110+ sports modes with heart rate sleep monitor step counter, black",3618.0,3.8,66.0,True,,0,0,0,0,0,0,0,0,1,0,1,0,1,0,1,0,0,0,0,1,1,0,smart watch for men women,Mid-Range,0
"smart watch for men women (answer/make calls), 1.57"" curved screen fitness tracker, smartwatch with 24/7 heart rate/sleep monitor, two straps activity trackers, compatible with android & ios",9043.0,2.7,5.0,True,,0,0,0,0,0,0,0,0,1,0,1,0,0,1,0,0,0,0,0,1,1,0,smart watch for men women,Premium,0
kids smart watch girls boys - smart watch for kids game watch gifts for 4-12 years old with 26 games camera alarm video music player pedometer flashlight birthday gift for boys girls (5 black),4138.0,4.1,506.0,True,,0,0,0,0,0,0,0,0,0,0,0,0,0,0,0,0,0,0,0,0,0,1,kids smart watch girls boys,Mid-Range,0
coucur smart watch for men women 061609,4340.0,4.2,69.0,True,,0,0,0,0,0,0,0,0,0,0,0,0,0,0,0,0,0,0,0,1,1,0,coucur smart watch for men,Mid-Range,0
"military smart watch sport fitness tracker, with led flashlight, 3atm waterproof answer/make calls messages notification,heart rate blood oxygen sleep monitor, 2.02“ big screen, for iphone/android",7284.0,4.0,19.0,True,,0,0,0,0,0,0,0,0,1,0,1,1,0,1,0,1,0,0,0,0,0,0,military smart watch sport fitness,Premium,0
"smart watch for men women, 1000mah battery 100-day standby time, 1.85"" hd screen fitness tracker, 110+ sport modes, ip68 waterproof, heart rate/sleep monitor, fitness watch for android/ios (black)",6162.0,4.5,31.0,True,,0,0,0,0,0,0,0,0,1,0,1,0,0,1,0,1,1,0,0,1,1,0,"smart watch for men women,",Mid-Range,0
"boat chrome ivory smart watch for women, co-designed with giva, 1.7"" amoled display, 1000 nits brightness, premium metallic build, female wellness tracker smartwatch for women (pearl glow)",4499.0,4.7,53.0,True,,1,0,0,1,0,0,0,0,0,0,0,0,0,0,0,0,0,0,0,1,1,0,boat chrome ivory smart watch,Mid-Range,0
"gelishi compatible with fitbit versa 3 bands with bumper,tpu sport protective case rugged protector replacement strap accessories for fitbit sense/fitbit versa 3 smart watch",3929.0,4.3,744.0,True,,0,0,0,0,0,0,0,0,0,0,0,0,0,0,0,0,0,0,0,1,0,0,gelishi compatible with fitbit versa,Mid-Range,0
"smart watch for women(answer/make call), 2025 hd fitness activity tracker 1.57” smartwatch with heart rate/sleep monitor/pedometer/calories/110+ sports, ip68 waterproof fitness watch for android ios",4578.0,4.0,5.0,True,,0,0,0,0,0,0,0,0,1,0,1,0,1,0,0,1,1,0,0,1,1,0,"smart watch for women(answer/make call),",Mid-Range,0
"qghxo band for amazfit gts, soft silicone watch band for huami amazfit gts/amazfit gtr 42mm / amazfit bip/amazfit bip lite smart watch (no tracker, bands only)",3224.0,4.5,158.0,True,,0,0,0,0,0,0,0,0,0,0,0,0,0,0,0,0,0,0,0,0,0,0,"qghxo band for amazfit gts,",Mid-Range,0
"smart watches for women, 1.85""fitness tracker watch with heart rate/sleep monitor/ spo2 monitor, 120+ sport modes fitness watches for women/men,waterproof android smart watch for phones(rose gold)",9695.0,3.6,11.0,True,,0,0,0,0,0,0,0,0,1,1,1,0,0,1,0,1,0,0,0,1,1,0,"smart watches for women, 1.85""fitness",Premium,0
"curve military smart watch for men(answer/make call), 2.01"" smartwatch with heart rate/sleep monitor, fitness tracker with 120+ sports modes ip68 waterproof fitness watch for android ios (2 straps)",5468.0,3.6,26.0,True,,0,0,0,0,0,0,0,0,1,0,1,0,1,1,0,1,1,0,0,1,0,0,curve military smart watch for,Mid-Range,0
"3plus vibe pro watch series 1.78in large amoled touch screen display, health & fitness, 21-day battery, sleep tracker smart watch, bo2, heart rate, 5atm waterproof",8883.0,3.5,81.0,True,,1,0,0,1,0,0,0,0,1,0,1,0,0,0,0,1,0,0,1,0,0,0,3plus vibe pro watch series,Premium,0
"kooogear smart watches for men women (answer/make call), 1.91"" hd fitness watch with 110+ activity tracker, sleep monitor,ip68 waterproof, smartwatch for android/ios (black)",4529.0,5.0,3.0,True,,0,0,0,0,0,0,0,0,0,0,1,0,0,0,0,1,1,0,0,1,1,0,kooogear smart watches for men,Mid-Range,0
egeek watch band/strap for pebble time smartwatch band replacement accessories with metal clasps watch strap/wristband silicone,1858.0,4.2,411.0,True,,0,0,0,0,0,0,0,0,0,0,0,0,0,0,0,0,0,0,0,1,0,0,egeek watch band/strap for pebble,Budget,0
"smart watch for women(answer/make call), 1.19"" amoed smartwatch for android iphone,fitness tracker with 120+ sport modes, ip68 waterproof, heart rate/sleep/spo2 monitor, activity tracker rose gold",6966.0,3.7,29.0,True,,0,0,0,0,0,0,0,0,1,1,1,0,0,1,0,1,1,0,0,1,1,0,"smart watch for women(answer/make call),",Mid-Range,0
"smart watch for men(answer/make calls),built-in gps,2.1"" touch screen fitness tracker, heart rate/sleep/spo2 monitor, pedometer,110+ sport mode smartwatch for android phone, a2",5559.0,3.9,35.0,True,,0,0,0,0,1,0,0,0,1,1,1,0,0,1,0,0,0,0,0,1,0,0,"smart watch for men(answer/make calls),built-in",Mid-Range,0
"boat new launch storm infinity max, 20 days maximum battery, biggest battery capacity ever! 2.01"" (5.1cm) display, functional crown, ai nudges, bt calling, smart watch for men & women (sports blue)",1549.0,4.0,873.0,True,,0,0,0,0,0,0,1,0,0,0,0,0,1,0,0,0,0,0,0,1,1,0,boat new launch storm infinity,Budget,0
zjx smart watch with earbuds,13023.0,4.8,6.0,True,,0,0,0,0,0,0,0,0,0,0,0,0,0,0,0,0,0,0,0,0,0,0,zjx smart watch with earbuds,Premium,0
"tozo s2 44mm smart watch alexa built-in fitness tracker with heart rate and blood oxygen monitor,sleep monitor 5atm waterproof hd touchscreen for men women compatible with iphone&android",6162.0,4.1,10200.0,True,,0,0,0,0,0,0,0,1,1,0,1,1,0,1,0,1,0,0,1,1,1,0,tozo s2 44mm smart watch,Mid-Range,1
kids smart watch for boys girls 6-12 with pedometer audio book camera music player birthday (pink)…,7289.0,4.7,5.0,True,,0,0,0,0,0,0,0,0,0,0,0,0,0,0,0,0,0,0,0,0,0,1,kids smart watch for boys,Premium,0
"zitel charger compatible with huawei watch fit 4 / fit4 pro smartwatch, magnetic dock usb charging cable (100cm,white)",999.0,5.0,2.0,True,,0,0,0,0,0,0,0,0,0,0,0,0,0,0,0,0,0,0,0,0,0,0,zitel charger compatible with huawei,Budget,0
fastrack reflex beat+ 1.69” ultravu display|500 nits brightness|60 sports modes|24 * 7 heart rate monitor|spo2 monitor|sleep tracker|ip68 water resistant|music & camera control,1799.0,3.9,3600.0,True,,0,0,0,0,0,0,0,0,1,1,1,0,1,0,0,0,1,0,0,0,0,0,fastrack reflex beat+ 1.69” ultravu,Budget,0
sp281928sf lssp281928 battery replacement compatible with fitbit versa 2 fb507 health smartwatch 165mah 3.85v,5385.0,3.2,23.0,True,,0,0,0,0,0,0,0,0,0,0,0,0,0,0,0,0,0,0,0,1,0,0,sp281928sf lssp281928 battery replacement compatible,Mid-Range,0
"5 pack case for samsung galaxy watch 3 41mm/45mm, shock-proof hard pc protector slim cover all-around scratch translucent protective bumper shell for galaxy watch 3 smartwatch accessories (41mm)",2609.0,4.1,25.0,True,,0,0,0,0,0,0,0,0,0,0,0,0,0,0,0,0,0,0,0,0,0,0,5 pack case for samsung,Budget,0
chofit 7 pack case compatible with amazfit gts 2/gts 2e protective case all-around tpu anti-scratch case bumper cover for amazfit gts 2/gts 2e smartwatch accessories,3226.0,3.9,335.0,True,,0,0,0,0,0,0,0,0,0,0,0,0,0,0,0,0,0,0,0,0,0,0,chofit 7 pack case compatible,Mid-Range,0
smart watch x9 (black),9716.0,4.2,40.0,True,,0,0,0,0,0,0,0,0,0,0,0,0,0,0,0,0,0,0,0,0,0,0,smart watch x9 (black),Premium,0
"kids smart watch for boys and girls ages 4-12, hd touchscreen with games, camera,music player, alarm clock, flashlight – gift for kids 5-12 years old（dark blue）",6991.0,4.1,19.0,True,,0,0,0,0,0,0,0,0,0,0,0,0,0,0,0,0,0,0,0,0,0,1,kids smart watch for boys,Mid-Range,0
"aliwisdom universal smart watch charger magnetic, da fit smartwatch accessories 2 pin magnetic replacement charger compatible cable contact pin spacing 2.54mm - 2.84mm [2 pack] model a + model b",2953.0,4.2,200.0,True,,0,0,0,0,0,0,0,0,0,0,0,0,0,0,0,0,0,0,0,1,0,0,aliwisdom universal smart watch charger,Budget,0
zitel® case compatible with garmin forerunner 165/165 music smartwatch bumper cover soft shell (without screen protector) - black,999.0,4.3,22.0,True,,0,0,0,0,0,0,0,0,0,0,0,0,0,0,0,0,0,0,0,0,0,0,zitel® case compatible with garmin,Budget,0
"fitness tracker (answer/dial call), smart watch with 1.47"" hd touch display, 130+ sport modes fitness watch with 24/7 heart rate blood oxygen and sleep monitor, ip68 waterproof tracker for women men",8419.0,3.4,9.0,True,,0,0,0,0,0,0,0,0,1,0,1,1,0,1,0,1,1,0,0,1,1,0,"fitness tracker (answer/dial call), smart",Premium,0
"fitpolo smart watches for women men, alexa built-in 1.8"" fitness tracker watch for android ios, waterproof activity trackers with 100 sports, gps via phone, heart rate sleep spo2 monitor",7343.0,4.1,332.0,True,,0,0,0,0,1,0,0,1,1,1,1,0,1,1,0,1,0,0,0,1,1,0,fitpolo smart watches for women,Premium,0
"tusita charger for suunto 3 fitness,traverse, kailash,spartan trainer, ambit 1 2 3 - usb charging cable clip cradle 100cm - smartwatch accessories",880.0,4.6,1800.0,False,,0,0,0,0,0,0,0,0,0,0,0,0,0,0,0,0,0,0,0,0,0,0,tusita charger for suunto 3,Budget,1
smart watch charger adapter dock with micro usb cable for lg g w100 smartwatch black,2169.0,3.4,9.0,True,,0,0,0,0,0,0,0,0,0,0,0,0,0,0,0,0,0,0,0,0,0,0,smart watch charger adapter dock,Budget,0
"impact band™ smartwatch protection band with d3o® | impact-reactive flip-up protection for contact sports & training | fits apple watch & most smartwatches (42mm–49mm), black, small",10278.0,3.7,102.0,True,,0,0,0,0,0,0,0,0,0,0,0,0,1,0,0,0,0,0,0,0,0,0,impact band™ smartwatch protection band,Premium,0
"punnkfunnk q18 kids smart watch, 2g/3g connectivity, two-way calling, voice calling, gps tracker, sos function, camera & water rasistence, smartwatch for kids - boys & girls - (green)",1499.0,3.5,93.0,False,,0,0,0,0,1,0,1,0,0,0,0,0,0,0,0,0,0,0,0,0,0,1,"punnkfunnk q18 kids smart watch,",Budget,0
"smart watches for men women(call receive/dial),2.01” touch screen fitness tracker with blood pressure/heart rate/sleep monitor, 120+sports modes, ip68 waterproof smartwatch for android iphone, sliver",5388.0,4.1,405.0,True,,0,0,0,0,0,0,0,0,1,0,1,0,1,1,0,1,1,0,0,1,1,0,smart watches for men women(call,Mid-Range,0
"jacoosa ‌smart watch for men women – 1000mah battery, 100-day standby, 1.85"" hd screen, 110+ sport modes, ip68 waterproof, heart rate & sleep monitor, android/iphone (black)",6792.0,4.2,189.0,True,,0,0,0,0,0,0,0,0,1,0,1,0,0,0,0,1,1,0,0,1,1,0,jacoosa ‌smart watch for men,Mid-Range,0
"smart watch for men with answer/make calls, fitness tracker watch with waterproof 200+sports modes health monitor sleep monitor for ios android",6830.0,4.0,44.0,True,,0,0,0,0,0,0,0,0,0,0,1,0,1,1,0,1,0,0,0,1,0,0,smart watch for men with,Mid-Range,0
"smart watch for women (answer/make calls) compatible with iphone/android phones - 1.83"" hd screen fitness tracker : heart rate/sleep/blood oxygen/steps, multiple sports tracker watch waterproof",6198.0,4.2,1500.0,True,,0,0,0,0,0,0,0,0,1,0,1,1,1,1,0,1,0,0,0,1,1,0,smart watch for women (answer/make,Mid-Range,1
"smartwatch battery for fitbit charge 3, fb409,fits lss271621, 65mah",1450.0,5.0,1.0,False,,0,0,0,0,0,0,0,0,0,0,0,0,0,0,0,0,0,0,0,0,0,0,smartwatch battery for fitbit charge,Budget,0
simpeak replacement women men stainless steel metal band strap with stailess steel frame for fitbit blaze smartwatch (match link removal tool) - black,2797.0,4.5,850.0,True,,0,0,0,0,0,0,0,0,0,0,0,0,0,0,0,0,0,0,0,1,1,0,simpeak replacement women men stainless,Budget,0
smart watch for men women fitness: waterproof make/answer call smart watches for men digital mens watches running step tracker smartwatch android phones iphone samsung compatible heart rate monitor,8566.0,3.8,77.0,True,,0,0,0,0,0,0,0,0,1,0,0,0,0,0,0,1,0,0,0,1,1,0,smart watch for men women,Premium,0
"sports smartwatch for men women, cnc aluminum alloy frame, 1.83” full touch display, bluetooth call, fitness tracker with 28 modes, sleep monitor, compatible with ios & android",4385.0,3.9,13.0,True,,0,0,0,0,0,1,0,0,0,0,1,0,1,1,0,0,0,0,0,1,1,0,"sports smartwatch for men women,",Mid-Range,0
"gt01 smartwatch band, lamshaw breathable nylon woven fabric replacement accessory strap compatible for dirrelo gt01 / letscom gt01 1.55"" / hamile smart watch / fitpolo gt01 smartwatch (pink)",3200.0,4.3,14.0,True,,0,0,0,0,0,0,0,0,0,0,0,0,0,0,0,0,0,0,0,1,0,0,"gt01 smartwatch band, lamshaw breathable",Mid-Range,0
"aiunit compatible ionic bands for men women teens kids large small, strap sport accessory wristband design for ionic smart watch",1232.0,4.5,1200.0,True,,0,0,0,0,0,0,0,0,0,0,0,0,0,0,0,0,0,0,0,1,1,1,aiunit compatible ionic bands for,Budget,1
"smart watch for men women, 1.95"" hd smartwatch with heart rate monitor sleep monitor, ip68 waterproof, 120 sports activity trackers with pedometer",7053.0,3.8,36.0,True,,0,0,0,0,0,0,0,0,1,0,1,0,1,0,0,1,1,0,0,1,1,0,"smart watch for men women,",Premium,0
"uaue smartwatch with answer/make calls, heart rate/sleep/spo2 monitor, sports step counter",5773.0,2.0,1.0,True,,0,0,0,0,0,0,0,0,1,1,1,0,1,0,1,0,0,0,0,0,0,0,"uaue smartwatch with answer/make calls,",Mid-Range,0
coucur smart watch for men women y66xd0813i,3434.0,3.6,76.0,True,,0,0,0,0,0,0,0,0,0,0,0,0,0,0,0,0,0,0,0,1,1,0,coucur smart watch for men,Mid-Range,0
"smart watches for women men (make/answer calls), bluetooth smart watch with heart rate/spo2/sleep monitor, 110+ sport modes waterproof fitness watch, fitness tracker watch for android phones/iphones",7814.0,3.7,4.0,True,,0,0,0,0,0,1,0,0,1,1,1,0,0,1,0,1,0,0,0,1,1,0,smart watches for women men,Premium,0
"archer watch straps archer watch straps | silicone quick release soft rubber replacement watch bands for men and women, watches and smartwatches (british racing green, 20mm)",4590.0,4.6,474.0,True,,0,0,0,0,0,0,0,0,0,0,0,0,0,0,0,0,0,0,0,1,1,0,archer watch straps archer watch,Mid-Range,0
"smart watch for men women, fitness watch compatible with iphone android phone,1.92 inch full touchscreen ip68 waterproof bluetooh fitness tracker with heart rate/sleep monitor, yellow",6611.0,3.4,15.0,True,,0,0,0,0,0,0,0,0,1,0,1,0,0,1,0,1,1,0,0,1,1,0,"smart watch for men women,",Mid-Range,0
"marvel spider-man smart watch for kids – fun features with camera, voice recorder, step tracker, and games, white ghost, 40 millimeters, smart watch",7994.0,4.3,160.0,True,,0,0,0,0,0,0,0,0,0,0,0,0,0,0,0,0,0,0,0,0,0,1,marvel spider-man smart watch for,Premium,0
